/*
-- Query: SELECT * FROM cecs323sec07bg02.appetizer
LIMIT 0, 1000

-- Date: 2018-12-11 09:57
*/
INSERT INTO `appetizer` (`dishName`) VALUES ('Egg Rolls');
INSERT INTO `appetizer` (`dishName`) VALUES ('Fried Rice');
INSERT INTO `appetizer` (`dishName`) VALUES ('Jalapeno Poppers');
INSERT INTO `appetizer` (`dishName`) VALUES ('White Rice');




/*
-- Query: SELECT * FROM cecs323sec07bg02.availableEmployee
LIMIT 0, 1000

-- Date: 2018-12-11 09:59
*/
INSERT INTO `availableEmployee` (`staffID`,`calendarDate`) VALUES (101,'2017-01-01');
INSERT INTO `availableEmployee` (`staffID`,`calendarDate`) VALUES (102,'2017-01-01');
INSERT INTO `availableEmployee` (`staffID`,`calendarDate`) VALUES (103,'2017-01-01');
INSERT INTO `availableEmployee` (`staffID`,`calendarDate`) VALUES (104,'2017-01-01');
INSERT INTO `availableEmployee` (`staffID`,`calendarDate`) VALUES (105,'2017-01-01');
INSERT INTO `availableEmployee` (`staffID`,`calendarDate`) VALUES (106,'2017-01-01');
INSERT INTO `availableEmployee` (`staffID`,`calendarDate`) VALUES (107,'2017-01-01');
INSERT INTO `availableEmployee` (`staffID`,`calendarDate`) VALUES (108,'2017-01-01');
INSERT INTO `availableEmployee` (`staffID`,`calendarDate`) VALUES (109,'2017-01-01');
INSERT INTO `availableEmployee` (`staffID`,`calendarDate`) VALUES (110,'2017-01-01');
INSERT INTO `availableEmployee` (`staffID`,`calendarDate`) VALUES (111,'2017-01-01');
INSERT INTO `availableEmployee` (`staffID`,`calendarDate`) VALUES (112,'2017-01-01');
INSERT INTO `availableEmployee` (`staffID`,`calendarDate`) VALUES (113,'2017-01-01');
INSERT INTO `availableEmployee` (`staffID`,`calendarDate`) VALUES (101,'2017-01-08');
INSERT INTO `availableEmployee` (`staffID`,`calendarDate`) VALUES (102,'2017-01-08');
INSERT INTO `availableEmployee` (`staffID`,`calendarDate`) VALUES (103,'2017-01-08');
INSERT INTO `availableEmployee` (`staffID`,`calendarDate`) VALUES (104,'2017-01-08');
INSERT INTO `availableEmployee` (`staffID`,`calendarDate`) VALUES (105,'2017-01-08');
INSERT INTO `availableEmployee` (`staffID`,`calendarDate`) VALUES (106,'2017-01-08');
INSERT INTO `availableEmployee` (`staffID`,`calendarDate`) VALUES (107,'2017-01-08');
INSERT INTO `availableEmployee` (`staffID`,`calendarDate`) VALUES (108,'2017-01-08');
INSERT INTO `availableEmployee` (`staffID`,`calendarDate`) VALUES (109,'2017-01-08');
INSERT INTO `availableEmployee` (`staffID`,`calendarDate`) VALUES (110,'2017-01-08');
INSERT INTO `availableEmployee` (`staffID`,`calendarDate`) VALUES (111,'2017-01-08');
INSERT INTO `availableEmployee` (`staffID`,`calendarDate`) VALUES (112,'2017-01-08');
INSERT INTO `availableEmployee` (`staffID`,`calendarDate`) VALUES (113,'2017-01-08');
INSERT INTO `availableEmployee` (`staffID`,`calendarDate`) VALUES (101,'2017-02-05');
INSERT INTO `availableEmployee` (`staffID`,`calendarDate`) VALUES (102,'2017-02-05');
INSERT INTO `availableEmployee` (`staffID`,`calendarDate`) VALUES (103,'2017-02-05');
INSERT INTO `availableEmployee` (`staffID`,`calendarDate`) VALUES (104,'2017-02-05');
INSERT INTO `availableEmployee` (`staffID`,`calendarDate`) VALUES (105,'2017-02-05');
INSERT INTO `availableEmployee` (`staffID`,`calendarDate`) VALUES (106,'2017-02-05');
INSERT INTO `availableEmployee` (`staffID`,`calendarDate`) VALUES (107,'2017-02-05');
INSERT INTO `availableEmployee` (`staffID`,`calendarDate`) VALUES (108,'2017-02-05');
INSERT INTO `availableEmployee` (`staffID`,`calendarDate`) VALUES (109,'2017-02-05');
INSERT INTO `availableEmployee` (`staffID`,`calendarDate`) VALUES (110,'2017-02-05');
INSERT INTO `availableEmployee` (`staffID`,`calendarDate`) VALUES (111,'2017-02-05');
INSERT INTO `availableEmployee` (`staffID`,`calendarDate`) VALUES (112,'2017-02-05');
INSERT INTO `availableEmployee` (`staffID`,`calendarDate`) VALUES (113,'2017-02-05');
INSERT INTO `availableEmployee` (`staffID`,`calendarDate`) VALUES (101,'2017-02-12');
INSERT INTO `availableEmployee` (`staffID`,`calendarDate`) VALUES (102,'2017-02-12');
INSERT INTO `availableEmployee` (`staffID`,`calendarDate`) VALUES (103,'2017-02-12');
INSERT INTO `availableEmployee` (`staffID`,`calendarDate`) VALUES (104,'2017-02-12');
INSERT INTO `availableEmployee` (`staffID`,`calendarDate`) VALUES (105,'2017-02-12');
INSERT INTO `availableEmployee` (`staffID`,`calendarDate`) VALUES (106,'2017-02-12');
INSERT INTO `availableEmployee` (`staffID`,`calendarDate`) VALUES (107,'2017-02-12');
INSERT INTO `availableEmployee` (`staffID`,`calendarDate`) VALUES (108,'2017-02-12');
INSERT INTO `availableEmployee` (`staffID`,`calendarDate`) VALUES (109,'2017-02-12');
INSERT INTO `availableEmployee` (`staffID`,`calendarDate`) VALUES (110,'2017-02-12');
INSERT INTO `availableEmployee` (`staffID`,`calendarDate`) VALUES (111,'2017-02-12');
INSERT INTO `availableEmployee` (`staffID`,`calendarDate`) VALUES (112,'2017-02-12');
INSERT INTO `availableEmployee` (`staffID`,`calendarDate`) VALUES (113,'2017-02-12');
INSERT INTO `availableEmployee` (`staffID`,`calendarDate`) VALUES (101,'2017-03-05');
INSERT INTO `availableEmployee` (`staffID`,`calendarDate`) VALUES (102,'2017-03-05');
INSERT INTO `availableEmployee` (`staffID`,`calendarDate`) VALUES (103,'2017-03-05');
INSERT INTO `availableEmployee` (`staffID`,`calendarDate`) VALUES (104,'2017-03-05');
INSERT INTO `availableEmployee` (`staffID`,`calendarDate`) VALUES (105,'2017-03-05');
INSERT INTO `availableEmployee` (`staffID`,`calendarDate`) VALUES (106,'2017-03-05');
INSERT INTO `availableEmployee` (`staffID`,`calendarDate`) VALUES (107,'2017-03-05');
INSERT INTO `availableEmployee` (`staffID`,`calendarDate`) VALUES (108,'2017-03-05');
INSERT INTO `availableEmployee` (`staffID`,`calendarDate`) VALUES (109,'2017-03-05');
INSERT INTO `availableEmployee` (`staffID`,`calendarDate`) VALUES (110,'2017-03-05');
INSERT INTO `availableEmployee` (`staffID`,`calendarDate`) VALUES (111,'2017-03-05');
INSERT INTO `availableEmployee` (`staffID`,`calendarDate`) VALUES (112,'2017-03-05');
INSERT INTO `availableEmployee` (`staffID`,`calendarDate`) VALUES (113,'2017-03-05');
INSERT INTO `availableEmployee` (`staffID`,`calendarDate`) VALUES (101,'2017-03-12');
INSERT INTO `availableEmployee` (`staffID`,`calendarDate`) VALUES (102,'2017-03-12');
INSERT INTO `availableEmployee` (`staffID`,`calendarDate`) VALUES (103,'2017-03-12');
INSERT INTO `availableEmployee` (`staffID`,`calendarDate`) VALUES (104,'2017-03-12');
INSERT INTO `availableEmployee` (`staffID`,`calendarDate`) VALUES (105,'2017-03-12');
INSERT INTO `availableEmployee` (`staffID`,`calendarDate`) VALUES (106,'2017-03-12');
INSERT INTO `availableEmployee` (`staffID`,`calendarDate`) VALUES (107,'2017-03-12');
INSERT INTO `availableEmployee` (`staffID`,`calendarDate`) VALUES (108,'2017-03-12');
INSERT INTO `availableEmployee` (`staffID`,`calendarDate`) VALUES (109,'2017-03-12');
INSERT INTO `availableEmployee` (`staffID`,`calendarDate`) VALUES (110,'2017-03-12');
INSERT INTO `availableEmployee` (`staffID`,`calendarDate`) VALUES (111,'2017-03-12');
INSERT INTO `availableEmployee` (`staffID`,`calendarDate`) VALUES (112,'2017-03-12');
INSERT INTO `availableEmployee` (`staffID`,`calendarDate`) VALUES (113,'2017-03-12');
INSERT INTO `availableEmployee` (`staffID`,`calendarDate`) VALUES (101,'2017-04-02');
INSERT INTO `availableEmployee` (`staffID`,`calendarDate`) VALUES (102,'2017-04-02');
INSERT INTO `availableEmployee` (`staffID`,`calendarDate`) VALUES (103,'2017-04-02');
INSERT INTO `availableEmployee` (`staffID`,`calendarDate`) VALUES (104,'2017-04-02');
INSERT INTO `availableEmployee` (`staffID`,`calendarDate`) VALUES (105,'2017-04-02');
INSERT INTO `availableEmployee` (`staffID`,`calendarDate`) VALUES (106,'2017-04-02');
INSERT INTO `availableEmployee` (`staffID`,`calendarDate`) VALUES (107,'2017-04-02');
INSERT INTO `availableEmployee` (`staffID`,`calendarDate`) VALUES (108,'2017-04-02');
INSERT INTO `availableEmployee` (`staffID`,`calendarDate`) VALUES (109,'2017-04-02');
INSERT INTO `availableEmployee` (`staffID`,`calendarDate`) VALUES (110,'2017-04-02');
INSERT INTO `availableEmployee` (`staffID`,`calendarDate`) VALUES (111,'2017-04-02');
INSERT INTO `availableEmployee` (`staffID`,`calendarDate`) VALUES (112,'2017-04-02');
INSERT INTO `availableEmployee` (`staffID`,`calendarDate`) VALUES (113,'2017-04-02');
INSERT INTO `availableEmployee` (`staffID`,`calendarDate`) VALUES (101,'2017-04-09');
INSERT INTO `availableEmployee` (`staffID`,`calendarDate`) VALUES (102,'2017-04-09');
INSERT INTO `availableEmployee` (`staffID`,`calendarDate`) VALUES (103,'2017-04-09');
INSERT INTO `availableEmployee` (`staffID`,`calendarDate`) VALUES (104,'2017-04-09');
INSERT INTO `availableEmployee` (`staffID`,`calendarDate`) VALUES (105,'2017-04-09');
INSERT INTO `availableEmployee` (`staffID`,`calendarDate`) VALUES (106,'2017-04-09');
INSERT INTO `availableEmployee` (`staffID`,`calendarDate`) VALUES (107,'2017-04-09');
INSERT INTO `availableEmployee` (`staffID`,`calendarDate`) VALUES (108,'2017-04-09');
INSERT INTO `availableEmployee` (`staffID`,`calendarDate`) VALUES (109,'2017-04-09');
INSERT INTO `availableEmployee` (`staffID`,`calendarDate`) VALUES (110,'2017-04-09');
INSERT INTO `availableEmployee` (`staffID`,`calendarDate`) VALUES (111,'2017-04-09');
INSERT INTO `availableEmployee` (`staffID`,`calendarDate`) VALUES (112,'2017-04-09');
INSERT INTO `availableEmployee` (`staffID`,`calendarDate`) VALUES (113,'2017-04-09');
INSERT INTO `availableEmployee` (`staffID`,`calendarDate`) VALUES (101,'2017-05-07');
INSERT INTO `availableEmployee` (`staffID`,`calendarDate`) VALUES (102,'2017-05-07');
INSERT INTO `availableEmployee` (`staffID`,`calendarDate`) VALUES (103,'2017-05-07');
INSERT INTO `availableEmployee` (`staffID`,`calendarDate`) VALUES (104,'2017-05-07');
INSERT INTO `availableEmployee` (`staffID`,`calendarDate`) VALUES (105,'2017-05-07');
INSERT INTO `availableEmployee` (`staffID`,`calendarDate`) VALUES (106,'2017-05-07');
INSERT INTO `availableEmployee` (`staffID`,`calendarDate`) VALUES (107,'2017-05-07');
INSERT INTO `availableEmployee` (`staffID`,`calendarDate`) VALUES (108,'2017-05-07');
INSERT INTO `availableEmployee` (`staffID`,`calendarDate`) VALUES (109,'2017-05-07');
INSERT INTO `availableEmployee` (`staffID`,`calendarDate`) VALUES (110,'2017-05-07');
INSERT INTO `availableEmployee` (`staffID`,`calendarDate`) VALUES (111,'2017-05-07');
INSERT INTO `availableEmployee` (`staffID`,`calendarDate`) VALUES (112,'2017-05-07');
INSERT INTO `availableEmployee` (`staffID`,`calendarDate`) VALUES (113,'2017-05-07');
INSERT INTO `availableEmployee` (`staffID`,`calendarDate`) VALUES (101,'2017-05-14');
INSERT INTO `availableEmployee` (`staffID`,`calendarDate`) VALUES (102,'2017-05-14');
INSERT INTO `availableEmployee` (`staffID`,`calendarDate`) VALUES (103,'2017-05-14');
INSERT INTO `availableEmployee` (`staffID`,`calendarDate`) VALUES (104,'2017-05-14');
INSERT INTO `availableEmployee` (`staffID`,`calendarDate`) VALUES (105,'2017-05-14');
INSERT INTO `availableEmployee` (`staffID`,`calendarDate`) VALUES (106,'2017-05-14');
INSERT INTO `availableEmployee` (`staffID`,`calendarDate`) VALUES (107,'2017-05-14');
INSERT INTO `availableEmployee` (`staffID`,`calendarDate`) VALUES (108,'2017-05-14');
INSERT INTO `availableEmployee` (`staffID`,`calendarDate`) VALUES (109,'2017-05-14');
INSERT INTO `availableEmployee` (`staffID`,`calendarDate`) VALUES (110,'2017-05-14');
INSERT INTO `availableEmployee` (`staffID`,`calendarDate`) VALUES (111,'2017-05-14');
INSERT INTO `availableEmployee` (`staffID`,`calendarDate`) VALUES (112,'2017-05-14');
INSERT INTO `availableEmployee` (`staffID`,`calendarDate`) VALUES (113,'2017-05-14');
INSERT INTO `availableEmployee` (`staffID`,`calendarDate`) VALUES (101,'2017-06-04');
INSERT INTO `availableEmployee` (`staffID`,`calendarDate`) VALUES (102,'2017-06-04');
INSERT INTO `availableEmployee` (`staffID`,`calendarDate`) VALUES (103,'2017-06-04');
INSERT INTO `availableEmployee` (`staffID`,`calendarDate`) VALUES (104,'2017-06-04');
INSERT INTO `availableEmployee` (`staffID`,`calendarDate`) VALUES (105,'2017-06-04');
INSERT INTO `availableEmployee` (`staffID`,`calendarDate`) VALUES (106,'2017-06-04');
INSERT INTO `availableEmployee` (`staffID`,`calendarDate`) VALUES (107,'2017-06-04');
INSERT INTO `availableEmployee` (`staffID`,`calendarDate`) VALUES (108,'2017-06-04');
INSERT INTO `availableEmployee` (`staffID`,`calendarDate`) VALUES (109,'2017-06-04');
INSERT INTO `availableEmployee` (`staffID`,`calendarDate`) VALUES (110,'2017-06-04');
INSERT INTO `availableEmployee` (`staffID`,`calendarDate`) VALUES (111,'2017-06-04');
INSERT INTO `availableEmployee` (`staffID`,`calendarDate`) VALUES (112,'2017-06-04');
INSERT INTO `availableEmployee` (`staffID`,`calendarDate`) VALUES (113,'2017-06-04');
INSERT INTO `availableEmployee` (`staffID`,`calendarDate`) VALUES (101,'2017-06-11');
INSERT INTO `availableEmployee` (`staffID`,`calendarDate`) VALUES (102,'2017-06-11');
INSERT INTO `availableEmployee` (`staffID`,`calendarDate`) VALUES (103,'2017-06-11');
INSERT INTO `availableEmployee` (`staffID`,`calendarDate`) VALUES (104,'2017-06-11');
INSERT INTO `availableEmployee` (`staffID`,`calendarDate`) VALUES (105,'2017-06-11');
INSERT INTO `availableEmployee` (`staffID`,`calendarDate`) VALUES (106,'2017-06-11');
INSERT INTO `availableEmployee` (`staffID`,`calendarDate`) VALUES (107,'2017-06-11');
INSERT INTO `availableEmployee` (`staffID`,`calendarDate`) VALUES (108,'2017-06-11');
INSERT INTO `availableEmployee` (`staffID`,`calendarDate`) VALUES (109,'2017-06-11');
INSERT INTO `availableEmployee` (`staffID`,`calendarDate`) VALUES (110,'2017-06-11');
INSERT INTO `availableEmployee` (`staffID`,`calendarDate`) VALUES (111,'2017-06-11');
INSERT INTO `availableEmployee` (`staffID`,`calendarDate`) VALUES (112,'2017-06-11');
INSERT INTO `availableEmployee` (`staffID`,`calendarDate`) VALUES (113,'2017-06-11');
INSERT INTO `availableEmployee` (`staffID`,`calendarDate`) VALUES (101,'2017-07-02');
INSERT INTO `availableEmployee` (`staffID`,`calendarDate`) VALUES (102,'2017-07-02');
INSERT INTO `availableEmployee` (`staffID`,`calendarDate`) VALUES (103,'2017-07-02');
INSERT INTO `availableEmployee` (`staffID`,`calendarDate`) VALUES (104,'2017-07-02');
INSERT INTO `availableEmployee` (`staffID`,`calendarDate`) VALUES (105,'2017-07-02');
INSERT INTO `availableEmployee` (`staffID`,`calendarDate`) VALUES (106,'2017-07-02');
INSERT INTO `availableEmployee` (`staffID`,`calendarDate`) VALUES (107,'2017-07-02');
INSERT INTO `availableEmployee` (`staffID`,`calendarDate`) VALUES (108,'2017-07-02');
INSERT INTO `availableEmployee` (`staffID`,`calendarDate`) VALUES (109,'2017-07-02');
INSERT INTO `availableEmployee` (`staffID`,`calendarDate`) VALUES (110,'2017-07-02');
INSERT INTO `availableEmployee` (`staffID`,`calendarDate`) VALUES (111,'2017-07-02');
INSERT INTO `availableEmployee` (`staffID`,`calendarDate`) VALUES (112,'2017-07-02');
INSERT INTO `availableEmployee` (`staffID`,`calendarDate`) VALUES (113,'2017-07-02');
INSERT INTO `availableEmployee` (`staffID`,`calendarDate`) VALUES (101,'2017-07-09');
INSERT INTO `availableEmployee` (`staffID`,`calendarDate`) VALUES (102,'2017-07-09');
INSERT INTO `availableEmployee` (`staffID`,`calendarDate`) VALUES (103,'2017-07-09');
INSERT INTO `availableEmployee` (`staffID`,`calendarDate`) VALUES (104,'2017-07-09');
INSERT INTO `availableEmployee` (`staffID`,`calendarDate`) VALUES (105,'2017-07-09');
INSERT INTO `availableEmployee` (`staffID`,`calendarDate`) VALUES (106,'2017-07-09');
INSERT INTO `availableEmployee` (`staffID`,`calendarDate`) VALUES (107,'2017-07-09');
INSERT INTO `availableEmployee` (`staffID`,`calendarDate`) VALUES (108,'2017-07-09');
INSERT INTO `availableEmployee` (`staffID`,`calendarDate`) VALUES (109,'2017-07-09');
INSERT INTO `availableEmployee` (`staffID`,`calendarDate`) VALUES (110,'2017-07-09');
INSERT INTO `availableEmployee` (`staffID`,`calendarDate`) VALUES (111,'2017-07-09');
INSERT INTO `availableEmployee` (`staffID`,`calendarDate`) VALUES (112,'2017-07-09');
INSERT INTO `availableEmployee` (`staffID`,`calendarDate`) VALUES (113,'2017-07-09');
INSERT INTO `availableEmployee` (`staffID`,`calendarDate`) VALUES (101,'2017-08-06');
INSERT INTO `availableEmployee` (`staffID`,`calendarDate`) VALUES (102,'2017-08-06');
INSERT INTO `availableEmployee` (`staffID`,`calendarDate`) VALUES (103,'2017-08-06');
INSERT INTO `availableEmployee` (`staffID`,`calendarDate`) VALUES (104,'2017-08-06');
INSERT INTO `availableEmployee` (`staffID`,`calendarDate`) VALUES (105,'2017-08-06');
INSERT INTO `availableEmployee` (`staffID`,`calendarDate`) VALUES (106,'2017-08-06');
INSERT INTO `availableEmployee` (`staffID`,`calendarDate`) VALUES (107,'2017-08-06');
INSERT INTO `availableEmployee` (`staffID`,`calendarDate`) VALUES (108,'2017-08-06');
INSERT INTO `availableEmployee` (`staffID`,`calendarDate`) VALUES (109,'2017-08-06');
INSERT INTO `availableEmployee` (`staffID`,`calendarDate`) VALUES (110,'2017-08-06');
INSERT INTO `availableEmployee` (`staffID`,`calendarDate`) VALUES (111,'2017-08-06');
INSERT INTO `availableEmployee` (`staffID`,`calendarDate`) VALUES (112,'2017-08-06');
INSERT INTO `availableEmployee` (`staffID`,`calendarDate`) VALUES (113,'2017-08-06');
INSERT INTO `availableEmployee` (`staffID`,`calendarDate`) VALUES (101,'2017-08-13');
INSERT INTO `availableEmployee` (`staffID`,`calendarDate`) VALUES (102,'2017-08-13');
INSERT INTO `availableEmployee` (`staffID`,`calendarDate`) VALUES (103,'2017-08-13');
INSERT INTO `availableEmployee` (`staffID`,`calendarDate`) VALUES (104,'2017-08-13');
INSERT INTO `availableEmployee` (`staffID`,`calendarDate`) VALUES (105,'2017-08-13');
INSERT INTO `availableEmployee` (`staffID`,`calendarDate`) VALUES (106,'2017-08-13');
INSERT INTO `availableEmployee` (`staffID`,`calendarDate`) VALUES (107,'2017-08-13');
INSERT INTO `availableEmployee` (`staffID`,`calendarDate`) VALUES (108,'2017-08-13');
INSERT INTO `availableEmployee` (`staffID`,`calendarDate`) VALUES (109,'2017-08-13');
INSERT INTO `availableEmployee` (`staffID`,`calendarDate`) VALUES (110,'2017-08-13');
INSERT INTO `availableEmployee` (`staffID`,`calendarDate`) VALUES (111,'2017-08-13');
INSERT INTO `availableEmployee` (`staffID`,`calendarDate`) VALUES (112,'2017-08-13');
INSERT INTO `availableEmployee` (`staffID`,`calendarDate`) VALUES (113,'2017-08-13');
INSERT INTO `availableEmployee` (`staffID`,`calendarDate`) VALUES (101,'2017-09-03');
INSERT INTO `availableEmployee` (`staffID`,`calendarDate`) VALUES (102,'2017-09-03');
INSERT INTO `availableEmployee` (`staffID`,`calendarDate`) VALUES (103,'2017-09-03');
INSERT INTO `availableEmployee` (`staffID`,`calendarDate`) VALUES (104,'2017-09-03');
INSERT INTO `availableEmployee` (`staffID`,`calendarDate`) VALUES (105,'2017-09-03');
INSERT INTO `availableEmployee` (`staffID`,`calendarDate`) VALUES (106,'2017-09-03');
INSERT INTO `availableEmployee` (`staffID`,`calendarDate`) VALUES (107,'2017-09-03');
INSERT INTO `availableEmployee` (`staffID`,`calendarDate`) VALUES (108,'2017-09-03');
INSERT INTO `availableEmployee` (`staffID`,`calendarDate`) VALUES (109,'2017-09-03');
INSERT INTO `availableEmployee` (`staffID`,`calendarDate`) VALUES (110,'2017-09-03');
INSERT INTO `availableEmployee` (`staffID`,`calendarDate`) VALUES (111,'2017-09-03');
INSERT INTO `availableEmployee` (`staffID`,`calendarDate`) VALUES (112,'2017-09-03');
INSERT INTO `availableEmployee` (`staffID`,`calendarDate`) VALUES (113,'2017-09-03');
INSERT INTO `availableEmployee` (`staffID`,`calendarDate`) VALUES (101,'2017-09-10');
INSERT INTO `availableEmployee` (`staffID`,`calendarDate`) VALUES (102,'2017-09-10');
INSERT INTO `availableEmployee` (`staffID`,`calendarDate`) VALUES (103,'2017-09-10');
INSERT INTO `availableEmployee` (`staffID`,`calendarDate`) VALUES (104,'2017-09-10');
INSERT INTO `availableEmployee` (`staffID`,`calendarDate`) VALUES (105,'2017-09-10');
INSERT INTO `availableEmployee` (`staffID`,`calendarDate`) VALUES (106,'2017-09-10');
INSERT INTO `availableEmployee` (`staffID`,`calendarDate`) VALUES (107,'2017-09-10');
INSERT INTO `availableEmployee` (`staffID`,`calendarDate`) VALUES (108,'2017-09-10');
INSERT INTO `availableEmployee` (`staffID`,`calendarDate`) VALUES (109,'2017-09-10');
INSERT INTO `availableEmployee` (`staffID`,`calendarDate`) VALUES (110,'2017-09-10');
INSERT INTO `availableEmployee` (`staffID`,`calendarDate`) VALUES (111,'2017-09-10');
INSERT INTO `availableEmployee` (`staffID`,`calendarDate`) VALUES (112,'2017-09-10');
INSERT INTO `availableEmployee` (`staffID`,`calendarDate`) VALUES (113,'2017-09-10');
INSERT INTO `availableEmployee` (`staffID`,`calendarDate`) VALUES (101,'2017-10-01');
INSERT INTO `availableEmployee` (`staffID`,`calendarDate`) VALUES (102,'2017-10-01');
INSERT INTO `availableEmployee` (`staffID`,`calendarDate`) VALUES (103,'2017-10-01');
INSERT INTO `availableEmployee` (`staffID`,`calendarDate`) VALUES (104,'2017-10-01');
INSERT INTO `availableEmployee` (`staffID`,`calendarDate`) VALUES (105,'2017-10-01');
INSERT INTO `availableEmployee` (`staffID`,`calendarDate`) VALUES (106,'2017-10-01');
INSERT INTO `availableEmployee` (`staffID`,`calendarDate`) VALUES (107,'2017-10-01');
INSERT INTO `availableEmployee` (`staffID`,`calendarDate`) VALUES (108,'2017-10-01');
INSERT INTO `availableEmployee` (`staffID`,`calendarDate`) VALUES (109,'2017-10-01');
INSERT INTO `availableEmployee` (`staffID`,`calendarDate`) VALUES (110,'2017-10-01');
INSERT INTO `availableEmployee` (`staffID`,`calendarDate`) VALUES (111,'2017-10-01');
INSERT INTO `availableEmployee` (`staffID`,`calendarDate`) VALUES (112,'2017-10-01');
INSERT INTO `availableEmployee` (`staffID`,`calendarDate`) VALUES (113,'2017-10-01');
INSERT INTO `availableEmployee` (`staffID`,`calendarDate`) VALUES (101,'2017-10-08');
INSERT INTO `availableEmployee` (`staffID`,`calendarDate`) VALUES (102,'2017-10-08');
INSERT INTO `availableEmployee` (`staffID`,`calendarDate`) VALUES (103,'2017-10-08');
INSERT INTO `availableEmployee` (`staffID`,`calendarDate`) VALUES (104,'2017-10-08');
INSERT INTO `availableEmployee` (`staffID`,`calendarDate`) VALUES (105,'2017-10-08');
INSERT INTO `availableEmployee` (`staffID`,`calendarDate`) VALUES (106,'2017-10-08');
INSERT INTO `availableEmployee` (`staffID`,`calendarDate`) VALUES (107,'2017-10-08');
INSERT INTO `availableEmployee` (`staffID`,`calendarDate`) VALUES (108,'2017-10-08');
INSERT INTO `availableEmployee` (`staffID`,`calendarDate`) VALUES (109,'2017-10-08');
INSERT INTO `availableEmployee` (`staffID`,`calendarDate`) VALUES (110,'2017-10-08');
INSERT INTO `availableEmployee` (`staffID`,`calendarDate`) VALUES (111,'2017-10-08');
INSERT INTO `availableEmployee` (`staffID`,`calendarDate`) VALUES (112,'2017-10-08');
INSERT INTO `availableEmployee` (`staffID`,`calendarDate`) VALUES (113,'2017-10-08');
INSERT INTO `availableEmployee` (`staffID`,`calendarDate`) VALUES (101,'2017-11-05');
INSERT INTO `availableEmployee` (`staffID`,`calendarDate`) VALUES (102,'2017-11-05');
INSERT INTO `availableEmployee` (`staffID`,`calendarDate`) VALUES (103,'2017-11-05');
INSERT INTO `availableEmployee` (`staffID`,`calendarDate`) VALUES (104,'2017-11-05');
INSERT INTO `availableEmployee` (`staffID`,`calendarDate`) VALUES (105,'2017-11-05');
INSERT INTO `availableEmployee` (`staffID`,`calendarDate`) VALUES (106,'2017-11-05');
INSERT INTO `availableEmployee` (`staffID`,`calendarDate`) VALUES (107,'2017-11-05');
INSERT INTO `availableEmployee` (`staffID`,`calendarDate`) VALUES (108,'2017-11-05');
INSERT INTO `availableEmployee` (`staffID`,`calendarDate`) VALUES (109,'2017-11-05');
INSERT INTO `availableEmployee` (`staffID`,`calendarDate`) VALUES (110,'2017-11-05');
INSERT INTO `availableEmployee` (`staffID`,`calendarDate`) VALUES (111,'2017-11-05');
INSERT INTO `availableEmployee` (`staffID`,`calendarDate`) VALUES (112,'2017-11-05');
INSERT INTO `availableEmployee` (`staffID`,`calendarDate`) VALUES (113,'2017-11-05');
INSERT INTO `availableEmployee` (`staffID`,`calendarDate`) VALUES (101,'2017-11-12');
INSERT INTO `availableEmployee` (`staffID`,`calendarDate`) VALUES (102,'2017-11-12');
INSERT INTO `availableEmployee` (`staffID`,`calendarDate`) VALUES (103,'2017-11-12');
INSERT INTO `availableEmployee` (`staffID`,`calendarDate`) VALUES (104,'2017-11-12');
INSERT INTO `availableEmployee` (`staffID`,`calendarDate`) VALUES (105,'2017-11-12');
INSERT INTO `availableEmployee` (`staffID`,`calendarDate`) VALUES (106,'2017-11-12');
INSERT INTO `availableEmployee` (`staffID`,`calendarDate`) VALUES (107,'2017-11-12');
INSERT INTO `availableEmployee` (`staffID`,`calendarDate`) VALUES (108,'2017-11-12');
INSERT INTO `availableEmployee` (`staffID`,`calendarDate`) VALUES (109,'2017-11-12');
INSERT INTO `availableEmployee` (`staffID`,`calendarDate`) VALUES (110,'2017-11-12');
INSERT INTO `availableEmployee` (`staffID`,`calendarDate`) VALUES (111,'2017-11-12');
INSERT INTO `availableEmployee` (`staffID`,`calendarDate`) VALUES (112,'2017-11-12');
INSERT INTO `availableEmployee` (`staffID`,`calendarDate`) VALUES (113,'2017-11-12');
INSERT INTO `availableEmployee` (`staffID`,`calendarDate`) VALUES (101,'2017-12-03');
INSERT INTO `availableEmployee` (`staffID`,`calendarDate`) VALUES (102,'2017-12-03');
INSERT INTO `availableEmployee` (`staffID`,`calendarDate`) VALUES (103,'2017-12-03');
INSERT INTO `availableEmployee` (`staffID`,`calendarDate`) VALUES (104,'2017-12-03');
INSERT INTO `availableEmployee` (`staffID`,`calendarDate`) VALUES (105,'2017-12-03');
INSERT INTO `availableEmployee` (`staffID`,`calendarDate`) VALUES (106,'2017-12-03');
INSERT INTO `availableEmployee` (`staffID`,`calendarDate`) VALUES (107,'2017-12-03');
INSERT INTO `availableEmployee` (`staffID`,`calendarDate`) VALUES (108,'2017-12-03');
INSERT INTO `availableEmployee` (`staffID`,`calendarDate`) VALUES (109,'2017-12-03');
INSERT INTO `availableEmployee` (`staffID`,`calendarDate`) VALUES (110,'2017-12-03');
INSERT INTO `availableEmployee` (`staffID`,`calendarDate`) VALUES (111,'2017-12-03');
INSERT INTO `availableEmployee` (`staffID`,`calendarDate`) VALUES (112,'2017-12-03');
INSERT INTO `availableEmployee` (`staffID`,`calendarDate`) VALUES (113,'2017-12-03');
INSERT INTO `availableEmployee` (`staffID`,`calendarDate`) VALUES (101,'2017-12-10');
INSERT INTO `availableEmployee` (`staffID`,`calendarDate`) VALUES (102,'2017-12-10');
INSERT INTO `availableEmployee` (`staffID`,`calendarDate`) VALUES (103,'2017-12-10');
INSERT INTO `availableEmployee` (`staffID`,`calendarDate`) VALUES (104,'2017-12-10');
INSERT INTO `availableEmployee` (`staffID`,`calendarDate`) VALUES (105,'2017-12-10');
INSERT INTO `availableEmployee` (`staffID`,`calendarDate`) VALUES (106,'2017-12-10');
INSERT INTO `availableEmployee` (`staffID`,`calendarDate`) VALUES (107,'2017-12-10');
INSERT INTO `availableEmployee` (`staffID`,`calendarDate`) VALUES (108,'2017-12-10');
INSERT INTO `availableEmployee` (`staffID`,`calendarDate`) VALUES (109,'2017-12-10');
INSERT INTO `availableEmployee` (`staffID`,`calendarDate`) VALUES (110,'2017-12-10');
INSERT INTO `availableEmployee` (`staffID`,`calendarDate`) VALUES (111,'2017-12-10');
INSERT INTO `availableEmployee` (`staffID`,`calendarDate`) VALUES (112,'2017-12-10');
INSERT INTO `availableEmployee` (`staffID`,`calendarDate`) VALUES (113,'2017-12-10');
INSERT INTO `availableEmployee` (`staffID`,`calendarDate`) VALUES (101,'2018-01-07');
INSERT INTO `availableEmployee` (`staffID`,`calendarDate`) VALUES (102,'2018-01-07');
INSERT INTO `availableEmployee` (`staffID`,`calendarDate`) VALUES (103,'2018-01-07');
INSERT INTO `availableEmployee` (`staffID`,`calendarDate`) VALUES (104,'2018-01-07');
INSERT INTO `availableEmployee` (`staffID`,`calendarDate`) VALUES (105,'2018-01-07');
INSERT INTO `availableEmployee` (`staffID`,`calendarDate`) VALUES (106,'2018-01-07');
INSERT INTO `availableEmployee` (`staffID`,`calendarDate`) VALUES (107,'2018-01-07');
INSERT INTO `availableEmployee` (`staffID`,`calendarDate`) VALUES (108,'2018-01-07');
INSERT INTO `availableEmployee` (`staffID`,`calendarDate`) VALUES (109,'2018-01-07');
INSERT INTO `availableEmployee` (`staffID`,`calendarDate`) VALUES (110,'2018-01-07');
INSERT INTO `availableEmployee` (`staffID`,`calendarDate`) VALUES (111,'2018-01-07');
INSERT INTO `availableEmployee` (`staffID`,`calendarDate`) VALUES (112,'2018-01-07');
INSERT INTO `availableEmployee` (`staffID`,`calendarDate`) VALUES (113,'2018-01-07');
INSERT INTO `availableEmployee` (`staffID`,`calendarDate`) VALUES (101,'2018-01-14');
INSERT INTO `availableEmployee` (`staffID`,`calendarDate`) VALUES (102,'2018-01-14');
INSERT INTO `availableEmployee` (`staffID`,`calendarDate`) VALUES (103,'2018-01-14');
INSERT INTO `availableEmployee` (`staffID`,`calendarDate`) VALUES (104,'2018-01-14');
INSERT INTO `availableEmployee` (`staffID`,`calendarDate`) VALUES (105,'2018-01-14');
INSERT INTO `availableEmployee` (`staffID`,`calendarDate`) VALUES (106,'2018-01-14');
INSERT INTO `availableEmployee` (`staffID`,`calendarDate`) VALUES (107,'2018-01-14');
INSERT INTO `availableEmployee` (`staffID`,`calendarDate`) VALUES (108,'2018-01-14');
INSERT INTO `availableEmployee` (`staffID`,`calendarDate`) VALUES (109,'2018-01-14');
INSERT INTO `availableEmployee` (`staffID`,`calendarDate`) VALUES (110,'2018-01-14');
INSERT INTO `availableEmployee` (`staffID`,`calendarDate`) VALUES (111,'2018-01-14');
INSERT INTO `availableEmployee` (`staffID`,`calendarDate`) VALUES (112,'2018-01-14');
INSERT INTO `availableEmployee` (`staffID`,`calendarDate`) VALUES (113,'2018-01-14');
INSERT INTO `availableEmployee` (`staffID`,`calendarDate`) VALUES (101,'2018-02-04');
INSERT INTO `availableEmployee` (`staffID`,`calendarDate`) VALUES (102,'2018-02-04');
INSERT INTO `availableEmployee` (`staffID`,`calendarDate`) VALUES (103,'2018-02-04');
INSERT INTO `availableEmployee` (`staffID`,`calendarDate`) VALUES (104,'2018-02-04');
INSERT INTO `availableEmployee` (`staffID`,`calendarDate`) VALUES (105,'2018-02-04');
INSERT INTO `availableEmployee` (`staffID`,`calendarDate`) VALUES (106,'2018-02-04');
INSERT INTO `availableEmployee` (`staffID`,`calendarDate`) VALUES (107,'2018-02-04');
INSERT INTO `availableEmployee` (`staffID`,`calendarDate`) VALUES (108,'2018-02-04');
INSERT INTO `availableEmployee` (`staffID`,`calendarDate`) VALUES (109,'2018-02-04');
INSERT INTO `availableEmployee` (`staffID`,`calendarDate`) VALUES (110,'2018-02-04');
INSERT INTO `availableEmployee` (`staffID`,`calendarDate`) VALUES (111,'2018-02-04');
INSERT INTO `availableEmployee` (`staffID`,`calendarDate`) VALUES (112,'2018-02-04');
INSERT INTO `availableEmployee` (`staffID`,`calendarDate`) VALUES (113,'2018-02-04');
INSERT INTO `availableEmployee` (`staffID`,`calendarDate`) VALUES (101,'2018-02-11');
INSERT INTO `availableEmployee` (`staffID`,`calendarDate`) VALUES (102,'2018-02-11');
INSERT INTO `availableEmployee` (`staffID`,`calendarDate`) VALUES (103,'2018-02-11');
INSERT INTO `availableEmployee` (`staffID`,`calendarDate`) VALUES (104,'2018-02-11');
INSERT INTO `availableEmployee` (`staffID`,`calendarDate`) VALUES (105,'2018-02-11');
INSERT INTO `availableEmployee` (`staffID`,`calendarDate`) VALUES (106,'2018-02-11');
INSERT INTO `availableEmployee` (`staffID`,`calendarDate`) VALUES (107,'2018-02-11');
INSERT INTO `availableEmployee` (`staffID`,`calendarDate`) VALUES (108,'2018-02-11');
INSERT INTO `availableEmployee` (`staffID`,`calendarDate`) VALUES (109,'2018-02-11');
INSERT INTO `availableEmployee` (`staffID`,`calendarDate`) VALUES (110,'2018-02-11');
INSERT INTO `availableEmployee` (`staffID`,`calendarDate`) VALUES (111,'2018-02-11');
INSERT INTO `availableEmployee` (`staffID`,`calendarDate`) VALUES (112,'2018-02-11');
INSERT INTO `availableEmployee` (`staffID`,`calendarDate`) VALUES (113,'2018-02-11');
INSERT INTO `availableEmployee` (`staffID`,`calendarDate`) VALUES (101,'2018-03-04');
INSERT INTO `availableEmployee` (`staffID`,`calendarDate`) VALUES (102,'2018-03-04');
INSERT INTO `availableEmployee` (`staffID`,`calendarDate`) VALUES (103,'2018-03-04');
INSERT INTO `availableEmployee` (`staffID`,`calendarDate`) VALUES (104,'2018-03-04');
INSERT INTO `availableEmployee` (`staffID`,`calendarDate`) VALUES (105,'2018-03-04');
INSERT INTO `availableEmployee` (`staffID`,`calendarDate`) VALUES (106,'2018-03-04');
INSERT INTO `availableEmployee` (`staffID`,`calendarDate`) VALUES (107,'2018-03-04');
INSERT INTO `availableEmployee` (`staffID`,`calendarDate`) VALUES (108,'2018-03-04');
INSERT INTO `availableEmployee` (`staffID`,`calendarDate`) VALUES (109,'2018-03-04');
INSERT INTO `availableEmployee` (`staffID`,`calendarDate`) VALUES (110,'2018-03-04');
INSERT INTO `availableEmployee` (`staffID`,`calendarDate`) VALUES (111,'2018-03-04');
INSERT INTO `availableEmployee` (`staffID`,`calendarDate`) VALUES (112,'2018-03-04');
INSERT INTO `availableEmployee` (`staffID`,`calendarDate`) VALUES (113,'2018-03-04');
INSERT INTO `availableEmployee` (`staffID`,`calendarDate`) VALUES (101,'2018-03-11');
INSERT INTO `availableEmployee` (`staffID`,`calendarDate`) VALUES (102,'2018-03-11');
INSERT INTO `availableEmployee` (`staffID`,`calendarDate`) VALUES (103,'2018-03-11');
INSERT INTO `availableEmployee` (`staffID`,`calendarDate`) VALUES (104,'2018-03-11');
INSERT INTO `availableEmployee` (`staffID`,`calendarDate`) VALUES (105,'2018-03-11');
INSERT INTO `availableEmployee` (`staffID`,`calendarDate`) VALUES (106,'2018-03-11');
INSERT INTO `availableEmployee` (`staffID`,`calendarDate`) VALUES (107,'2018-03-11');
INSERT INTO `availableEmployee` (`staffID`,`calendarDate`) VALUES (108,'2018-03-11');
INSERT INTO `availableEmployee` (`staffID`,`calendarDate`) VALUES (109,'2018-03-11');
INSERT INTO `availableEmployee` (`staffID`,`calendarDate`) VALUES (110,'2018-03-11');
INSERT INTO `availableEmployee` (`staffID`,`calendarDate`) VALUES (111,'2018-03-11');
INSERT INTO `availableEmployee` (`staffID`,`calendarDate`) VALUES (112,'2018-03-11');
INSERT INTO `availableEmployee` (`staffID`,`calendarDate`) VALUES (113,'2018-03-11');
INSERT INTO `availableEmployee` (`staffID`,`calendarDate`) VALUES (101,'2018-04-01');
INSERT INTO `availableEmployee` (`staffID`,`calendarDate`) VALUES (102,'2018-04-01');
INSERT INTO `availableEmployee` (`staffID`,`calendarDate`) VALUES (103,'2018-04-01');
INSERT INTO `availableEmployee` (`staffID`,`calendarDate`) VALUES (104,'2018-04-01');
INSERT INTO `availableEmployee` (`staffID`,`calendarDate`) VALUES (105,'2018-04-01');
INSERT INTO `availableEmployee` (`staffID`,`calendarDate`) VALUES (106,'2018-04-01');
INSERT INTO `availableEmployee` (`staffID`,`calendarDate`) VALUES (107,'2018-04-01');
INSERT INTO `availableEmployee` (`staffID`,`calendarDate`) VALUES (108,'2018-04-01');
INSERT INTO `availableEmployee` (`staffID`,`calendarDate`) VALUES (109,'2018-04-01');
INSERT INTO `availableEmployee` (`staffID`,`calendarDate`) VALUES (110,'2018-04-01');
INSERT INTO `availableEmployee` (`staffID`,`calendarDate`) VALUES (111,'2018-04-01');
INSERT INTO `availableEmployee` (`staffID`,`calendarDate`) VALUES (112,'2018-04-01');
INSERT INTO `availableEmployee` (`staffID`,`calendarDate`) VALUES (113,'2018-04-01');
INSERT INTO `availableEmployee` (`staffID`,`calendarDate`) VALUES (101,'2018-04-08');
INSERT INTO `availableEmployee` (`staffID`,`calendarDate`) VALUES (102,'2018-04-08');
INSERT INTO `availableEmployee` (`staffID`,`calendarDate`) VALUES (103,'2018-04-08');
INSERT INTO `availableEmployee` (`staffID`,`calendarDate`) VALUES (104,'2018-04-08');
INSERT INTO `availableEmployee` (`staffID`,`calendarDate`) VALUES (105,'2018-04-08');
INSERT INTO `availableEmployee` (`staffID`,`calendarDate`) VALUES (106,'2018-04-08');
INSERT INTO `availableEmployee` (`staffID`,`calendarDate`) VALUES (107,'2018-04-08');
INSERT INTO `availableEmployee` (`staffID`,`calendarDate`) VALUES (108,'2018-04-08');
INSERT INTO `availableEmployee` (`staffID`,`calendarDate`) VALUES (109,'2018-04-08');
INSERT INTO `availableEmployee` (`staffID`,`calendarDate`) VALUES (110,'2018-04-08');
INSERT INTO `availableEmployee` (`staffID`,`calendarDate`) VALUES (111,'2018-04-08');
INSERT INTO `availableEmployee` (`staffID`,`calendarDate`) VALUES (112,'2018-04-08');
INSERT INTO `availableEmployee` (`staffID`,`calendarDate`) VALUES (113,'2018-04-08');
INSERT INTO `availableEmployee` (`staffID`,`calendarDate`) VALUES (101,'2018-05-06');
INSERT INTO `availableEmployee` (`staffID`,`calendarDate`) VALUES (102,'2018-05-06');
INSERT INTO `availableEmployee` (`staffID`,`calendarDate`) VALUES (103,'2018-05-06');
INSERT INTO `availableEmployee` (`staffID`,`calendarDate`) VALUES (104,'2018-05-06');
INSERT INTO `availableEmployee` (`staffID`,`calendarDate`) VALUES (105,'2018-05-06');
INSERT INTO `availableEmployee` (`staffID`,`calendarDate`) VALUES (106,'2018-05-06');
INSERT INTO `availableEmployee` (`staffID`,`calendarDate`) VALUES (107,'2018-05-06');
INSERT INTO `availableEmployee` (`staffID`,`calendarDate`) VALUES (108,'2018-05-06');
INSERT INTO `availableEmployee` (`staffID`,`calendarDate`) VALUES (109,'2018-05-06');
INSERT INTO `availableEmployee` (`staffID`,`calendarDate`) VALUES (110,'2018-05-06');
INSERT INTO `availableEmployee` (`staffID`,`calendarDate`) VALUES (111,'2018-05-06');
INSERT INTO `availableEmployee` (`staffID`,`calendarDate`) VALUES (112,'2018-05-06');
INSERT INTO `availableEmployee` (`staffID`,`calendarDate`) VALUES (113,'2018-05-06');
INSERT INTO `availableEmployee` (`staffID`,`calendarDate`) VALUES (101,'2018-05-13');
INSERT INTO `availableEmployee` (`staffID`,`calendarDate`) VALUES (102,'2018-05-13');
INSERT INTO `availableEmployee` (`staffID`,`calendarDate`) VALUES (103,'2018-05-13');
INSERT INTO `availableEmployee` (`staffID`,`calendarDate`) VALUES (104,'2018-05-13');
INSERT INTO `availableEmployee` (`staffID`,`calendarDate`) VALUES (105,'2018-05-13');
INSERT INTO `availableEmployee` (`staffID`,`calendarDate`) VALUES (106,'2018-05-13');
INSERT INTO `availableEmployee` (`staffID`,`calendarDate`) VALUES (107,'2018-05-13');
INSERT INTO `availableEmployee` (`staffID`,`calendarDate`) VALUES (108,'2018-05-13');
INSERT INTO `availableEmployee` (`staffID`,`calendarDate`) VALUES (109,'2018-05-13');
INSERT INTO `availableEmployee` (`staffID`,`calendarDate`) VALUES (110,'2018-05-13');
INSERT INTO `availableEmployee` (`staffID`,`calendarDate`) VALUES (111,'2018-05-13');
INSERT INTO `availableEmployee` (`staffID`,`calendarDate`) VALUES (112,'2018-05-13');
INSERT INTO `availableEmployee` (`staffID`,`calendarDate`) VALUES (113,'2018-05-13');
INSERT INTO `availableEmployee` (`staffID`,`calendarDate`) VALUES (101,'2018-06-03');
INSERT INTO `availableEmployee` (`staffID`,`calendarDate`) VALUES (102,'2018-06-03');
INSERT INTO `availableEmployee` (`staffID`,`calendarDate`) VALUES (103,'2018-06-03');
INSERT INTO `availableEmployee` (`staffID`,`calendarDate`) VALUES (104,'2018-06-03');
INSERT INTO `availableEmployee` (`staffID`,`calendarDate`) VALUES (105,'2018-06-03');
INSERT INTO `availableEmployee` (`staffID`,`calendarDate`) VALUES (106,'2018-06-03');
INSERT INTO `availableEmployee` (`staffID`,`calendarDate`) VALUES (107,'2018-06-03');
INSERT INTO `availableEmployee` (`staffID`,`calendarDate`) VALUES (108,'2018-06-03');
INSERT INTO `availableEmployee` (`staffID`,`calendarDate`) VALUES (109,'2018-06-03');
INSERT INTO `availableEmployee` (`staffID`,`calendarDate`) VALUES (110,'2018-06-03');
INSERT INTO `availableEmployee` (`staffID`,`calendarDate`) VALUES (111,'2018-06-03');
INSERT INTO `availableEmployee` (`staffID`,`calendarDate`) VALUES (112,'2018-06-03');
INSERT INTO `availableEmployee` (`staffID`,`calendarDate`) VALUES (113,'2018-06-03');
INSERT INTO `availableEmployee` (`staffID`,`calendarDate`) VALUES (101,'2018-06-14');
INSERT INTO `availableEmployee` (`staffID`,`calendarDate`) VALUES (102,'2018-06-14');
INSERT INTO `availableEmployee` (`staffID`,`calendarDate`) VALUES (103,'2018-06-14');
INSERT INTO `availableEmployee` (`staffID`,`calendarDate`) VALUES (104,'2018-06-14');
INSERT INTO `availableEmployee` (`staffID`,`calendarDate`) VALUES (105,'2018-06-14');
INSERT INTO `availableEmployee` (`staffID`,`calendarDate`) VALUES (106,'2018-06-14');
INSERT INTO `availableEmployee` (`staffID`,`calendarDate`) VALUES (107,'2018-06-14');
INSERT INTO `availableEmployee` (`staffID`,`calendarDate`) VALUES (108,'2018-06-14');
INSERT INTO `availableEmployee` (`staffID`,`calendarDate`) VALUES (109,'2018-06-14');
INSERT INTO `availableEmployee` (`staffID`,`calendarDate`) VALUES (110,'2018-06-14');
INSERT INTO `availableEmployee` (`staffID`,`calendarDate`) VALUES (111,'2018-06-14');
INSERT INTO `availableEmployee` (`staffID`,`calendarDate`) VALUES (112,'2018-06-14');
INSERT INTO `availableEmployee` (`staffID`,`calendarDate`) VALUES (113,'2018-06-14');
INSERT INTO `availableEmployee` (`staffID`,`calendarDate`) VALUES (101,'2018-07-01');
INSERT INTO `availableEmployee` (`staffID`,`calendarDate`) VALUES (102,'2018-07-01');
INSERT INTO `availableEmployee` (`staffID`,`calendarDate`) VALUES (103,'2018-07-01');
INSERT INTO `availableEmployee` (`staffID`,`calendarDate`) VALUES (104,'2018-07-01');
INSERT INTO `availableEmployee` (`staffID`,`calendarDate`) VALUES (105,'2018-07-01');
INSERT INTO `availableEmployee` (`staffID`,`calendarDate`) VALUES (106,'2018-07-01');
INSERT INTO `availableEmployee` (`staffID`,`calendarDate`) VALUES (107,'2018-07-01');
INSERT INTO `availableEmployee` (`staffID`,`calendarDate`) VALUES (108,'2018-07-01');
INSERT INTO `availableEmployee` (`staffID`,`calendarDate`) VALUES (109,'2018-07-01');
INSERT INTO `availableEmployee` (`staffID`,`calendarDate`) VALUES (110,'2018-07-01');
INSERT INTO `availableEmployee` (`staffID`,`calendarDate`) VALUES (111,'2018-07-01');
INSERT INTO `availableEmployee` (`staffID`,`calendarDate`) VALUES (112,'2018-07-01');
INSERT INTO `availableEmployee` (`staffID`,`calendarDate`) VALUES (113,'2018-07-01');
INSERT INTO `availableEmployee` (`staffID`,`calendarDate`) VALUES (101,'2018-07-08');
INSERT INTO `availableEmployee` (`staffID`,`calendarDate`) VALUES (102,'2018-07-08');
INSERT INTO `availableEmployee` (`staffID`,`calendarDate`) VALUES (103,'2018-07-08');
INSERT INTO `availableEmployee` (`staffID`,`calendarDate`) VALUES (104,'2018-07-08');
INSERT INTO `availableEmployee` (`staffID`,`calendarDate`) VALUES (105,'2018-07-08');
INSERT INTO `availableEmployee` (`staffID`,`calendarDate`) VALUES (106,'2018-07-08');
INSERT INTO `availableEmployee` (`staffID`,`calendarDate`) VALUES (107,'2018-07-08');
INSERT INTO `availableEmployee` (`staffID`,`calendarDate`) VALUES (108,'2018-07-08');
INSERT INTO `availableEmployee` (`staffID`,`calendarDate`) VALUES (109,'2018-07-08');
INSERT INTO `availableEmployee` (`staffID`,`calendarDate`) VALUES (110,'2018-07-08');
INSERT INTO `availableEmployee` (`staffID`,`calendarDate`) VALUES (111,'2018-07-08');
INSERT INTO `availableEmployee` (`staffID`,`calendarDate`) VALUES (112,'2018-07-08');
INSERT INTO `availableEmployee` (`staffID`,`calendarDate`) VALUES (113,'2018-07-08');
INSERT INTO `availableEmployee` (`staffID`,`calendarDate`) VALUES (101,'2018-08-05');
INSERT INTO `availableEmployee` (`staffID`,`calendarDate`) VALUES (102,'2018-08-05');
INSERT INTO `availableEmployee` (`staffID`,`calendarDate`) VALUES (103,'2018-08-05');
INSERT INTO `availableEmployee` (`staffID`,`calendarDate`) VALUES (104,'2018-08-05');
INSERT INTO `availableEmployee` (`staffID`,`calendarDate`) VALUES (105,'2018-08-05');
INSERT INTO `availableEmployee` (`staffID`,`calendarDate`) VALUES (106,'2018-08-05');
INSERT INTO `availableEmployee` (`staffID`,`calendarDate`) VALUES (107,'2018-08-05');
INSERT INTO `availableEmployee` (`staffID`,`calendarDate`) VALUES (108,'2018-08-05');
INSERT INTO `availableEmployee` (`staffID`,`calendarDate`) VALUES (109,'2018-08-05');
INSERT INTO `availableEmployee` (`staffID`,`calendarDate`) VALUES (110,'2018-08-05');
INSERT INTO `availableEmployee` (`staffID`,`calendarDate`) VALUES (111,'2018-08-05');
INSERT INTO `availableEmployee` (`staffID`,`calendarDate`) VALUES (112,'2018-08-05');
INSERT INTO `availableEmployee` (`staffID`,`calendarDate`) VALUES (113,'2018-08-05');
INSERT INTO `availableEmployee` (`staffID`,`calendarDate`) VALUES (101,'2018-08-12');
INSERT INTO `availableEmployee` (`staffID`,`calendarDate`) VALUES (102,'2018-08-12');
INSERT INTO `availableEmployee` (`staffID`,`calendarDate`) VALUES (103,'2018-08-12');
INSERT INTO `availableEmployee` (`staffID`,`calendarDate`) VALUES (104,'2018-08-12');
INSERT INTO `availableEmployee` (`staffID`,`calendarDate`) VALUES (105,'2018-08-12');
INSERT INTO `availableEmployee` (`staffID`,`calendarDate`) VALUES (106,'2018-08-12');
INSERT INTO `availableEmployee` (`staffID`,`calendarDate`) VALUES (107,'2018-08-12');
INSERT INTO `availableEmployee` (`staffID`,`calendarDate`) VALUES (108,'2018-08-12');
INSERT INTO `availableEmployee` (`staffID`,`calendarDate`) VALUES (109,'2018-08-12');
INSERT INTO `availableEmployee` (`staffID`,`calendarDate`) VALUES (110,'2018-08-12');
INSERT INTO `availableEmployee` (`staffID`,`calendarDate`) VALUES (111,'2018-08-12');
INSERT INTO `availableEmployee` (`staffID`,`calendarDate`) VALUES (112,'2018-08-12');
INSERT INTO `availableEmployee` (`staffID`,`calendarDate`) VALUES (113,'2018-08-12');
INSERT INTO `availableEmployee` (`staffID`,`calendarDate`) VALUES (101,'2018-09-02');
INSERT INTO `availableEmployee` (`staffID`,`calendarDate`) VALUES (102,'2018-09-02');
INSERT INTO `availableEmployee` (`staffID`,`calendarDate`) VALUES (103,'2018-09-02');
INSERT INTO `availableEmployee` (`staffID`,`calendarDate`) VALUES (104,'2018-09-02');
INSERT INTO `availableEmployee` (`staffID`,`calendarDate`) VALUES (105,'2018-09-02');
INSERT INTO `availableEmployee` (`staffID`,`calendarDate`) VALUES (106,'2018-09-02');
INSERT INTO `availableEmployee` (`staffID`,`calendarDate`) VALUES (107,'2018-09-02');
INSERT INTO `availableEmployee` (`staffID`,`calendarDate`) VALUES (108,'2018-09-02');
INSERT INTO `availableEmployee` (`staffID`,`calendarDate`) VALUES (109,'2018-09-02');
INSERT INTO `availableEmployee` (`staffID`,`calendarDate`) VALUES (110,'2018-09-02');
INSERT INTO `availableEmployee` (`staffID`,`calendarDate`) VALUES (111,'2018-09-02');
INSERT INTO `availableEmployee` (`staffID`,`calendarDate`) VALUES (112,'2018-09-02');
INSERT INTO `availableEmployee` (`staffID`,`calendarDate`) VALUES (113,'2018-09-02');
INSERT INTO `availableEmployee` (`staffID`,`calendarDate`) VALUES (101,'2018-09-09');
INSERT INTO `availableEmployee` (`staffID`,`calendarDate`) VALUES (102,'2018-09-09');
INSERT INTO `availableEmployee` (`staffID`,`calendarDate`) VALUES (103,'2018-09-09');
INSERT INTO `availableEmployee` (`staffID`,`calendarDate`) VALUES (104,'2018-09-09');
INSERT INTO `availableEmployee` (`staffID`,`calendarDate`) VALUES (105,'2018-09-09');
INSERT INTO `availableEmployee` (`staffID`,`calendarDate`) VALUES (106,'2018-09-09');
INSERT INTO `availableEmployee` (`staffID`,`calendarDate`) VALUES (107,'2018-09-09');
INSERT INTO `availableEmployee` (`staffID`,`calendarDate`) VALUES (108,'2018-09-09');
INSERT INTO `availableEmployee` (`staffID`,`calendarDate`) VALUES (109,'2018-09-09');
INSERT INTO `availableEmployee` (`staffID`,`calendarDate`) VALUES (110,'2018-09-09');
INSERT INTO `availableEmployee` (`staffID`,`calendarDate`) VALUES (111,'2018-09-09');
INSERT INTO `availableEmployee` (`staffID`,`calendarDate`) VALUES (112,'2018-09-09');
INSERT INTO `availableEmployee` (`staffID`,`calendarDate`) VALUES (113,'2018-09-09');
INSERT INTO `availableEmployee` (`staffID`,`calendarDate`) VALUES (101,'2018-10-07');
INSERT INTO `availableEmployee` (`staffID`,`calendarDate`) VALUES (102,'2018-10-07');
INSERT INTO `availableEmployee` (`staffID`,`calendarDate`) VALUES (103,'2018-10-07');
INSERT INTO `availableEmployee` (`staffID`,`calendarDate`) VALUES (104,'2018-10-07');
INSERT INTO `availableEmployee` (`staffID`,`calendarDate`) VALUES (105,'2018-10-07');
INSERT INTO `availableEmployee` (`staffID`,`calendarDate`) VALUES (106,'2018-10-07');
INSERT INTO `availableEmployee` (`staffID`,`calendarDate`) VALUES (107,'2018-10-07');
INSERT INTO `availableEmployee` (`staffID`,`calendarDate`) VALUES (108,'2018-10-07');
INSERT INTO `availableEmployee` (`staffID`,`calendarDate`) VALUES (109,'2018-10-07');
INSERT INTO `availableEmployee` (`staffID`,`calendarDate`) VALUES (110,'2018-10-07');
INSERT INTO `availableEmployee` (`staffID`,`calendarDate`) VALUES (111,'2018-10-07');
INSERT INTO `availableEmployee` (`staffID`,`calendarDate`) VALUES (112,'2018-10-07');
INSERT INTO `availableEmployee` (`staffID`,`calendarDate`) VALUES (113,'2018-10-07');
INSERT INTO `availableEmployee` (`staffID`,`calendarDate`) VALUES (101,'2018-10-14');
INSERT INTO `availableEmployee` (`staffID`,`calendarDate`) VALUES (102,'2018-10-14');
INSERT INTO `availableEmployee` (`staffID`,`calendarDate`) VALUES (103,'2018-10-14');
INSERT INTO `availableEmployee` (`staffID`,`calendarDate`) VALUES (104,'2018-10-14');
INSERT INTO `availableEmployee` (`staffID`,`calendarDate`) VALUES (105,'2018-10-14');
INSERT INTO `availableEmployee` (`staffID`,`calendarDate`) VALUES (106,'2018-10-14');
INSERT INTO `availableEmployee` (`staffID`,`calendarDate`) VALUES (107,'2018-10-14');
INSERT INTO `availableEmployee` (`staffID`,`calendarDate`) VALUES (108,'2018-10-14');
INSERT INTO `availableEmployee` (`staffID`,`calendarDate`) VALUES (109,'2018-10-14');
INSERT INTO `availableEmployee` (`staffID`,`calendarDate`) VALUES (110,'2018-10-14');
INSERT INTO `availableEmployee` (`staffID`,`calendarDate`) VALUES (111,'2018-10-14');
INSERT INTO `availableEmployee` (`staffID`,`calendarDate`) VALUES (112,'2018-10-14');
INSERT INTO `availableEmployee` (`staffID`,`calendarDate`) VALUES (113,'2018-10-14');
INSERT INTO `availableEmployee` (`staffID`,`calendarDate`) VALUES (101,'2018-11-04');
INSERT INTO `availableEmployee` (`staffID`,`calendarDate`) VALUES (102,'2018-11-04');
INSERT INTO `availableEmployee` (`staffID`,`calendarDate`) VALUES (103,'2018-11-04');
INSERT INTO `availableEmployee` (`staffID`,`calendarDate`) VALUES (104,'2018-11-04');
INSERT INTO `availableEmployee` (`staffID`,`calendarDate`) VALUES (105,'2018-11-04');
INSERT INTO `availableEmployee` (`staffID`,`calendarDate`) VALUES (106,'2018-11-04');
INSERT INTO `availableEmployee` (`staffID`,`calendarDate`) VALUES (107,'2018-11-04');
INSERT INTO `availableEmployee` (`staffID`,`calendarDate`) VALUES (108,'2018-11-04');
INSERT INTO `availableEmployee` (`staffID`,`calendarDate`) VALUES (109,'2018-11-04');
INSERT INTO `availableEmployee` (`staffID`,`calendarDate`) VALUES (110,'2018-11-04');
INSERT INTO `availableEmployee` (`staffID`,`calendarDate`) VALUES (111,'2018-11-04');
INSERT INTO `availableEmployee` (`staffID`,`calendarDate`) VALUES (112,'2018-11-04');
INSERT INTO `availableEmployee` (`staffID`,`calendarDate`) VALUES (113,'2018-11-04');
INSERT INTO `availableEmployee` (`staffID`,`calendarDate`) VALUES (101,'2018-11-11');
INSERT INTO `availableEmployee` (`staffID`,`calendarDate`) VALUES (102,'2018-11-11');
INSERT INTO `availableEmployee` (`staffID`,`calendarDate`) VALUES (103,'2018-11-11');
INSERT INTO `availableEmployee` (`staffID`,`calendarDate`) VALUES (104,'2018-11-11');
INSERT INTO `availableEmployee` (`staffID`,`calendarDate`) VALUES (105,'2018-11-11');
INSERT INTO `availableEmployee` (`staffID`,`calendarDate`) VALUES (106,'2018-11-11');
INSERT INTO `availableEmployee` (`staffID`,`calendarDate`) VALUES (107,'2018-11-11');
INSERT INTO `availableEmployee` (`staffID`,`calendarDate`) VALUES (108,'2018-11-11');
INSERT INTO `availableEmployee` (`staffID`,`calendarDate`) VALUES (109,'2018-11-11');
INSERT INTO `availableEmployee` (`staffID`,`calendarDate`) VALUES (110,'2018-11-11');
INSERT INTO `availableEmployee` (`staffID`,`calendarDate`) VALUES (111,'2018-11-11');
INSERT INTO `availableEmployee` (`staffID`,`calendarDate`) VALUES (112,'2018-11-11');
INSERT INTO `availableEmployee` (`staffID`,`calendarDate`) VALUES (113,'2018-11-11');
INSERT INTO `availableEmployee` (`staffID`,`calendarDate`) VALUES (101,'2018-12-01');
INSERT INTO `availableEmployee` (`staffID`,`calendarDate`) VALUES (102,'2018-12-01');
INSERT INTO `availableEmployee` (`staffID`,`calendarDate`) VALUES (103,'2018-12-01');
INSERT INTO `availableEmployee` (`staffID`,`calendarDate`) VALUES (104,'2018-12-01');
INSERT INTO `availableEmployee` (`staffID`,`calendarDate`) VALUES (105,'2018-12-01');
INSERT INTO `availableEmployee` (`staffID`,`calendarDate`) VALUES (106,'2018-12-01');
INSERT INTO `availableEmployee` (`staffID`,`calendarDate`) VALUES (107,'2018-12-01');
INSERT INTO `availableEmployee` (`staffID`,`calendarDate`) VALUES (108,'2018-12-01');
INSERT INTO `availableEmployee` (`staffID`,`calendarDate`) VALUES (109,'2018-12-01');
INSERT INTO `availableEmployee` (`staffID`,`calendarDate`) VALUES (110,'2018-12-01');
INSERT INTO `availableEmployee` (`staffID`,`calendarDate`) VALUES (101,'2018-12-02');
INSERT INTO `availableEmployee` (`staffID`,`calendarDate`) VALUES (102,'2018-12-02');
INSERT INTO `availableEmployee` (`staffID`,`calendarDate`) VALUES (103,'2018-12-02');
INSERT INTO `availableEmployee` (`staffID`,`calendarDate`) VALUES (104,'2018-12-02');
INSERT INTO `availableEmployee` (`staffID`,`calendarDate`) VALUES (105,'2018-12-02');
INSERT INTO `availableEmployee` (`staffID`,`calendarDate`) VALUES (106,'2018-12-02');
INSERT INTO `availableEmployee` (`staffID`,`calendarDate`) VALUES (107,'2018-12-02');
INSERT INTO `availableEmployee` (`staffID`,`calendarDate`) VALUES (108,'2018-12-02');
INSERT INTO `availableEmployee` (`staffID`,`calendarDate`) VALUES (109,'2018-12-02');
INSERT INTO `availableEmployee` (`staffID`,`calendarDate`) VALUES (110,'2018-12-02');
INSERT INTO `availableEmployee` (`staffID`,`calendarDate`) VALUES (101,'2018-12-03');
INSERT INTO `availableEmployee` (`staffID`,`calendarDate`) VALUES (102,'2018-12-03');
INSERT INTO `availableEmployee` (`staffID`,`calendarDate`) VALUES (103,'2018-12-03');
INSERT INTO `availableEmployee` (`staffID`,`calendarDate`) VALUES (104,'2018-12-03');
INSERT INTO `availableEmployee` (`staffID`,`calendarDate`) VALUES (105,'2018-12-03');
INSERT INTO `availableEmployee` (`staffID`,`calendarDate`) VALUES (106,'2018-12-03');
INSERT INTO `availableEmployee` (`staffID`,`calendarDate`) VALUES (107,'2018-12-03');
INSERT INTO `availableEmployee` (`staffID`,`calendarDate`) VALUES (108,'2018-12-03');
INSERT INTO `availableEmployee` (`staffID`,`calendarDate`) VALUES (109,'2018-12-03');
INSERT INTO `availableEmployee` (`staffID`,`calendarDate`) VALUES (110,'2018-12-03');
INSERT INTO `availableEmployee` (`staffID`,`calendarDate`) VALUES (101,'2018-12-04');
INSERT INTO `availableEmployee` (`staffID`,`calendarDate`) VALUES (102,'2018-12-04');
INSERT INTO `availableEmployee` (`staffID`,`calendarDate`) VALUES (103,'2018-12-04');
INSERT INTO `availableEmployee` (`staffID`,`calendarDate`) VALUES (104,'2018-12-04');
INSERT INTO `availableEmployee` (`staffID`,`calendarDate`) VALUES (105,'2018-12-04');
INSERT INTO `availableEmployee` (`staffID`,`calendarDate`) VALUES (106,'2018-12-04');
INSERT INTO `availableEmployee` (`staffID`,`calendarDate`) VALUES (107,'2018-12-04');
INSERT INTO `availableEmployee` (`staffID`,`calendarDate`) VALUES (108,'2018-12-04');
INSERT INTO `availableEmployee` (`staffID`,`calendarDate`) VALUES (109,'2018-12-04');
INSERT INTO `availableEmployee` (`staffID`,`calendarDate`) VALUES (110,'2018-12-04');
INSERT INTO `availableEmployee` (`staffID`,`calendarDate`) VALUES (101,'2018-12-05');
INSERT INTO `availableEmployee` (`staffID`,`calendarDate`) VALUES (102,'2018-12-05');
INSERT INTO `availableEmployee` (`staffID`,`calendarDate`) VALUES (103,'2018-12-05');
INSERT INTO `availableEmployee` (`staffID`,`calendarDate`) VALUES (104,'2018-12-05');
INSERT INTO `availableEmployee` (`staffID`,`calendarDate`) VALUES (105,'2018-12-05');
INSERT INTO `availableEmployee` (`staffID`,`calendarDate`) VALUES (106,'2018-12-05');
INSERT INTO `availableEmployee` (`staffID`,`calendarDate`) VALUES (107,'2018-12-05');
INSERT INTO `availableEmployee` (`staffID`,`calendarDate`) VALUES (108,'2018-12-05');
INSERT INTO `availableEmployee` (`staffID`,`calendarDate`) VALUES (109,'2018-12-05');
INSERT INTO `availableEmployee` (`staffID`,`calendarDate`) VALUES (110,'2018-12-05');
INSERT INTO `availableEmployee` (`staffID`,`calendarDate`) VALUES (101,'2018-12-06');
INSERT INTO `availableEmployee` (`staffID`,`calendarDate`) VALUES (102,'2018-12-06');
INSERT INTO `availableEmployee` (`staffID`,`calendarDate`) VALUES (103,'2018-12-06');
INSERT INTO `availableEmployee` (`staffID`,`calendarDate`) VALUES (104,'2018-12-06');
INSERT INTO `availableEmployee` (`staffID`,`calendarDate`) VALUES (105,'2018-12-06');
INSERT INTO `availableEmployee` (`staffID`,`calendarDate`) VALUES (106,'2018-12-06');
INSERT INTO `availableEmployee` (`staffID`,`calendarDate`) VALUES (107,'2018-12-06');
INSERT INTO `availableEmployee` (`staffID`,`calendarDate`) VALUES (108,'2018-12-06');
INSERT INTO `availableEmployee` (`staffID`,`calendarDate`) VALUES (109,'2018-12-06');
INSERT INTO `availableEmployee` (`staffID`,`calendarDate`) VALUES (110,'2018-12-06');
INSERT INTO `availableEmployee` (`staffID`,`calendarDate`) VALUES (101,'2018-12-07');
INSERT INTO `availableEmployee` (`staffID`,`calendarDate`) VALUES (102,'2018-12-07');
INSERT INTO `availableEmployee` (`staffID`,`calendarDate`) VALUES (103,'2018-12-07');
INSERT INTO `availableEmployee` (`staffID`,`calendarDate`) VALUES (104,'2018-12-07');
INSERT INTO `availableEmployee` (`staffID`,`calendarDate`) VALUES (105,'2018-12-07');
INSERT INTO `availableEmployee` (`staffID`,`calendarDate`) VALUES (106,'2018-12-07');
INSERT INTO `availableEmployee` (`staffID`,`calendarDate`) VALUES (107,'2018-12-07');
INSERT INTO `availableEmployee` (`staffID`,`calendarDate`) VALUES (108,'2018-12-07');
INSERT INTO `availableEmployee` (`staffID`,`calendarDate`) VALUES (109,'2018-12-07');
INSERT INTO `availableEmployee` (`staffID`,`calendarDate`) VALUES (110,'2018-12-07');
INSERT INTO `availableEmployee` (`staffID`,`calendarDate`) VALUES (101,'2018-12-08');
INSERT INTO `availableEmployee` (`staffID`,`calendarDate`) VALUES (102,'2018-12-08');
INSERT INTO `availableEmployee` (`staffID`,`calendarDate`) VALUES (103,'2018-12-08');
INSERT INTO `availableEmployee` (`staffID`,`calendarDate`) VALUES (104,'2018-12-08');
INSERT INTO `availableEmployee` (`staffID`,`calendarDate`) VALUES (105,'2018-12-08');
INSERT INTO `availableEmployee` (`staffID`,`calendarDate`) VALUES (106,'2018-12-08');
INSERT INTO `availableEmployee` (`staffID`,`calendarDate`) VALUES (107,'2018-12-08');
INSERT INTO `availableEmployee` (`staffID`,`calendarDate`) VALUES (108,'2018-12-08');
INSERT INTO `availableEmployee` (`staffID`,`calendarDate`) VALUES (109,'2018-12-08');
INSERT INTO `availableEmployee` (`staffID`,`calendarDate`) VALUES (110,'2018-12-08');
INSERT INTO `availableEmployee` (`staffID`,`calendarDate`) VALUES (101,'2018-12-09');
INSERT INTO `availableEmployee` (`staffID`,`calendarDate`) VALUES (102,'2018-12-09');
INSERT INTO `availableEmployee` (`staffID`,`calendarDate`) VALUES (103,'2018-12-09');
INSERT INTO `availableEmployee` (`staffID`,`calendarDate`) VALUES (104,'2018-12-09');
INSERT INTO `availableEmployee` (`staffID`,`calendarDate`) VALUES (105,'2018-12-09');
INSERT INTO `availableEmployee` (`staffID`,`calendarDate`) VALUES (106,'2018-12-09');
INSERT INTO `availableEmployee` (`staffID`,`calendarDate`) VALUES (107,'2018-12-09');
INSERT INTO `availableEmployee` (`staffID`,`calendarDate`) VALUES (108,'2018-12-09');
INSERT INTO `availableEmployee` (`staffID`,`calendarDate`) VALUES (109,'2018-12-09');
INSERT INTO `availableEmployee` (`staffID`,`calendarDate`) VALUES (110,'2018-12-09');
INSERT INTO `availableEmployee` (`staffID`,`calendarDate`) VALUES (101,'2018-12-10');
INSERT INTO `availableEmployee` (`staffID`,`calendarDate`) VALUES (102,'2018-12-10');
INSERT INTO `availableEmployee` (`staffID`,`calendarDate`) VALUES (103,'2018-12-10');
INSERT INTO `availableEmployee` (`staffID`,`calendarDate`) VALUES (104,'2018-12-10');
INSERT INTO `availableEmployee` (`staffID`,`calendarDate`) VALUES (105,'2018-12-10');
INSERT INTO `availableEmployee` (`staffID`,`calendarDate`) VALUES (106,'2018-12-10');
INSERT INTO `availableEmployee` (`staffID`,`calendarDate`) VALUES (107,'2018-12-10');
INSERT INTO `availableEmployee` (`staffID`,`calendarDate`) VALUES (108,'2018-12-10');
INSERT INTO `availableEmployee` (`staffID`,`calendarDate`) VALUES (109,'2018-12-10');
INSERT INTO `availableEmployee` (`staffID`,`calendarDate`) VALUES (110,'2018-12-10');
INSERT INTO `availableEmployee` (`staffID`,`calendarDate`) VALUES (101,'2018-12-11');
INSERT INTO `availableEmployee` (`staffID`,`calendarDate`) VALUES (102,'2018-12-11');
INSERT INTO `availableEmployee` (`staffID`,`calendarDate`) VALUES (103,'2018-12-11');
INSERT INTO `availableEmployee` (`staffID`,`calendarDate`) VALUES (104,'2018-12-11');
INSERT INTO `availableEmployee` (`staffID`,`calendarDate`) VALUES (105,'2018-12-11');
INSERT INTO `availableEmployee` (`staffID`,`calendarDate`) VALUES (106,'2018-12-11');
INSERT INTO `availableEmployee` (`staffID`,`calendarDate`) VALUES (107,'2018-12-11');
INSERT INTO `availableEmployee` (`staffID`,`calendarDate`) VALUES (108,'2018-12-11');
INSERT INTO `availableEmployee` (`staffID`,`calendarDate`) VALUES (109,'2018-12-11');
INSERT INTO `availableEmployee` (`staffID`,`calendarDate`) VALUES (110,'2018-12-11');
INSERT INTO `availableEmployee` (`staffID`,`calendarDate`) VALUES (101,'2018-12-12');
INSERT INTO `availableEmployee` (`staffID`,`calendarDate`) VALUES (102,'2018-12-12');
INSERT INTO `availableEmployee` (`staffID`,`calendarDate`) VALUES (103,'2018-12-12');
INSERT INTO `availableEmployee` (`staffID`,`calendarDate`) VALUES (104,'2018-12-12');
INSERT INTO `availableEmployee` (`staffID`,`calendarDate`) VALUES (105,'2018-12-12');
INSERT INTO `availableEmployee` (`staffID`,`calendarDate`) VALUES (106,'2018-12-12');
INSERT INTO `availableEmployee` (`staffID`,`calendarDate`) VALUES (107,'2018-12-12');
INSERT INTO `availableEmployee` (`staffID`,`calendarDate`) VALUES (108,'2018-12-12');
INSERT INTO `availableEmployee` (`staffID`,`calendarDate`) VALUES (109,'2018-12-12');
INSERT INTO `availableEmployee` (`staffID`,`calendarDate`) VALUES (110,'2018-12-12');
INSERT INTO `availableEmployee` (`staffID`,`calendarDate`) VALUES (101,'2018-12-13');
INSERT INTO `availableEmployee` (`staffID`,`calendarDate`) VALUES (102,'2018-12-13');
INSERT INTO `availableEmployee` (`staffID`,`calendarDate`) VALUES (103,'2018-12-13');
INSERT INTO `availableEmployee` (`staffID`,`calendarDate`) VALUES (104,'2018-12-13');
INSERT INTO `availableEmployee` (`staffID`,`calendarDate`) VALUES (105,'2018-12-13');
INSERT INTO `availableEmployee` (`staffID`,`calendarDate`) VALUES (106,'2018-12-13');
INSERT INTO `availableEmployee` (`staffID`,`calendarDate`) VALUES (107,'2018-12-13');
INSERT INTO `availableEmployee` (`staffID`,`calendarDate`) VALUES (108,'2018-12-13');
INSERT INTO `availableEmployee` (`staffID`,`calendarDate`) VALUES (109,'2018-12-13');
INSERT INTO `availableEmployee` (`staffID`,`calendarDate`) VALUES (110,'2018-12-13');
INSERT INTO `availableEmployee` (`staffID`,`calendarDate`) VALUES (101,'2018-12-14');
INSERT INTO `availableEmployee` (`staffID`,`calendarDate`) VALUES (102,'2018-12-14');
INSERT INTO `availableEmployee` (`staffID`,`calendarDate`) VALUES (103,'2018-12-14');
INSERT INTO `availableEmployee` (`staffID`,`calendarDate`) VALUES (104,'2018-12-14');
INSERT INTO `availableEmployee` (`staffID`,`calendarDate`) VALUES (105,'2018-12-14');
INSERT INTO `availableEmployee` (`staffID`,`calendarDate`) VALUES (106,'2018-12-14');
INSERT INTO `availableEmployee` (`staffID`,`calendarDate`) VALUES (107,'2018-12-14');
INSERT INTO `availableEmployee` (`staffID`,`calendarDate`) VALUES (108,'2018-12-14');
INSERT INTO `availableEmployee` (`staffID`,`calendarDate`) VALUES (109,'2018-12-14');
INSERT INTO `availableEmployee` (`staffID`,`calendarDate`) VALUES (110,'2018-12-14');
INSERT INTO `availableEmployee` (`staffID`,`calendarDate`) VALUES (101,'2018-12-15');
INSERT INTO `availableEmployee` (`staffID`,`calendarDate`) VALUES (102,'2018-12-15');
INSERT INTO `availableEmployee` (`staffID`,`calendarDate`) VALUES (103,'2018-12-15');
INSERT INTO `availableEmployee` (`staffID`,`calendarDate`) VALUES (104,'2018-12-15');
INSERT INTO `availableEmployee` (`staffID`,`calendarDate`) VALUES (105,'2018-12-15');
INSERT INTO `availableEmployee` (`staffID`,`calendarDate`) VALUES (106,'2018-12-15');
INSERT INTO `availableEmployee` (`staffID`,`calendarDate`) VALUES (107,'2018-12-15');
INSERT INTO `availableEmployee` (`staffID`,`calendarDate`) VALUES (108,'2018-12-15');
INSERT INTO `availableEmployee` (`staffID`,`calendarDate`) VALUES (109,'2018-12-15');
INSERT INTO `availableEmployee` (`staffID`,`calendarDate`) VALUES (110,'2018-12-15');
INSERT INTO `availableEmployee` (`staffID`,`calendarDate`) VALUES (101,'2018-12-16');
INSERT INTO `availableEmployee` (`staffID`,`calendarDate`) VALUES (102,'2018-12-16');
INSERT INTO `availableEmployee` (`staffID`,`calendarDate`) VALUES (103,'2018-12-16');
INSERT INTO `availableEmployee` (`staffID`,`calendarDate`) VALUES (104,'2018-12-16');
INSERT INTO `availableEmployee` (`staffID`,`calendarDate`) VALUES (105,'2018-12-16');
INSERT INTO `availableEmployee` (`staffID`,`calendarDate`) VALUES (106,'2018-12-16');
INSERT INTO `availableEmployee` (`staffID`,`calendarDate`) VALUES (107,'2018-12-16');
INSERT INTO `availableEmployee` (`staffID`,`calendarDate`) VALUES (108,'2018-12-16');
INSERT INTO `availableEmployee` (`staffID`,`calendarDate`) VALUES (109,'2018-12-16');
INSERT INTO `availableEmployee` (`staffID`,`calendarDate`) VALUES (110,'2018-12-16');
INSERT INTO `availableEmployee` (`staffID`,`calendarDate`) VALUES (101,'2018-12-17');
INSERT INTO `availableEmployee` (`staffID`,`calendarDate`) VALUES (102,'2018-12-17');
INSERT INTO `availableEmployee` (`staffID`,`calendarDate`) VALUES (103,'2018-12-17');
INSERT INTO `availableEmployee` (`staffID`,`calendarDate`) VALUES (104,'2018-12-17');
INSERT INTO `availableEmployee` (`staffID`,`calendarDate`) VALUES (105,'2018-12-17');
INSERT INTO `availableEmployee` (`staffID`,`calendarDate`) VALUES (106,'2018-12-17');
INSERT INTO `availableEmployee` (`staffID`,`calendarDate`) VALUES (107,'2018-12-17');
INSERT INTO `availableEmployee` (`staffID`,`calendarDate`) VALUES (108,'2018-12-17');
INSERT INTO `availableEmployee` (`staffID`,`calendarDate`) VALUES (109,'2018-12-17');
INSERT INTO `availableEmployee` (`staffID`,`calendarDate`) VALUES (110,'2018-12-17');
INSERT INTO `availableEmployee` (`staffID`,`calendarDate`) VALUES (101,'2018-12-18');
INSERT INTO `availableEmployee` (`staffID`,`calendarDate`) VALUES (102,'2018-12-18');
INSERT INTO `availableEmployee` (`staffID`,`calendarDate`) VALUES (103,'2018-12-18');
INSERT INTO `availableEmployee` (`staffID`,`calendarDate`) VALUES (104,'2018-12-18');
INSERT INTO `availableEmployee` (`staffID`,`calendarDate`) VALUES (105,'2018-12-18');
INSERT INTO `availableEmployee` (`staffID`,`calendarDate`) VALUES (106,'2018-12-18');
INSERT INTO `availableEmployee` (`staffID`,`calendarDate`) VALUES (107,'2018-12-18');
INSERT INTO `availableEmployee` (`staffID`,`calendarDate`) VALUES (108,'2018-12-18');
INSERT INTO `availableEmployee` (`staffID`,`calendarDate`) VALUES (109,'2018-12-18');
INSERT INTO `availableEmployee` (`staffID`,`calendarDate`) VALUES (110,'2018-12-18');
INSERT INTO `availableEmployee` (`staffID`,`calendarDate`) VALUES (101,'2018-12-19');
INSERT INTO `availableEmployee` (`staffID`,`calendarDate`) VALUES (102,'2018-12-19');
INSERT INTO `availableEmployee` (`staffID`,`calendarDate`) VALUES (103,'2018-12-19');
INSERT INTO `availableEmployee` (`staffID`,`calendarDate`) VALUES (104,'2018-12-19');
INSERT INTO `availableEmployee` (`staffID`,`calendarDate`) VALUES (105,'2018-12-19');
INSERT INTO `availableEmployee` (`staffID`,`calendarDate`) VALUES (106,'2018-12-19');
INSERT INTO `availableEmployee` (`staffID`,`calendarDate`) VALUES (107,'2018-12-19');
INSERT INTO `availableEmployee` (`staffID`,`calendarDate`) VALUES (108,'2018-12-19');
INSERT INTO `availableEmployee` (`staffID`,`calendarDate`) VALUES (109,'2018-12-19');
INSERT INTO `availableEmployee` (`staffID`,`calendarDate`) VALUES (110,'2018-12-19');
INSERT INTO `availableEmployee` (`staffID`,`calendarDate`) VALUES (101,'2018-12-20');
INSERT INTO `availableEmployee` (`staffID`,`calendarDate`) VALUES (102,'2018-12-20');
INSERT INTO `availableEmployee` (`staffID`,`calendarDate`) VALUES (103,'2018-12-20');
INSERT INTO `availableEmployee` (`staffID`,`calendarDate`) VALUES (104,'2018-12-20');
INSERT INTO `availableEmployee` (`staffID`,`calendarDate`) VALUES (105,'2018-12-20');
INSERT INTO `availableEmployee` (`staffID`,`calendarDate`) VALUES (106,'2018-12-20');
INSERT INTO `availableEmployee` (`staffID`,`calendarDate`) VALUES (107,'2018-12-20');
INSERT INTO `availableEmployee` (`staffID`,`calendarDate`) VALUES (108,'2018-12-20');
INSERT INTO `availableEmployee` (`staffID`,`calendarDate`) VALUES (109,'2018-12-20');
INSERT INTO `availableEmployee` (`staffID`,`calendarDate`) VALUES (110,'2018-12-20');
INSERT INTO `availableEmployee` (`staffID`,`calendarDate`) VALUES (101,'2018-12-21');
INSERT INTO `availableEmployee` (`staffID`,`calendarDate`) VALUES (102,'2018-12-21');
INSERT INTO `availableEmployee` (`staffID`,`calendarDate`) VALUES (103,'2018-12-21');
INSERT INTO `availableEmployee` (`staffID`,`calendarDate`) VALUES (104,'2018-12-21');
INSERT INTO `availableEmployee` (`staffID`,`calendarDate`) VALUES (105,'2018-12-21');
INSERT INTO `availableEmployee` (`staffID`,`calendarDate`) VALUES (106,'2018-12-21');
INSERT INTO `availableEmployee` (`staffID`,`calendarDate`) VALUES (107,'2018-12-21');
INSERT INTO `availableEmployee` (`staffID`,`calendarDate`) VALUES (108,'2018-12-21');
INSERT INTO `availableEmployee` (`staffID`,`calendarDate`) VALUES (109,'2018-12-21');
INSERT INTO `availableEmployee` (`staffID`,`calendarDate`) VALUES (110,'2018-12-21');
INSERT INTO `availableEmployee` (`staffID`,`calendarDate`) VALUES (101,'2018-12-22');
INSERT INTO `availableEmployee` (`staffID`,`calendarDate`) VALUES (102,'2018-12-22');
INSERT INTO `availableEmployee` (`staffID`,`calendarDate`) VALUES (103,'2018-12-22');
INSERT INTO `availableEmployee` (`staffID`,`calendarDate`) VALUES (104,'2018-12-22');
INSERT INTO `availableEmployee` (`staffID`,`calendarDate`) VALUES (105,'2018-12-22');
INSERT INTO `availableEmployee` (`staffID`,`calendarDate`) VALUES (106,'2018-12-22');
INSERT INTO `availableEmployee` (`staffID`,`calendarDate`) VALUES (107,'2018-12-22');
INSERT INTO `availableEmployee` (`staffID`,`calendarDate`) VALUES (108,'2018-12-22');
INSERT INTO `availableEmployee` (`staffID`,`calendarDate`) VALUES (109,'2018-12-22');
INSERT INTO `availableEmployee` (`staffID`,`calendarDate`) VALUES (110,'2018-12-22');
INSERT INTO `availableEmployee` (`staffID`,`calendarDate`) VALUES (101,'2018-12-23');
INSERT INTO `availableEmployee` (`staffID`,`calendarDate`) VALUES (102,'2018-12-23');
INSERT INTO `availableEmployee` (`staffID`,`calendarDate`) VALUES (103,'2018-12-23');
INSERT INTO `availableEmployee` (`staffID`,`calendarDate`) VALUES (104,'2018-12-23');
INSERT INTO `availableEmployee` (`staffID`,`calendarDate`) VALUES (105,'2018-12-23');
INSERT INTO `availableEmployee` (`staffID`,`calendarDate`) VALUES (106,'2018-12-23');
INSERT INTO `availableEmployee` (`staffID`,`calendarDate`) VALUES (107,'2018-12-23');
INSERT INTO `availableEmployee` (`staffID`,`calendarDate`) VALUES (108,'2018-12-23');
INSERT INTO `availableEmployee` (`staffID`,`calendarDate`) VALUES (109,'2018-12-23');
INSERT INTO `availableEmployee` (`staffID`,`calendarDate`) VALUES (110,'2018-12-23');
INSERT INTO `availableEmployee` (`staffID`,`calendarDate`) VALUES (101,'2018-12-24');
INSERT INTO `availableEmployee` (`staffID`,`calendarDate`) VALUES (102,'2018-12-24');
INSERT INTO `availableEmployee` (`staffID`,`calendarDate`) VALUES (103,'2018-12-24');
INSERT INTO `availableEmployee` (`staffID`,`calendarDate`) VALUES (104,'2018-12-24');
INSERT INTO `availableEmployee` (`staffID`,`calendarDate`) VALUES (105,'2018-12-24');
INSERT INTO `availableEmployee` (`staffID`,`calendarDate`) VALUES (106,'2018-12-24');
INSERT INTO `availableEmployee` (`staffID`,`calendarDate`) VALUES (107,'2018-12-24');
INSERT INTO `availableEmployee` (`staffID`,`calendarDate`) VALUES (108,'2018-12-24');
INSERT INTO `availableEmployee` (`staffID`,`calendarDate`) VALUES (109,'2018-12-24');
INSERT INTO `availableEmployee` (`staffID`,`calendarDate`) VALUES (110,'2018-12-24');
INSERT INTO `availableEmployee` (`staffID`,`calendarDate`) VALUES (107,'2018-12-25');
INSERT INTO `availableEmployee` (`staffID`,`calendarDate`) VALUES (108,'2018-12-25');
INSERT INTO `availableEmployee` (`staffID`,`calendarDate`) VALUES (101,'2018-12-26');
INSERT INTO `availableEmployee` (`staffID`,`calendarDate`) VALUES (102,'2018-12-26');
INSERT INTO `availableEmployee` (`staffID`,`calendarDate`) VALUES (103,'2018-12-26');
INSERT INTO `availableEmployee` (`staffID`,`calendarDate`) VALUES (104,'2018-12-26');
INSERT INTO `availableEmployee` (`staffID`,`calendarDate`) VALUES (105,'2018-12-26');
INSERT INTO `availableEmployee` (`staffID`,`calendarDate`) VALUES (106,'2018-12-26');
INSERT INTO `availableEmployee` (`staffID`,`calendarDate`) VALUES (107,'2018-12-26');
INSERT INTO `availableEmployee` (`staffID`,`calendarDate`) VALUES (108,'2018-12-26');
INSERT INTO `availableEmployee` (`staffID`,`calendarDate`) VALUES (109,'2018-12-26');
INSERT INTO `availableEmployee` (`staffID`,`calendarDate`) VALUES (110,'2018-12-26');
INSERT INTO `availableEmployee` (`staffID`,`calendarDate`) VALUES (101,'2018-12-27');
INSERT INTO `availableEmployee` (`staffID`,`calendarDate`) VALUES (102,'2018-12-27');
INSERT INTO `availableEmployee` (`staffID`,`calendarDate`) VALUES (103,'2018-12-27');
INSERT INTO `availableEmployee` (`staffID`,`calendarDate`) VALUES (104,'2018-12-27');
INSERT INTO `availableEmployee` (`staffID`,`calendarDate`) VALUES (105,'2018-12-27');
INSERT INTO `availableEmployee` (`staffID`,`calendarDate`) VALUES (106,'2018-12-27');
INSERT INTO `availableEmployee` (`staffID`,`calendarDate`) VALUES (107,'2018-12-27');
INSERT INTO `availableEmployee` (`staffID`,`calendarDate`) VALUES (108,'2018-12-27');
INSERT INTO `availableEmployee` (`staffID`,`calendarDate`) VALUES (109,'2018-12-27');
INSERT INTO `availableEmployee` (`staffID`,`calendarDate`) VALUES (110,'2018-12-27');
INSERT INTO `availableEmployee` (`staffID`,`calendarDate`) VALUES (101,'2018-12-28');
INSERT INTO `availableEmployee` (`staffID`,`calendarDate`) VALUES (102,'2018-12-28');
INSERT INTO `availableEmployee` (`staffID`,`calendarDate`) VALUES (103,'2018-12-28');
INSERT INTO `availableEmployee` (`staffID`,`calendarDate`) VALUES (104,'2018-12-28');
INSERT INTO `availableEmployee` (`staffID`,`calendarDate`) VALUES (105,'2018-12-28');
INSERT INTO `availableEmployee` (`staffID`,`calendarDate`) VALUES (106,'2018-12-28');
INSERT INTO `availableEmployee` (`staffID`,`calendarDate`) VALUES (107,'2018-12-28');
INSERT INTO `availableEmployee` (`staffID`,`calendarDate`) VALUES (108,'2018-12-28');
INSERT INTO `availableEmployee` (`staffID`,`calendarDate`) VALUES (109,'2018-12-28');
INSERT INTO `availableEmployee` (`staffID`,`calendarDate`) VALUES (110,'2018-12-28');
INSERT INTO `availableEmployee` (`staffID`,`calendarDate`) VALUES (101,'2018-12-29');
INSERT INTO `availableEmployee` (`staffID`,`calendarDate`) VALUES (102,'2018-12-29');
INSERT INTO `availableEmployee` (`staffID`,`calendarDate`) VALUES (103,'2018-12-29');
INSERT INTO `availableEmployee` (`staffID`,`calendarDate`) VALUES (104,'2018-12-29');
INSERT INTO `availableEmployee` (`staffID`,`calendarDate`) VALUES (105,'2018-12-29');
INSERT INTO `availableEmployee` (`staffID`,`calendarDate`) VALUES (106,'2018-12-29');
INSERT INTO `availableEmployee` (`staffID`,`calendarDate`) VALUES (107,'2018-12-29');
INSERT INTO `availableEmployee` (`staffID`,`calendarDate`) VALUES (108,'2018-12-29');
INSERT INTO `availableEmployee` (`staffID`,`calendarDate`) VALUES (109,'2018-12-29');
INSERT INTO `availableEmployee` (`staffID`,`calendarDate`) VALUES (110,'2018-12-29');
INSERT INTO `availableEmployee` (`staffID`,`calendarDate`) VALUES (101,'2018-12-30');
INSERT INTO `availableEmployee` (`staffID`,`calendarDate`) VALUES (102,'2018-12-30');
INSERT INTO `availableEmployee` (`staffID`,`calendarDate`) VALUES (103,'2018-12-30');
INSERT INTO `availableEmployee` (`staffID`,`calendarDate`) VALUES (104,'2018-12-30');
INSERT INTO `availableEmployee` (`staffID`,`calendarDate`) VALUES (105,'2018-12-30');
INSERT INTO `availableEmployee` (`staffID`,`calendarDate`) VALUES (106,'2018-12-30');
INSERT INTO `availableEmployee` (`staffID`,`calendarDate`) VALUES (107,'2018-12-30');
INSERT INTO `availableEmployee` (`staffID`,`calendarDate`) VALUES (108,'2018-12-30');
INSERT INTO `availableEmployee` (`staffID`,`calendarDate`) VALUES (109,'2018-12-30');
INSERT INTO `availableEmployee` (`staffID`,`calendarDate`) VALUES (110,'2018-12-30');
INSERT INTO `availableEmployee` (`staffID`,`calendarDate`) VALUES (101,'2018-12-31');
INSERT INTO `availableEmployee` (`staffID`,`calendarDate`) VALUES (102,'2018-12-31');
INSERT INTO `availableEmployee` (`staffID`,`calendarDate`) VALUES (103,'2018-12-31');
INSERT INTO `availableEmployee` (`staffID`,`calendarDate`) VALUES (104,'2018-12-31');
INSERT INTO `availableEmployee` (`staffID`,`calendarDate`) VALUES (105,'2018-12-31');
INSERT INTO `availableEmployee` (`staffID`,`calendarDate`) VALUES (106,'2018-12-31');
INSERT INTO `availableEmployee` (`staffID`,`calendarDate`) VALUES (107,'2018-12-31');
INSERT INTO `availableEmployee` (`staffID`,`calendarDate`) VALUES (108,'2018-12-31');
INSERT INTO `availableEmployee` (`staffID`,`calendarDate`) VALUES (109,'2018-12-31');
INSERT INTO `availableEmployee` (`staffID`,`calendarDate`) VALUES (110,'2018-12-31');


/*
-- Query: SELECT * FROM cecs323sec07bg02.bulkOrderInfo
LIMIT 0, 1000

-- Date: 2018-12-11 10:00
*/
INSERT INTO `bulkOrderInfo` (`bulkOrderID`,`minTotal`,`discountPercentage`) VALUES (0,0,0);
INSERT INTO `bulkOrderInfo` (`bulkOrderID`,`minTotal`,`discountPercentage`) VALUES (1,200.01,0.05);
INSERT INTO `bulkOrderInfo` (`bulkOrderID`,`minTotal`,`discountPercentage`) VALUES (2,500.01,0.1);
INSERT INTO `bulkOrderInfo` (`bulkOrderID`,`minTotal`,`discountPercentage`) VALUES (3,1000.01,0.15);


/*
-- Query: SELECT * FROM cecs323sec07bg02.city
LIMIT 0, 1000

-- Date: 2018-12-11 10:01
*/
INSERT INTO `city` (`cityID`,`cityName`,`stateName`) VALUES (11,'Anchorage','Alaska');
INSERT INTO `city` (`cityID`,`cityName`,`stateName`) VALUES (24,'Athens','Georgia');
INSERT INTO `city` (`cityID`,`cityName`,`stateName`) VALUES (8,'Atlanta','Georgia');
INSERT INTO `city` (`cityID`,`cityName`,`stateName`) VALUES (22,'Auburn','Alabama');
INSERT INTO `city` (`cityID`,`cityName`,`stateName`) VALUES (14,'Backwoods','Alabama');
INSERT INTO `city` (`cityID`,`cityName`,`stateName`) VALUES (13,'Buffalo','New-York');
INSERT INTO `city` (`cityID`,`cityName`,`stateName`) VALUES (18,'Compton','California');
INSERT INTO `city` (`cityID`,`cityName`,`stateName`) VALUES (6,'Crimson Tide','Alabama');
INSERT INTO `city` (`cityID`,`cityName`,`stateName`) VALUES (20,'Dallas','Texas');
INSERT INTO `city` (`cityID`,`cityName`,`stateName`) VALUES (7,'Disney World','Flordia');
INSERT INTO `city` (`cityID`,`cityName`,`stateName`) VALUES (12,'El Paso','Texas');
INSERT INTO `city` (`cityID`,`cityName`,`stateName`) VALUES (17,'Everglades','Flordia');
INSERT INTO `city` (`cityID`,`cityName`,`stateName`) VALUES (10,'Guerneville','California');
INSERT INTO `city` (`cityID`,`cityName`,`stateName`) VALUES (15,'Jacksonville','Flordia');
INSERT INTO `city` (`cityID`,`cityName`,`stateName`) VALUES (19,'Juneau','Alaska');
INSERT INTO `city` (`cityID`,`cityName`,`stateName`) VALUES (9,'La Jolla','California');
INSERT INTO `city` (`cityID`,`cityName`,`stateName`) VALUES (1,'Los Angles','California');
INSERT INTO `city` (`cityID`,`cityName`,`stateName`) VALUES (25,'Miami','Flordia');
INSERT INTO `city` (`cityID`,`cityName`,`stateName`) VALUES (5,'New-York City','New-York');
INSERT INTO `city` (`cityID`,`cityName`,`stateName`) VALUES (21,'Newburgh','New-York');
INSERT INTO `city` (`cityID`,`cityName`,`stateName`) VALUES (4,'San Antonio','Texas');
INSERT INTO `city` (`cityID`,`cityName`,`stateName`) VALUES (0,'San Diego','California');
INSERT INTO `city` (`cityID`,`cityName`,`stateName`) VALUES (16,'Savannah','Georgia');
INSERT INTO `city` (`cityID`,`cityName`,`stateName`) VALUES (23,'Tampa Bay','Flordia');
INSERT INTO `city` (`cityID`,`cityName`,`stateName`) VALUES (3,'Utqiagvik','Alaska');


/*
-- Query: SELECT * FROM cecs323sec07bg02.cookShift
LIMIT 0, 1000

-- Date: 2018-12-11 10:02
*/
INSERT INTO `cookShift` (`staffID`,`calendarDate`,`shiftID`,`department`) VALUES (105,'2018-12-01',1812010,'Butcher');
INSERT INTO `cookShift` (`staffID`,`calendarDate`,`shiftID`,`department`) VALUES (105,'2018-12-01',1812011,'Butcher');
INSERT INTO `cookShift` (`staffID`,`calendarDate`,`shiftID`,`department`) VALUES (105,'2018-12-02',1812020,'Butcher');
INSERT INTO `cookShift` (`staffID`,`calendarDate`,`shiftID`,`department`) VALUES (105,'2018-12-02',1812021,'Butcher');
INSERT INTO `cookShift` (`staffID`,`calendarDate`,`shiftID`,`department`) VALUES (105,'2018-12-04',1812040,'Butcher');
INSERT INTO `cookShift` (`staffID`,`calendarDate`,`shiftID`,`department`) VALUES (105,'2018-12-04',1812041,'Butcher');
INSERT INTO `cookShift` (`staffID`,`calendarDate`,`shiftID`,`department`) VALUES (105,'2018-12-05',1812050,'Butcher');
INSERT INTO `cookShift` (`staffID`,`calendarDate`,`shiftID`,`department`) VALUES (105,'2018-12-05',1812051,'Butcher');
INSERT INTO `cookShift` (`staffID`,`calendarDate`,`shiftID`,`department`) VALUES (105,'2018-12-06',1812060,'Butcher');
INSERT INTO `cookShift` (`staffID`,`calendarDate`,`shiftID`,`department`) VALUES (105,'2018-12-06',1812061,'Butcher');
INSERT INTO `cookShift` (`staffID`,`calendarDate`,`shiftID`,`department`) VALUES (105,'2018-12-07',1812070,'Butcher');
INSERT INTO `cookShift` (`staffID`,`calendarDate`,`shiftID`,`department`) VALUES (105,'2018-12-07',1812071,'Butcher');
INSERT INTO `cookShift` (`staffID`,`calendarDate`,`shiftID`,`department`) VALUES (105,'2018-12-08',1812080,'Butcher');
INSERT INTO `cookShift` (`staffID`,`calendarDate`,`shiftID`,`department`) VALUES (105,'2018-12-08',1812081,'Butcher');
INSERT INTO `cookShift` (`staffID`,`calendarDate`,`shiftID`,`department`) VALUES (105,'2018-12-09',1812090,'Butcher');
INSERT INTO `cookShift` (`staffID`,`calendarDate`,`shiftID`,`department`) VALUES (105,'2018-12-09',1812091,'Butcher');
INSERT INTO `cookShift` (`staffID`,`calendarDate`,`shiftID`,`department`) VALUES (105,'2018-12-11',1812110,'Butcher');
INSERT INTO `cookShift` (`staffID`,`calendarDate`,`shiftID`,`department`) VALUES (105,'2018-12-11',1812111,'Butcher');
INSERT INTO `cookShift` (`staffID`,`calendarDate`,`shiftID`,`department`) VALUES (105,'2018-12-12',1812120,'Butcher');
INSERT INTO `cookShift` (`staffID`,`calendarDate`,`shiftID`,`department`) VALUES (105,'2018-12-12',1812121,'Butcher');
INSERT INTO `cookShift` (`staffID`,`calendarDate`,`shiftID`,`department`) VALUES (105,'2018-12-13',1812130,'Butcher');
INSERT INTO `cookShift` (`staffID`,`calendarDate`,`shiftID`,`department`) VALUES (105,'2018-12-13',1812131,'Butcher');
INSERT INTO `cookShift` (`staffID`,`calendarDate`,`shiftID`,`department`) VALUES (105,'2018-12-14',1812140,'Butcher');
INSERT INTO `cookShift` (`staffID`,`calendarDate`,`shiftID`,`department`) VALUES (105,'2018-12-14',1812141,'Butcher');
INSERT INTO `cookShift` (`staffID`,`calendarDate`,`shiftID`,`department`) VALUES (105,'2018-12-15',1812150,'Butcher');
INSERT INTO `cookShift` (`staffID`,`calendarDate`,`shiftID`,`department`) VALUES (105,'2018-12-15',1812151,'Butcher');
INSERT INTO `cookShift` (`staffID`,`calendarDate`,`shiftID`,`department`) VALUES (105,'2018-12-16',1812160,'Butcher');
INSERT INTO `cookShift` (`staffID`,`calendarDate`,`shiftID`,`department`) VALUES (105,'2018-12-16',1812161,'Butcher');
INSERT INTO `cookShift` (`staffID`,`calendarDate`,`shiftID`,`department`) VALUES (105,'2018-12-18',1812180,'Butcher');
INSERT INTO `cookShift` (`staffID`,`calendarDate`,`shiftID`,`department`) VALUES (105,'2018-12-18',1812181,'Butcher');
INSERT INTO `cookShift` (`staffID`,`calendarDate`,`shiftID`,`department`) VALUES (105,'2018-12-19',1812190,'Butcher');
INSERT INTO `cookShift` (`staffID`,`calendarDate`,`shiftID`,`department`) VALUES (105,'2018-12-19',1812191,'Butcher');
INSERT INTO `cookShift` (`staffID`,`calendarDate`,`shiftID`,`department`) VALUES (105,'2018-12-20',1812200,'Butcher');
INSERT INTO `cookShift` (`staffID`,`calendarDate`,`shiftID`,`department`) VALUES (105,'2018-12-20',1812201,'Butcher');
INSERT INTO `cookShift` (`staffID`,`calendarDate`,`shiftID`,`department`) VALUES (105,'2018-12-21',1812210,'Butcher');
INSERT INTO `cookShift` (`staffID`,`calendarDate`,`shiftID`,`department`) VALUES (105,'2018-12-21',1812211,'Butcher');
INSERT INTO `cookShift` (`staffID`,`calendarDate`,`shiftID`,`department`) VALUES (105,'2018-12-22',1812220,'Butcher');
INSERT INTO `cookShift` (`staffID`,`calendarDate`,`shiftID`,`department`) VALUES (105,'2018-12-22',1812221,'Butcher');
INSERT INTO `cookShift` (`staffID`,`calendarDate`,`shiftID`,`department`) VALUES (105,'2018-12-23',1812230,'Butcher');
INSERT INTO `cookShift` (`staffID`,`calendarDate`,`shiftID`,`department`) VALUES (105,'2018-12-23',1812231,'Butcher');
INSERT INTO `cookShift` (`staffID`,`calendarDate`,`shiftID`,`department`) VALUES (105,'2018-12-26',1812260,'Butcher');
INSERT INTO `cookShift` (`staffID`,`calendarDate`,`shiftID`,`department`) VALUES (105,'2018-12-26',1812261,'Butcher');
INSERT INTO `cookShift` (`staffID`,`calendarDate`,`shiftID`,`department`) VALUES (105,'2018-12-27',1812270,'Butcher');
INSERT INTO `cookShift` (`staffID`,`calendarDate`,`shiftID`,`department`) VALUES (105,'2018-12-27',1812271,'Butcher');
INSERT INTO `cookShift` (`staffID`,`calendarDate`,`shiftID`,`department`) VALUES (105,'2018-12-28',1812280,'Butcher');
INSERT INTO `cookShift` (`staffID`,`calendarDate`,`shiftID`,`department`) VALUES (105,'2018-12-28',1812281,'Butcher');
INSERT INTO `cookShift` (`staffID`,`calendarDate`,`shiftID`,`department`) VALUES (105,'2018-12-29',1812290,'Butcher');
INSERT INTO `cookShift` (`staffID`,`calendarDate`,`shiftID`,`department`) VALUES (105,'2018-12-29',1812291,'Butcher');
INSERT INTO `cookShift` (`staffID`,`calendarDate`,`shiftID`,`department`) VALUES (105,'2018-12-30',1812300,'Butcher');
INSERT INTO `cookShift` (`staffID`,`calendarDate`,`shiftID`,`department`) VALUES (105,'2018-12-30',1812301,'Butcher');
INSERT INTO `cookShift` (`staffID`,`calendarDate`,`shiftID`,`department`) VALUES (105,'2018-12-01',1812010,'Fry Cook');
INSERT INTO `cookShift` (`staffID`,`calendarDate`,`shiftID`,`department`) VALUES (105,'2018-12-01',1812011,'Fry Cook');
INSERT INTO `cookShift` (`staffID`,`calendarDate`,`shiftID`,`department`) VALUES (105,'2018-12-02',1812020,'Fry Cook');
INSERT INTO `cookShift` (`staffID`,`calendarDate`,`shiftID`,`department`) VALUES (105,'2018-12-02',1812021,'Fry Cook');
INSERT INTO `cookShift` (`staffID`,`calendarDate`,`shiftID`,`department`) VALUES (105,'2018-12-04',1812040,'Fry Cook');
INSERT INTO `cookShift` (`staffID`,`calendarDate`,`shiftID`,`department`) VALUES (105,'2018-12-04',1812041,'Fry Cook');
INSERT INTO `cookShift` (`staffID`,`calendarDate`,`shiftID`,`department`) VALUES (105,'2018-12-05',1812050,'Fry Cook');
INSERT INTO `cookShift` (`staffID`,`calendarDate`,`shiftID`,`department`) VALUES (105,'2018-12-05',1812051,'Fry Cook');
INSERT INTO `cookShift` (`staffID`,`calendarDate`,`shiftID`,`department`) VALUES (105,'2018-12-06',1812060,'Fry Cook');
INSERT INTO `cookShift` (`staffID`,`calendarDate`,`shiftID`,`department`) VALUES (105,'2018-12-06',1812061,'Fry Cook');
INSERT INTO `cookShift` (`staffID`,`calendarDate`,`shiftID`,`department`) VALUES (105,'2018-12-07',1812070,'Fry Cook');
INSERT INTO `cookShift` (`staffID`,`calendarDate`,`shiftID`,`department`) VALUES (105,'2018-12-07',1812071,'Fry Cook');
INSERT INTO `cookShift` (`staffID`,`calendarDate`,`shiftID`,`department`) VALUES (105,'2018-12-08',1812080,'Fry Cook');
INSERT INTO `cookShift` (`staffID`,`calendarDate`,`shiftID`,`department`) VALUES (105,'2018-12-08',1812081,'Fry Cook');
INSERT INTO `cookShift` (`staffID`,`calendarDate`,`shiftID`,`department`) VALUES (105,'2018-12-09',1812090,'Fry Cook');
INSERT INTO `cookShift` (`staffID`,`calendarDate`,`shiftID`,`department`) VALUES (105,'2018-12-09',1812091,'Fry Cook');
INSERT INTO `cookShift` (`staffID`,`calendarDate`,`shiftID`,`department`) VALUES (105,'2018-12-11',1812110,'Fry Cook');
INSERT INTO `cookShift` (`staffID`,`calendarDate`,`shiftID`,`department`) VALUES (105,'2018-12-11',1812111,'Fry Cook');
INSERT INTO `cookShift` (`staffID`,`calendarDate`,`shiftID`,`department`) VALUES (105,'2018-12-12',1812120,'Fry Cook');
INSERT INTO `cookShift` (`staffID`,`calendarDate`,`shiftID`,`department`) VALUES (105,'2018-12-12',1812121,'Fry Cook');
INSERT INTO `cookShift` (`staffID`,`calendarDate`,`shiftID`,`department`) VALUES (105,'2018-12-13',1812130,'Fry Cook');
INSERT INTO `cookShift` (`staffID`,`calendarDate`,`shiftID`,`department`) VALUES (105,'2018-12-13',1812131,'Fry Cook');
INSERT INTO `cookShift` (`staffID`,`calendarDate`,`shiftID`,`department`) VALUES (105,'2018-12-14',1812140,'Fry Cook');
INSERT INTO `cookShift` (`staffID`,`calendarDate`,`shiftID`,`department`) VALUES (105,'2018-12-14',1812141,'Fry Cook');
INSERT INTO `cookShift` (`staffID`,`calendarDate`,`shiftID`,`department`) VALUES (105,'2018-12-15',1812150,'Fry Cook');
INSERT INTO `cookShift` (`staffID`,`calendarDate`,`shiftID`,`department`) VALUES (105,'2018-12-15',1812151,'Fry Cook');
INSERT INTO `cookShift` (`staffID`,`calendarDate`,`shiftID`,`department`) VALUES (105,'2018-12-16',1812160,'Fry Cook');
INSERT INTO `cookShift` (`staffID`,`calendarDate`,`shiftID`,`department`) VALUES (105,'2018-12-16',1812161,'Fry Cook');
INSERT INTO `cookShift` (`staffID`,`calendarDate`,`shiftID`,`department`) VALUES (105,'2018-12-18',1812180,'Fry Cook');
INSERT INTO `cookShift` (`staffID`,`calendarDate`,`shiftID`,`department`) VALUES (105,'2018-12-18',1812181,'Fry Cook');
INSERT INTO `cookShift` (`staffID`,`calendarDate`,`shiftID`,`department`) VALUES (105,'2018-12-19',1812190,'Fry Cook');
INSERT INTO `cookShift` (`staffID`,`calendarDate`,`shiftID`,`department`) VALUES (105,'2018-12-19',1812191,'Fry Cook');
INSERT INTO `cookShift` (`staffID`,`calendarDate`,`shiftID`,`department`) VALUES (105,'2018-12-20',1812200,'Fry Cook');
INSERT INTO `cookShift` (`staffID`,`calendarDate`,`shiftID`,`department`) VALUES (105,'2018-12-20',1812201,'Fry Cook');
INSERT INTO `cookShift` (`staffID`,`calendarDate`,`shiftID`,`department`) VALUES (105,'2018-12-21',1812210,'Fry Cook');
INSERT INTO `cookShift` (`staffID`,`calendarDate`,`shiftID`,`department`) VALUES (105,'2018-12-21',1812211,'Fry Cook');
INSERT INTO `cookShift` (`staffID`,`calendarDate`,`shiftID`,`department`) VALUES (105,'2018-12-22',1812220,'Fry Cook');
INSERT INTO `cookShift` (`staffID`,`calendarDate`,`shiftID`,`department`) VALUES (105,'2018-12-22',1812221,'Fry Cook');
INSERT INTO `cookShift` (`staffID`,`calendarDate`,`shiftID`,`department`) VALUES (105,'2018-12-23',1812230,'Fry Cook');
INSERT INTO `cookShift` (`staffID`,`calendarDate`,`shiftID`,`department`) VALUES (105,'2018-12-23',1812231,'Fry Cook');
INSERT INTO `cookShift` (`staffID`,`calendarDate`,`shiftID`,`department`) VALUES (105,'2018-12-26',1812260,'Fry Cook');
INSERT INTO `cookShift` (`staffID`,`calendarDate`,`shiftID`,`department`) VALUES (105,'2018-12-26',1812261,'Fry Cook');
INSERT INTO `cookShift` (`staffID`,`calendarDate`,`shiftID`,`department`) VALUES (105,'2018-12-27',1812270,'Fry Cook');
INSERT INTO `cookShift` (`staffID`,`calendarDate`,`shiftID`,`department`) VALUES (105,'2018-12-27',1812271,'Fry Cook');
INSERT INTO `cookShift` (`staffID`,`calendarDate`,`shiftID`,`department`) VALUES (105,'2018-12-28',1812280,'Fry Cook');
INSERT INTO `cookShift` (`staffID`,`calendarDate`,`shiftID`,`department`) VALUES (105,'2018-12-28',1812281,'Fry Cook');
INSERT INTO `cookShift` (`staffID`,`calendarDate`,`shiftID`,`department`) VALUES (105,'2018-12-29',1812290,'Fry Cook');
INSERT INTO `cookShift` (`staffID`,`calendarDate`,`shiftID`,`department`) VALUES (105,'2018-12-29',1812291,'Fry Cook');
INSERT INTO `cookShift` (`staffID`,`calendarDate`,`shiftID`,`department`) VALUES (105,'2018-12-30',1812300,'Fry Cook');
INSERT INTO `cookShift` (`staffID`,`calendarDate`,`shiftID`,`department`) VALUES (105,'2018-12-30',1812301,'Fry Cook');
INSERT INTO `cookShift` (`staffID`,`calendarDate`,`shiftID`,`department`) VALUES (105,'2018-12-01',1812010,'Grill Chef');
INSERT INTO `cookShift` (`staffID`,`calendarDate`,`shiftID`,`department`) VALUES (105,'2018-12-01',1812011,'Grill Chef');
INSERT INTO `cookShift` (`staffID`,`calendarDate`,`shiftID`,`department`) VALUES (105,'2018-12-02',1812020,'Grill Chef');
INSERT INTO `cookShift` (`staffID`,`calendarDate`,`shiftID`,`department`) VALUES (105,'2018-12-02',1812021,'Grill Chef');
INSERT INTO `cookShift` (`staffID`,`calendarDate`,`shiftID`,`department`) VALUES (105,'2018-12-04',1812040,'Grill Chef');
INSERT INTO `cookShift` (`staffID`,`calendarDate`,`shiftID`,`department`) VALUES (105,'2018-12-04',1812041,'Grill Chef');
INSERT INTO `cookShift` (`staffID`,`calendarDate`,`shiftID`,`department`) VALUES (105,'2018-12-05',1812050,'Grill Chef');
INSERT INTO `cookShift` (`staffID`,`calendarDate`,`shiftID`,`department`) VALUES (105,'2018-12-05',1812051,'Grill Chef');
INSERT INTO `cookShift` (`staffID`,`calendarDate`,`shiftID`,`department`) VALUES (105,'2018-12-06',1812060,'Grill Chef');
INSERT INTO `cookShift` (`staffID`,`calendarDate`,`shiftID`,`department`) VALUES (105,'2018-12-06',1812061,'Grill Chef');
INSERT INTO `cookShift` (`staffID`,`calendarDate`,`shiftID`,`department`) VALUES (105,'2018-12-07',1812070,'Grill Chef');
INSERT INTO `cookShift` (`staffID`,`calendarDate`,`shiftID`,`department`) VALUES (105,'2018-12-07',1812071,'Grill Chef');
INSERT INTO `cookShift` (`staffID`,`calendarDate`,`shiftID`,`department`) VALUES (105,'2018-12-08',1812080,'Grill Chef');
INSERT INTO `cookShift` (`staffID`,`calendarDate`,`shiftID`,`department`) VALUES (105,'2018-12-08',1812081,'Grill Chef');
INSERT INTO `cookShift` (`staffID`,`calendarDate`,`shiftID`,`department`) VALUES (105,'2018-12-09',1812090,'Grill Chef');
INSERT INTO `cookShift` (`staffID`,`calendarDate`,`shiftID`,`department`) VALUES (105,'2018-12-09',1812091,'Grill Chef');
INSERT INTO `cookShift` (`staffID`,`calendarDate`,`shiftID`,`department`) VALUES (105,'2018-12-11',1812110,'Grill Chef');
INSERT INTO `cookShift` (`staffID`,`calendarDate`,`shiftID`,`department`) VALUES (105,'2018-12-11',1812111,'Grill Chef');
INSERT INTO `cookShift` (`staffID`,`calendarDate`,`shiftID`,`department`) VALUES (105,'2018-12-12',1812120,'Grill Chef');
INSERT INTO `cookShift` (`staffID`,`calendarDate`,`shiftID`,`department`) VALUES (105,'2018-12-12',1812121,'Grill Chef');
INSERT INTO `cookShift` (`staffID`,`calendarDate`,`shiftID`,`department`) VALUES (105,'2018-12-13',1812130,'Grill Chef');
INSERT INTO `cookShift` (`staffID`,`calendarDate`,`shiftID`,`department`) VALUES (105,'2018-12-13',1812131,'Grill Chef');
INSERT INTO `cookShift` (`staffID`,`calendarDate`,`shiftID`,`department`) VALUES (105,'2018-12-14',1812140,'Grill Chef');
INSERT INTO `cookShift` (`staffID`,`calendarDate`,`shiftID`,`department`) VALUES (105,'2018-12-14',1812141,'Grill Chef');
INSERT INTO `cookShift` (`staffID`,`calendarDate`,`shiftID`,`department`) VALUES (105,'2018-12-15',1812150,'Grill Chef');
INSERT INTO `cookShift` (`staffID`,`calendarDate`,`shiftID`,`department`) VALUES (105,'2018-12-15',1812151,'Grill Chef');
INSERT INTO `cookShift` (`staffID`,`calendarDate`,`shiftID`,`department`) VALUES (105,'2018-12-16',1812160,'Grill Chef');
INSERT INTO `cookShift` (`staffID`,`calendarDate`,`shiftID`,`department`) VALUES (105,'2018-12-16',1812161,'Grill Chef');
INSERT INTO `cookShift` (`staffID`,`calendarDate`,`shiftID`,`department`) VALUES (105,'2018-12-18',1812180,'Grill Chef');
INSERT INTO `cookShift` (`staffID`,`calendarDate`,`shiftID`,`department`) VALUES (105,'2018-12-18',1812181,'Grill Chef');
INSERT INTO `cookShift` (`staffID`,`calendarDate`,`shiftID`,`department`) VALUES (105,'2018-12-19',1812190,'Grill Chef');
INSERT INTO `cookShift` (`staffID`,`calendarDate`,`shiftID`,`department`) VALUES (105,'2018-12-19',1812191,'Grill Chef');
INSERT INTO `cookShift` (`staffID`,`calendarDate`,`shiftID`,`department`) VALUES (105,'2018-12-20',1812200,'Grill Chef');
INSERT INTO `cookShift` (`staffID`,`calendarDate`,`shiftID`,`department`) VALUES (105,'2018-12-20',1812201,'Grill Chef');
INSERT INTO `cookShift` (`staffID`,`calendarDate`,`shiftID`,`department`) VALUES (105,'2018-12-21',1812210,'Grill Chef');
INSERT INTO `cookShift` (`staffID`,`calendarDate`,`shiftID`,`department`) VALUES (105,'2018-12-21',1812211,'Grill Chef');
INSERT INTO `cookShift` (`staffID`,`calendarDate`,`shiftID`,`department`) VALUES (105,'2018-12-22',1812220,'Grill Chef');
INSERT INTO `cookShift` (`staffID`,`calendarDate`,`shiftID`,`department`) VALUES (105,'2018-12-22',1812221,'Grill Chef');
INSERT INTO `cookShift` (`staffID`,`calendarDate`,`shiftID`,`department`) VALUES (105,'2018-12-23',1812230,'Grill Chef');
INSERT INTO `cookShift` (`staffID`,`calendarDate`,`shiftID`,`department`) VALUES (105,'2018-12-23',1812231,'Grill Chef');
INSERT INTO `cookShift` (`staffID`,`calendarDate`,`shiftID`,`department`) VALUES (105,'2018-12-26',1812260,'Grill Chef');
INSERT INTO `cookShift` (`staffID`,`calendarDate`,`shiftID`,`department`) VALUES (105,'2018-12-26',1812261,'Grill Chef');
INSERT INTO `cookShift` (`staffID`,`calendarDate`,`shiftID`,`department`) VALUES (105,'2018-12-27',1812270,'Grill Chef');
INSERT INTO `cookShift` (`staffID`,`calendarDate`,`shiftID`,`department`) VALUES (105,'2018-12-27',1812271,'Grill Chef');
INSERT INTO `cookShift` (`staffID`,`calendarDate`,`shiftID`,`department`) VALUES (105,'2018-12-28',1812280,'Grill Chef');
INSERT INTO `cookShift` (`staffID`,`calendarDate`,`shiftID`,`department`) VALUES (105,'2018-12-28',1812281,'Grill Chef');
INSERT INTO `cookShift` (`staffID`,`calendarDate`,`shiftID`,`department`) VALUES (105,'2018-12-29',1812290,'Grill Chef');
INSERT INTO `cookShift` (`staffID`,`calendarDate`,`shiftID`,`department`) VALUES (105,'2018-12-29',1812291,'Grill Chef');
INSERT INTO `cookShift` (`staffID`,`calendarDate`,`shiftID`,`department`) VALUES (105,'2018-12-30',1812300,'Grill Chef');
INSERT INTO `cookShift` (`staffID`,`calendarDate`,`shiftID`,`department`) VALUES (105,'2018-12-30',1812301,'Grill Chef');
INSERT INTO `cookShift` (`staffID`,`calendarDate`,`shiftID`,`department`) VALUES (106,'2018-12-01',1812010,'Pantry Chef');
INSERT INTO `cookShift` (`staffID`,`calendarDate`,`shiftID`,`department`) VALUES (106,'2018-12-01',1812011,'Pantry Chef');
INSERT INTO `cookShift` (`staffID`,`calendarDate`,`shiftID`,`department`) VALUES (106,'2018-12-02',1812020,'Pantry Chef');
INSERT INTO `cookShift` (`staffID`,`calendarDate`,`shiftID`,`department`) VALUES (106,'2018-12-02',1812021,'Pantry Chef');
INSERT INTO `cookShift` (`staffID`,`calendarDate`,`shiftID`,`department`) VALUES (106,'2018-12-04',1812040,'Pantry Chef');
INSERT INTO `cookShift` (`staffID`,`calendarDate`,`shiftID`,`department`) VALUES (106,'2018-12-04',1812041,'Pantry Chef');
INSERT INTO `cookShift` (`staffID`,`calendarDate`,`shiftID`,`department`) VALUES (106,'2018-12-05',1812050,'Pantry Chef');
INSERT INTO `cookShift` (`staffID`,`calendarDate`,`shiftID`,`department`) VALUES (106,'2018-12-05',1812051,'Pantry Chef');
INSERT INTO `cookShift` (`staffID`,`calendarDate`,`shiftID`,`department`) VALUES (106,'2018-12-06',1812060,'Pantry Chef');
INSERT INTO `cookShift` (`staffID`,`calendarDate`,`shiftID`,`department`) VALUES (106,'2018-12-06',1812061,'Pantry Chef');
INSERT INTO `cookShift` (`staffID`,`calendarDate`,`shiftID`,`department`) VALUES (106,'2018-12-07',1812070,'Pantry Chef');
INSERT INTO `cookShift` (`staffID`,`calendarDate`,`shiftID`,`department`) VALUES (106,'2018-12-07',1812071,'Pantry Chef');
INSERT INTO `cookShift` (`staffID`,`calendarDate`,`shiftID`,`department`) VALUES (106,'2018-12-08',1812080,'Pantry Chef');
INSERT INTO `cookShift` (`staffID`,`calendarDate`,`shiftID`,`department`) VALUES (106,'2018-12-08',1812081,'Pantry Chef');
INSERT INTO `cookShift` (`staffID`,`calendarDate`,`shiftID`,`department`) VALUES (106,'2018-12-09',1812090,'Pantry Chef');
INSERT INTO `cookShift` (`staffID`,`calendarDate`,`shiftID`,`department`) VALUES (106,'2018-12-09',1812091,'Pantry Chef');
INSERT INTO `cookShift` (`staffID`,`calendarDate`,`shiftID`,`department`) VALUES (106,'2018-12-11',1812110,'Pantry Chef');
INSERT INTO `cookShift` (`staffID`,`calendarDate`,`shiftID`,`department`) VALUES (106,'2018-12-11',1812111,'Pantry Chef');
INSERT INTO `cookShift` (`staffID`,`calendarDate`,`shiftID`,`department`) VALUES (106,'2018-12-12',1812120,'Pantry Chef');
INSERT INTO `cookShift` (`staffID`,`calendarDate`,`shiftID`,`department`) VALUES (106,'2018-12-12',1812121,'Pantry Chef');
INSERT INTO `cookShift` (`staffID`,`calendarDate`,`shiftID`,`department`) VALUES (106,'2018-12-13',1812130,'Pantry Chef');
INSERT INTO `cookShift` (`staffID`,`calendarDate`,`shiftID`,`department`) VALUES (106,'2018-12-13',1812131,'Pantry Chef');
INSERT INTO `cookShift` (`staffID`,`calendarDate`,`shiftID`,`department`) VALUES (106,'2018-12-14',1812140,'Pantry Chef');
INSERT INTO `cookShift` (`staffID`,`calendarDate`,`shiftID`,`department`) VALUES (106,'2018-12-14',1812141,'Pantry Chef');
INSERT INTO `cookShift` (`staffID`,`calendarDate`,`shiftID`,`department`) VALUES (106,'2018-12-15',1812150,'Pantry Chef');
INSERT INTO `cookShift` (`staffID`,`calendarDate`,`shiftID`,`department`) VALUES (106,'2018-12-15',1812151,'Pantry Chef');
INSERT INTO `cookShift` (`staffID`,`calendarDate`,`shiftID`,`department`) VALUES (106,'2018-12-16',1812160,'Pantry Chef');
INSERT INTO `cookShift` (`staffID`,`calendarDate`,`shiftID`,`department`) VALUES (106,'2018-12-16',1812161,'Pantry Chef');
INSERT INTO `cookShift` (`staffID`,`calendarDate`,`shiftID`,`department`) VALUES (106,'2018-12-18',1812180,'Pantry Chef');
INSERT INTO `cookShift` (`staffID`,`calendarDate`,`shiftID`,`department`) VALUES (106,'2018-12-18',1812181,'Pantry Chef');
INSERT INTO `cookShift` (`staffID`,`calendarDate`,`shiftID`,`department`) VALUES (106,'2018-12-19',1812190,'Pantry Chef');
INSERT INTO `cookShift` (`staffID`,`calendarDate`,`shiftID`,`department`) VALUES (106,'2018-12-19',1812191,'Pantry Chef');
INSERT INTO `cookShift` (`staffID`,`calendarDate`,`shiftID`,`department`) VALUES (106,'2018-12-20',1812200,'Pantry Chef');
INSERT INTO `cookShift` (`staffID`,`calendarDate`,`shiftID`,`department`) VALUES (106,'2018-12-20',1812201,'Pantry Chef');
INSERT INTO `cookShift` (`staffID`,`calendarDate`,`shiftID`,`department`) VALUES (106,'2018-12-21',1812210,'Pantry Chef');
INSERT INTO `cookShift` (`staffID`,`calendarDate`,`shiftID`,`department`) VALUES (106,'2018-12-21',1812211,'Pantry Chef');
INSERT INTO `cookShift` (`staffID`,`calendarDate`,`shiftID`,`department`) VALUES (106,'2018-12-22',1812220,'Pantry Chef');
INSERT INTO `cookShift` (`staffID`,`calendarDate`,`shiftID`,`department`) VALUES (106,'2018-12-22',1812221,'Pantry Chef');
INSERT INTO `cookShift` (`staffID`,`calendarDate`,`shiftID`,`department`) VALUES (106,'2018-12-23',1812230,'Pantry Chef');
INSERT INTO `cookShift` (`staffID`,`calendarDate`,`shiftID`,`department`) VALUES (106,'2018-12-23',1812231,'Pantry Chef');
INSERT INTO `cookShift` (`staffID`,`calendarDate`,`shiftID`,`department`) VALUES (106,'2018-12-26',1812260,'Pantry Chef');
INSERT INTO `cookShift` (`staffID`,`calendarDate`,`shiftID`,`department`) VALUES (106,'2018-12-26',1812261,'Pantry Chef');
INSERT INTO `cookShift` (`staffID`,`calendarDate`,`shiftID`,`department`) VALUES (106,'2018-12-27',1812270,'Pantry Chef');
INSERT INTO `cookShift` (`staffID`,`calendarDate`,`shiftID`,`department`) VALUES (106,'2018-12-27',1812271,'Pantry Chef');
INSERT INTO `cookShift` (`staffID`,`calendarDate`,`shiftID`,`department`) VALUES (106,'2018-12-28',1812280,'Pantry Chef');
INSERT INTO `cookShift` (`staffID`,`calendarDate`,`shiftID`,`department`) VALUES (106,'2018-12-28',1812281,'Pantry Chef');
INSERT INTO `cookShift` (`staffID`,`calendarDate`,`shiftID`,`department`) VALUES (106,'2018-12-29',1812290,'Pantry Chef');
INSERT INTO `cookShift` (`staffID`,`calendarDate`,`shiftID`,`department`) VALUES (106,'2018-12-29',1812291,'Pantry Chef');
INSERT INTO `cookShift` (`staffID`,`calendarDate`,`shiftID`,`department`) VALUES (106,'2018-12-30',1812300,'Pantry Chef');
INSERT INTO `cookShift` (`staffID`,`calendarDate`,`shiftID`,`department`) VALUES (106,'2018-12-30',1812301,'Pantry Chef');
INSERT INTO `cookShift` (`staffID`,`calendarDate`,`shiftID`,`department`) VALUES (106,'2018-12-01',1812010,'Pastry Chef');
INSERT INTO `cookShift` (`staffID`,`calendarDate`,`shiftID`,`department`) VALUES (106,'2018-12-01',1812011,'Pastry Chef');
INSERT INTO `cookShift` (`staffID`,`calendarDate`,`shiftID`,`department`) VALUES (106,'2018-12-02',1812020,'Pastry Chef');
INSERT INTO `cookShift` (`staffID`,`calendarDate`,`shiftID`,`department`) VALUES (106,'2018-12-02',1812021,'Pastry Chef');
INSERT INTO `cookShift` (`staffID`,`calendarDate`,`shiftID`,`department`) VALUES (106,'2018-12-04',1812040,'Pastry Chef');
INSERT INTO `cookShift` (`staffID`,`calendarDate`,`shiftID`,`department`) VALUES (106,'2018-12-04',1812041,'Pastry Chef');
INSERT INTO `cookShift` (`staffID`,`calendarDate`,`shiftID`,`department`) VALUES (106,'2018-12-05',1812050,'Pastry Chef');
INSERT INTO `cookShift` (`staffID`,`calendarDate`,`shiftID`,`department`) VALUES (106,'2018-12-05',1812051,'Pastry Chef');
INSERT INTO `cookShift` (`staffID`,`calendarDate`,`shiftID`,`department`) VALUES (106,'2018-12-06',1812060,'Pastry Chef');
INSERT INTO `cookShift` (`staffID`,`calendarDate`,`shiftID`,`department`) VALUES (106,'2018-12-06',1812061,'Pastry Chef');
INSERT INTO `cookShift` (`staffID`,`calendarDate`,`shiftID`,`department`) VALUES (106,'2018-12-07',1812070,'Pastry Chef');
INSERT INTO `cookShift` (`staffID`,`calendarDate`,`shiftID`,`department`) VALUES (106,'2018-12-07',1812071,'Pastry Chef');
INSERT INTO `cookShift` (`staffID`,`calendarDate`,`shiftID`,`department`) VALUES (106,'2018-12-08',1812080,'Pastry Chef');
INSERT INTO `cookShift` (`staffID`,`calendarDate`,`shiftID`,`department`) VALUES (106,'2018-12-08',1812081,'Pastry Chef');
INSERT INTO `cookShift` (`staffID`,`calendarDate`,`shiftID`,`department`) VALUES (106,'2018-12-09',1812090,'Pastry Chef');
INSERT INTO `cookShift` (`staffID`,`calendarDate`,`shiftID`,`department`) VALUES (106,'2018-12-09',1812091,'Pastry Chef');
INSERT INTO `cookShift` (`staffID`,`calendarDate`,`shiftID`,`department`) VALUES (106,'2018-12-11',1812110,'Pastry Chef');
INSERT INTO `cookShift` (`staffID`,`calendarDate`,`shiftID`,`department`) VALUES (106,'2018-12-11',1812111,'Pastry Chef');
INSERT INTO `cookShift` (`staffID`,`calendarDate`,`shiftID`,`department`) VALUES (106,'2018-12-12',1812120,'Pastry Chef');
INSERT INTO `cookShift` (`staffID`,`calendarDate`,`shiftID`,`department`) VALUES (106,'2018-12-12',1812121,'Pastry Chef');
INSERT INTO `cookShift` (`staffID`,`calendarDate`,`shiftID`,`department`) VALUES (106,'2018-12-13',1812130,'Pastry Chef');
INSERT INTO `cookShift` (`staffID`,`calendarDate`,`shiftID`,`department`) VALUES (106,'2018-12-13',1812131,'Pastry Chef');
INSERT INTO `cookShift` (`staffID`,`calendarDate`,`shiftID`,`department`) VALUES (106,'2018-12-14',1812140,'Pastry Chef');
INSERT INTO `cookShift` (`staffID`,`calendarDate`,`shiftID`,`department`) VALUES (106,'2018-12-14',1812141,'Pastry Chef');
INSERT INTO `cookShift` (`staffID`,`calendarDate`,`shiftID`,`department`) VALUES (106,'2018-12-15',1812150,'Pastry Chef');
INSERT INTO `cookShift` (`staffID`,`calendarDate`,`shiftID`,`department`) VALUES (106,'2018-12-15',1812151,'Pastry Chef');
INSERT INTO `cookShift` (`staffID`,`calendarDate`,`shiftID`,`department`) VALUES (106,'2018-12-16',1812160,'Pastry Chef');
INSERT INTO `cookShift` (`staffID`,`calendarDate`,`shiftID`,`department`) VALUES (106,'2018-12-16',1812161,'Pastry Chef');
INSERT INTO `cookShift` (`staffID`,`calendarDate`,`shiftID`,`department`) VALUES (106,'2018-12-18',1812180,'Pastry Chef');
INSERT INTO `cookShift` (`staffID`,`calendarDate`,`shiftID`,`department`) VALUES (106,'2018-12-18',1812181,'Pastry Chef');
INSERT INTO `cookShift` (`staffID`,`calendarDate`,`shiftID`,`department`) VALUES (106,'2018-12-19',1812190,'Pastry Chef');
INSERT INTO `cookShift` (`staffID`,`calendarDate`,`shiftID`,`department`) VALUES (106,'2018-12-19',1812191,'Pastry Chef');
INSERT INTO `cookShift` (`staffID`,`calendarDate`,`shiftID`,`department`) VALUES (106,'2018-12-20',1812200,'Pastry Chef');
INSERT INTO `cookShift` (`staffID`,`calendarDate`,`shiftID`,`department`) VALUES (106,'2018-12-20',1812201,'Pastry Chef');
INSERT INTO `cookShift` (`staffID`,`calendarDate`,`shiftID`,`department`) VALUES (106,'2018-12-21',1812210,'Pastry Chef');
INSERT INTO `cookShift` (`staffID`,`calendarDate`,`shiftID`,`department`) VALUES (106,'2018-12-21',1812211,'Pastry Chef');
INSERT INTO `cookShift` (`staffID`,`calendarDate`,`shiftID`,`department`) VALUES (106,'2018-12-22',1812220,'Pastry Chef');
INSERT INTO `cookShift` (`staffID`,`calendarDate`,`shiftID`,`department`) VALUES (106,'2018-12-22',1812221,'Pastry Chef');
INSERT INTO `cookShift` (`staffID`,`calendarDate`,`shiftID`,`department`) VALUES (106,'2018-12-23',1812230,'Pastry Chef');
INSERT INTO `cookShift` (`staffID`,`calendarDate`,`shiftID`,`department`) VALUES (106,'2018-12-23',1812231,'Pastry Chef');
INSERT INTO `cookShift` (`staffID`,`calendarDate`,`shiftID`,`department`) VALUES (106,'2018-12-26',1812260,'Pastry Chef');
INSERT INTO `cookShift` (`staffID`,`calendarDate`,`shiftID`,`department`) VALUES (106,'2018-12-26',1812261,'Pastry Chef');
INSERT INTO `cookShift` (`staffID`,`calendarDate`,`shiftID`,`department`) VALUES (106,'2018-12-27',1812270,'Pastry Chef');
INSERT INTO `cookShift` (`staffID`,`calendarDate`,`shiftID`,`department`) VALUES (106,'2018-12-27',1812271,'Pastry Chef');
INSERT INTO `cookShift` (`staffID`,`calendarDate`,`shiftID`,`department`) VALUES (106,'2018-12-28',1812280,'Pastry Chef');
INSERT INTO `cookShift` (`staffID`,`calendarDate`,`shiftID`,`department`) VALUES (106,'2018-12-28',1812281,'Pastry Chef');
INSERT INTO `cookShift` (`staffID`,`calendarDate`,`shiftID`,`department`) VALUES (106,'2018-12-29',1812290,'Pastry Chef');
INSERT INTO `cookShift` (`staffID`,`calendarDate`,`shiftID`,`department`) VALUES (106,'2018-12-29',1812291,'Pastry Chef');
INSERT INTO `cookShift` (`staffID`,`calendarDate`,`shiftID`,`department`) VALUES (106,'2018-12-30',1812300,'Pastry Chef');
INSERT INTO `cookShift` (`staffID`,`calendarDate`,`shiftID`,`department`) VALUES (106,'2018-12-30',1812301,'Pastry Chef');
INSERT INTO `cookShift` (`staffID`,`calendarDate`,`shiftID`,`department`) VALUES (106,'2018-12-01',1812010,'Roast Chef');
INSERT INTO `cookShift` (`staffID`,`calendarDate`,`shiftID`,`department`) VALUES (106,'2018-12-01',1812011,'Roast Chef');
INSERT INTO `cookShift` (`staffID`,`calendarDate`,`shiftID`,`department`) VALUES (106,'2018-12-02',1812020,'Roast Chef');
INSERT INTO `cookShift` (`staffID`,`calendarDate`,`shiftID`,`department`) VALUES (106,'2018-12-02',1812021,'Roast Chef');
INSERT INTO `cookShift` (`staffID`,`calendarDate`,`shiftID`,`department`) VALUES (106,'2018-12-04',1812040,'Roast Chef');
INSERT INTO `cookShift` (`staffID`,`calendarDate`,`shiftID`,`department`) VALUES (106,'2018-12-04',1812041,'Roast Chef');
INSERT INTO `cookShift` (`staffID`,`calendarDate`,`shiftID`,`department`) VALUES (106,'2018-12-05',1812050,'Roast Chef');
INSERT INTO `cookShift` (`staffID`,`calendarDate`,`shiftID`,`department`) VALUES (106,'2018-12-05',1812051,'Roast Chef');
INSERT INTO `cookShift` (`staffID`,`calendarDate`,`shiftID`,`department`) VALUES (106,'2018-12-06',1812060,'Roast Chef');
INSERT INTO `cookShift` (`staffID`,`calendarDate`,`shiftID`,`department`) VALUES (106,'2018-12-06',1812061,'Roast Chef');
INSERT INTO `cookShift` (`staffID`,`calendarDate`,`shiftID`,`department`) VALUES (106,'2018-12-07',1812070,'Roast Chef');
INSERT INTO `cookShift` (`staffID`,`calendarDate`,`shiftID`,`department`) VALUES (106,'2018-12-07',1812071,'Roast Chef');
INSERT INTO `cookShift` (`staffID`,`calendarDate`,`shiftID`,`department`) VALUES (106,'2018-12-08',1812080,'Roast Chef');
INSERT INTO `cookShift` (`staffID`,`calendarDate`,`shiftID`,`department`) VALUES (106,'2018-12-08',1812081,'Roast Chef');
INSERT INTO `cookShift` (`staffID`,`calendarDate`,`shiftID`,`department`) VALUES (106,'2018-12-09',1812090,'Roast Chef');
INSERT INTO `cookShift` (`staffID`,`calendarDate`,`shiftID`,`department`) VALUES (106,'2018-12-09',1812091,'Roast Chef');
INSERT INTO `cookShift` (`staffID`,`calendarDate`,`shiftID`,`department`) VALUES (106,'2018-12-11',1812110,'Roast Chef');
INSERT INTO `cookShift` (`staffID`,`calendarDate`,`shiftID`,`department`) VALUES (106,'2018-12-11',1812111,'Roast Chef');
INSERT INTO `cookShift` (`staffID`,`calendarDate`,`shiftID`,`department`) VALUES (106,'2018-12-12',1812120,'Roast Chef');
INSERT INTO `cookShift` (`staffID`,`calendarDate`,`shiftID`,`department`) VALUES (106,'2018-12-12',1812121,'Roast Chef');
INSERT INTO `cookShift` (`staffID`,`calendarDate`,`shiftID`,`department`) VALUES (106,'2018-12-13',1812130,'Roast Chef');
INSERT INTO `cookShift` (`staffID`,`calendarDate`,`shiftID`,`department`) VALUES (106,'2018-12-13',1812131,'Roast Chef');
INSERT INTO `cookShift` (`staffID`,`calendarDate`,`shiftID`,`department`) VALUES (106,'2018-12-14',1812140,'Roast Chef');
INSERT INTO `cookShift` (`staffID`,`calendarDate`,`shiftID`,`department`) VALUES (106,'2018-12-14',1812141,'Roast Chef');
INSERT INTO `cookShift` (`staffID`,`calendarDate`,`shiftID`,`department`) VALUES (106,'2018-12-15',1812150,'Roast Chef');
INSERT INTO `cookShift` (`staffID`,`calendarDate`,`shiftID`,`department`) VALUES (106,'2018-12-15',1812151,'Roast Chef');
INSERT INTO `cookShift` (`staffID`,`calendarDate`,`shiftID`,`department`) VALUES (106,'2018-12-16',1812160,'Roast Chef');
INSERT INTO `cookShift` (`staffID`,`calendarDate`,`shiftID`,`department`) VALUES (106,'2018-12-16',1812161,'Roast Chef');
INSERT INTO `cookShift` (`staffID`,`calendarDate`,`shiftID`,`department`) VALUES (106,'2018-12-18',1812180,'Roast Chef');
INSERT INTO `cookShift` (`staffID`,`calendarDate`,`shiftID`,`department`) VALUES (106,'2018-12-18',1812181,'Roast Chef');
INSERT INTO `cookShift` (`staffID`,`calendarDate`,`shiftID`,`department`) VALUES (106,'2018-12-19',1812190,'Roast Chef');
INSERT INTO `cookShift` (`staffID`,`calendarDate`,`shiftID`,`department`) VALUES (106,'2018-12-19',1812191,'Roast Chef');
INSERT INTO `cookShift` (`staffID`,`calendarDate`,`shiftID`,`department`) VALUES (106,'2018-12-20',1812200,'Roast Chef');
INSERT INTO `cookShift` (`staffID`,`calendarDate`,`shiftID`,`department`) VALUES (106,'2018-12-20',1812201,'Roast Chef');
INSERT INTO `cookShift` (`staffID`,`calendarDate`,`shiftID`,`department`) VALUES (106,'2018-12-21',1812210,'Roast Chef');
INSERT INTO `cookShift` (`staffID`,`calendarDate`,`shiftID`,`department`) VALUES (106,'2018-12-21',1812211,'Roast Chef');
INSERT INTO `cookShift` (`staffID`,`calendarDate`,`shiftID`,`department`) VALUES (106,'2018-12-22',1812220,'Roast Chef');
INSERT INTO `cookShift` (`staffID`,`calendarDate`,`shiftID`,`department`) VALUES (106,'2018-12-22',1812221,'Roast Chef');
INSERT INTO `cookShift` (`staffID`,`calendarDate`,`shiftID`,`department`) VALUES (106,'2018-12-23',1812230,'Roast Chef');
INSERT INTO `cookShift` (`staffID`,`calendarDate`,`shiftID`,`department`) VALUES (106,'2018-12-23',1812231,'Roast Chef');
INSERT INTO `cookShift` (`staffID`,`calendarDate`,`shiftID`,`department`) VALUES (106,'2018-12-26',1812260,'Roast Chef');
INSERT INTO `cookShift` (`staffID`,`calendarDate`,`shiftID`,`department`) VALUES (106,'2018-12-26',1812261,'Roast Chef');
INSERT INTO `cookShift` (`staffID`,`calendarDate`,`shiftID`,`department`) VALUES (106,'2018-12-27',1812270,'Roast Chef');
INSERT INTO `cookShift` (`staffID`,`calendarDate`,`shiftID`,`department`) VALUES (106,'2018-12-27',1812271,'Roast Chef');
INSERT INTO `cookShift` (`staffID`,`calendarDate`,`shiftID`,`department`) VALUES (106,'2018-12-28',1812280,'Roast Chef');
INSERT INTO `cookShift` (`staffID`,`calendarDate`,`shiftID`,`department`) VALUES (106,'2018-12-28',1812281,'Roast Chef');
INSERT INTO `cookShift` (`staffID`,`calendarDate`,`shiftID`,`department`) VALUES (106,'2018-12-29',1812290,'Roast Chef');
INSERT INTO `cookShift` (`staffID`,`calendarDate`,`shiftID`,`department`) VALUES (106,'2018-12-29',1812291,'Roast Chef');
INSERT INTO `cookShift` (`staffID`,`calendarDate`,`shiftID`,`department`) VALUES (106,'2018-12-30',1812300,'Roast Chef');
INSERT INTO `cookShift` (`staffID`,`calendarDate`,`shiftID`,`department`) VALUES (106,'2018-12-30',1812301,'Roast Chef');
INSERT INTO `cookShift` (`staffID`,`calendarDate`,`shiftID`,`department`) VALUES (107,'2018-12-01',1812010,'Saute Chef');
INSERT INTO `cookShift` (`staffID`,`calendarDate`,`shiftID`,`department`) VALUES (107,'2018-12-01',1812011,'Saute Chef');
INSERT INTO `cookShift` (`staffID`,`calendarDate`,`shiftID`,`department`) VALUES (107,'2018-12-02',1812020,'Saute Chef');
INSERT INTO `cookShift` (`staffID`,`calendarDate`,`shiftID`,`department`) VALUES (107,'2018-12-02',1812021,'Saute Chef');
INSERT INTO `cookShift` (`staffID`,`calendarDate`,`shiftID`,`department`) VALUES (107,'2018-12-04',1812040,'Saute Chef');
INSERT INTO `cookShift` (`staffID`,`calendarDate`,`shiftID`,`department`) VALUES (107,'2018-12-04',1812041,'Saute Chef');
INSERT INTO `cookShift` (`staffID`,`calendarDate`,`shiftID`,`department`) VALUES (107,'2018-12-05',1812050,'Saute Chef');
INSERT INTO `cookShift` (`staffID`,`calendarDate`,`shiftID`,`department`) VALUES (107,'2018-12-05',1812051,'Saute Chef');
INSERT INTO `cookShift` (`staffID`,`calendarDate`,`shiftID`,`department`) VALUES (107,'2018-12-06',1812060,'Saute Chef');
INSERT INTO `cookShift` (`staffID`,`calendarDate`,`shiftID`,`department`) VALUES (107,'2018-12-06',1812061,'Saute Chef');
INSERT INTO `cookShift` (`staffID`,`calendarDate`,`shiftID`,`department`) VALUES (107,'2018-12-07',1812070,'Saute Chef');
INSERT INTO `cookShift` (`staffID`,`calendarDate`,`shiftID`,`department`) VALUES (107,'2018-12-07',1812071,'Saute Chef');
INSERT INTO `cookShift` (`staffID`,`calendarDate`,`shiftID`,`department`) VALUES (107,'2018-12-08',1812080,'Saute Chef');
INSERT INTO `cookShift` (`staffID`,`calendarDate`,`shiftID`,`department`) VALUES (107,'2018-12-08',1812081,'Saute Chef');
INSERT INTO `cookShift` (`staffID`,`calendarDate`,`shiftID`,`department`) VALUES (107,'2018-12-09',1812090,'Saute Chef');
INSERT INTO `cookShift` (`staffID`,`calendarDate`,`shiftID`,`department`) VALUES (107,'2018-12-09',1812091,'Saute Chef');
INSERT INTO `cookShift` (`staffID`,`calendarDate`,`shiftID`,`department`) VALUES (107,'2018-12-11',1812110,'Saute Chef');
INSERT INTO `cookShift` (`staffID`,`calendarDate`,`shiftID`,`department`) VALUES (107,'2018-12-11',1812111,'Saute Chef');
INSERT INTO `cookShift` (`staffID`,`calendarDate`,`shiftID`,`department`) VALUES (107,'2018-12-12',1812120,'Saute Chef');
INSERT INTO `cookShift` (`staffID`,`calendarDate`,`shiftID`,`department`) VALUES (107,'2018-12-12',1812121,'Saute Chef');
INSERT INTO `cookShift` (`staffID`,`calendarDate`,`shiftID`,`department`) VALUES (107,'2018-12-13',1812130,'Saute Chef');
INSERT INTO `cookShift` (`staffID`,`calendarDate`,`shiftID`,`department`) VALUES (107,'2018-12-13',1812131,'Saute Chef');
INSERT INTO `cookShift` (`staffID`,`calendarDate`,`shiftID`,`department`) VALUES (107,'2018-12-14',1812140,'Saute Chef');
INSERT INTO `cookShift` (`staffID`,`calendarDate`,`shiftID`,`department`) VALUES (107,'2018-12-14',1812141,'Saute Chef');
INSERT INTO `cookShift` (`staffID`,`calendarDate`,`shiftID`,`department`) VALUES (107,'2018-12-15',1812150,'Saute Chef');
INSERT INTO `cookShift` (`staffID`,`calendarDate`,`shiftID`,`department`) VALUES (107,'2018-12-15',1812151,'Saute Chef');
INSERT INTO `cookShift` (`staffID`,`calendarDate`,`shiftID`,`department`) VALUES (107,'2018-12-16',1812160,'Saute Chef');
INSERT INTO `cookShift` (`staffID`,`calendarDate`,`shiftID`,`department`) VALUES (107,'2018-12-16',1812161,'Saute Chef');
INSERT INTO `cookShift` (`staffID`,`calendarDate`,`shiftID`,`department`) VALUES (107,'2018-12-18',1812180,'Saute Chef');
INSERT INTO `cookShift` (`staffID`,`calendarDate`,`shiftID`,`department`) VALUES (107,'2018-12-18',1812181,'Saute Chef');
INSERT INTO `cookShift` (`staffID`,`calendarDate`,`shiftID`,`department`) VALUES (107,'2018-12-19',1812190,'Saute Chef');
INSERT INTO `cookShift` (`staffID`,`calendarDate`,`shiftID`,`department`) VALUES (107,'2018-12-19',1812191,'Saute Chef');
INSERT INTO `cookShift` (`staffID`,`calendarDate`,`shiftID`,`department`) VALUES (107,'2018-12-20',1812200,'Saute Chef');
INSERT INTO `cookShift` (`staffID`,`calendarDate`,`shiftID`,`department`) VALUES (107,'2018-12-20',1812201,'Saute Chef');
INSERT INTO `cookShift` (`staffID`,`calendarDate`,`shiftID`,`department`) VALUES (107,'2018-12-21',1812210,'Saute Chef');
INSERT INTO `cookShift` (`staffID`,`calendarDate`,`shiftID`,`department`) VALUES (107,'2018-12-21',1812211,'Saute Chef');
INSERT INTO `cookShift` (`staffID`,`calendarDate`,`shiftID`,`department`) VALUES (107,'2018-12-22',1812220,'Saute Chef');
INSERT INTO `cookShift` (`staffID`,`calendarDate`,`shiftID`,`department`) VALUES (107,'2018-12-22',1812221,'Saute Chef');
INSERT INTO `cookShift` (`staffID`,`calendarDate`,`shiftID`,`department`) VALUES (107,'2018-12-23',1812230,'Saute Chef');
INSERT INTO `cookShift` (`staffID`,`calendarDate`,`shiftID`,`department`) VALUES (107,'2018-12-23',1812231,'Saute Chef');
INSERT INTO `cookShift` (`staffID`,`calendarDate`,`shiftID`,`department`) VALUES (107,'2018-12-26',1812260,'Saute Chef');
INSERT INTO `cookShift` (`staffID`,`calendarDate`,`shiftID`,`department`) VALUES (107,'2018-12-26',1812261,'Saute Chef');
INSERT INTO `cookShift` (`staffID`,`calendarDate`,`shiftID`,`department`) VALUES (107,'2018-12-27',1812270,'Saute Chef');
INSERT INTO `cookShift` (`staffID`,`calendarDate`,`shiftID`,`department`) VALUES (107,'2018-12-27',1812271,'Saute Chef');
INSERT INTO `cookShift` (`staffID`,`calendarDate`,`shiftID`,`department`) VALUES (107,'2018-12-28',1812280,'Saute Chef');
INSERT INTO `cookShift` (`staffID`,`calendarDate`,`shiftID`,`department`) VALUES (107,'2018-12-28',1812281,'Saute Chef');
INSERT INTO `cookShift` (`staffID`,`calendarDate`,`shiftID`,`department`) VALUES (107,'2018-12-29',1812290,'Saute Chef');
INSERT INTO `cookShift` (`staffID`,`calendarDate`,`shiftID`,`department`) VALUES (107,'2018-12-29',1812291,'Saute Chef');
INSERT INTO `cookShift` (`staffID`,`calendarDate`,`shiftID`,`department`) VALUES (107,'2018-12-30',1812300,'Saute Chef');
INSERT INTO `cookShift` (`staffID`,`calendarDate`,`shiftID`,`department`) VALUES (107,'2018-12-30',1812301,'Saute Chef');
INSERT INTO `cookShift` (`staffID`,`calendarDate`,`shiftID`,`department`) VALUES (107,'2018-12-01',1812010,'Vegetable Chef');
INSERT INTO `cookShift` (`staffID`,`calendarDate`,`shiftID`,`department`) VALUES (107,'2018-12-01',1812011,'Vegetable Chef');
INSERT INTO `cookShift` (`staffID`,`calendarDate`,`shiftID`,`department`) VALUES (107,'2018-12-02',1812020,'Vegetable Chef');
INSERT INTO `cookShift` (`staffID`,`calendarDate`,`shiftID`,`department`) VALUES (107,'2018-12-02',1812021,'Vegetable Chef');
INSERT INTO `cookShift` (`staffID`,`calendarDate`,`shiftID`,`department`) VALUES (107,'2018-12-04',1812040,'Vegetable Chef');
INSERT INTO `cookShift` (`staffID`,`calendarDate`,`shiftID`,`department`) VALUES (107,'2018-12-04',1812041,'Vegetable Chef');
INSERT INTO `cookShift` (`staffID`,`calendarDate`,`shiftID`,`department`) VALUES (107,'2018-12-05',1812050,'Vegetable Chef');
INSERT INTO `cookShift` (`staffID`,`calendarDate`,`shiftID`,`department`) VALUES (107,'2018-12-05',1812051,'Vegetable Chef');
INSERT INTO `cookShift` (`staffID`,`calendarDate`,`shiftID`,`department`) VALUES (107,'2018-12-06',1812060,'Vegetable Chef');
INSERT INTO `cookShift` (`staffID`,`calendarDate`,`shiftID`,`department`) VALUES (107,'2018-12-06',1812061,'Vegetable Chef');
INSERT INTO `cookShift` (`staffID`,`calendarDate`,`shiftID`,`department`) VALUES (107,'2018-12-07',1812070,'Vegetable Chef');
INSERT INTO `cookShift` (`staffID`,`calendarDate`,`shiftID`,`department`) VALUES (107,'2018-12-07',1812071,'Vegetable Chef');
INSERT INTO `cookShift` (`staffID`,`calendarDate`,`shiftID`,`department`) VALUES (107,'2018-12-08',1812080,'Vegetable Chef');
INSERT INTO `cookShift` (`staffID`,`calendarDate`,`shiftID`,`department`) VALUES (107,'2018-12-08',1812081,'Vegetable Chef');
INSERT INTO `cookShift` (`staffID`,`calendarDate`,`shiftID`,`department`) VALUES (107,'2018-12-09',1812090,'Vegetable Chef');
INSERT INTO `cookShift` (`staffID`,`calendarDate`,`shiftID`,`department`) VALUES (107,'2018-12-09',1812091,'Vegetable Chef');
INSERT INTO `cookShift` (`staffID`,`calendarDate`,`shiftID`,`department`) VALUES (107,'2018-12-11',1812110,'Vegetable Chef');
INSERT INTO `cookShift` (`staffID`,`calendarDate`,`shiftID`,`department`) VALUES (107,'2018-12-11',1812111,'Vegetable Chef');
INSERT INTO `cookShift` (`staffID`,`calendarDate`,`shiftID`,`department`) VALUES (107,'2018-12-12',1812120,'Vegetable Chef');
INSERT INTO `cookShift` (`staffID`,`calendarDate`,`shiftID`,`department`) VALUES (107,'2018-12-12',1812121,'Vegetable Chef');
INSERT INTO `cookShift` (`staffID`,`calendarDate`,`shiftID`,`department`) VALUES (107,'2018-12-13',1812130,'Vegetable Chef');
INSERT INTO `cookShift` (`staffID`,`calendarDate`,`shiftID`,`department`) VALUES (107,'2018-12-13',1812131,'Vegetable Chef');
INSERT INTO `cookShift` (`staffID`,`calendarDate`,`shiftID`,`department`) VALUES (107,'2018-12-14',1812140,'Vegetable Chef');
INSERT INTO `cookShift` (`staffID`,`calendarDate`,`shiftID`,`department`) VALUES (107,'2018-12-14',1812141,'Vegetable Chef');
INSERT INTO `cookShift` (`staffID`,`calendarDate`,`shiftID`,`department`) VALUES (107,'2018-12-15',1812150,'Vegetable Chef');
INSERT INTO `cookShift` (`staffID`,`calendarDate`,`shiftID`,`department`) VALUES (107,'2018-12-15',1812151,'Vegetable Chef');
INSERT INTO `cookShift` (`staffID`,`calendarDate`,`shiftID`,`department`) VALUES (107,'2018-12-16',1812160,'Vegetable Chef');
INSERT INTO `cookShift` (`staffID`,`calendarDate`,`shiftID`,`department`) VALUES (107,'2018-12-16',1812161,'Vegetable Chef');
INSERT INTO `cookShift` (`staffID`,`calendarDate`,`shiftID`,`department`) VALUES (107,'2018-12-18',1812180,'Vegetable Chef');
INSERT INTO `cookShift` (`staffID`,`calendarDate`,`shiftID`,`department`) VALUES (107,'2018-12-18',1812181,'Vegetable Chef');
INSERT INTO `cookShift` (`staffID`,`calendarDate`,`shiftID`,`department`) VALUES (107,'2018-12-19',1812190,'Vegetable Chef');
INSERT INTO `cookShift` (`staffID`,`calendarDate`,`shiftID`,`department`) VALUES (107,'2018-12-19',1812191,'Vegetable Chef');
INSERT INTO `cookShift` (`staffID`,`calendarDate`,`shiftID`,`department`) VALUES (107,'2018-12-20',1812200,'Vegetable Chef');
INSERT INTO `cookShift` (`staffID`,`calendarDate`,`shiftID`,`department`) VALUES (107,'2018-12-20',1812201,'Vegetable Chef');
INSERT INTO `cookShift` (`staffID`,`calendarDate`,`shiftID`,`department`) VALUES (107,'2018-12-21',1812210,'Vegetable Chef');
INSERT INTO `cookShift` (`staffID`,`calendarDate`,`shiftID`,`department`) VALUES (107,'2018-12-21',1812211,'Vegetable Chef');
INSERT INTO `cookShift` (`staffID`,`calendarDate`,`shiftID`,`department`) VALUES (107,'2018-12-22',1812220,'Vegetable Chef');
INSERT INTO `cookShift` (`staffID`,`calendarDate`,`shiftID`,`department`) VALUES (107,'2018-12-22',1812221,'Vegetable Chef');
INSERT INTO `cookShift` (`staffID`,`calendarDate`,`shiftID`,`department`) VALUES (107,'2018-12-23',1812230,'Vegetable Chef');
INSERT INTO `cookShift` (`staffID`,`calendarDate`,`shiftID`,`department`) VALUES (107,'2018-12-23',1812231,'Vegetable Chef');
INSERT INTO `cookShift` (`staffID`,`calendarDate`,`shiftID`,`department`) VALUES (107,'2018-12-26',1812260,'Vegetable Chef');
INSERT INTO `cookShift` (`staffID`,`calendarDate`,`shiftID`,`department`) VALUES (107,'2018-12-26',1812261,'Vegetable Chef');
INSERT INTO `cookShift` (`staffID`,`calendarDate`,`shiftID`,`department`) VALUES (107,'2018-12-27',1812270,'Vegetable Chef');
INSERT INTO `cookShift` (`staffID`,`calendarDate`,`shiftID`,`department`) VALUES (107,'2018-12-27',1812271,'Vegetable Chef');
INSERT INTO `cookShift` (`staffID`,`calendarDate`,`shiftID`,`department`) VALUES (107,'2018-12-28',1812280,'Vegetable Chef');
INSERT INTO `cookShift` (`staffID`,`calendarDate`,`shiftID`,`department`) VALUES (107,'2018-12-28',1812281,'Vegetable Chef');
INSERT INTO `cookShift` (`staffID`,`calendarDate`,`shiftID`,`department`) VALUES (107,'2018-12-29',1812290,'Vegetable Chef');
INSERT INTO `cookShift` (`staffID`,`calendarDate`,`shiftID`,`department`) VALUES (107,'2018-12-29',1812291,'Vegetable Chef');
INSERT INTO `cookShift` (`staffID`,`calendarDate`,`shiftID`,`department`) VALUES (107,'2018-12-30',1812300,'Vegetable Chef');
INSERT INTO `cookShift` (`staffID`,`calendarDate`,`shiftID`,`department`) VALUES (107,'2018-12-30',1812301,'Vegetable Chef');

/*
-- Query: SELECT * FROM cecs323sec07bg02.corporateCustomers
LIMIT 0, 1000

-- Date: 2018-12-11 10:03
*/
INSERT INTO `corporateCustomers` (`customerID`,`departmentName`,`corporateContactName`,`corporateContactEmail`,`corporateContactPhone`,`staffID`) VALUES (7,'Billing','Johnny Unitas','ju@bing.com','3106658787',NULL);
INSERT INTO `corporateCustomers` (`customerID`,`departmentName`,`corporateContactName`,`corporateContactEmail`,`corporateContactPhone`,`staffID`) VALUES (8,'HR','Billy Bob','bb@aol.com','6129890707',NULL);
INSERT INTO `corporateCustomers` (`customerID`,`departmentName`,`corporateContactName`,`corporateContactEmail`,`corporateContactPhone`,`staffID`) VALUES (9,'IT','Jimmy James','jj@hotmail.com','8006768500',NULL);
INSERT INTO `corporateCustomers` (`customerID`,`departmentName`,`corporateContactName`,`corporateContactEmail`,`corporateContactPhone`,`staffID`) VALUES (10,'Training','Axel rose','ar@target.com','7178234545',NULL);

/*
-- Query: SELECT * FROM cecs323sec07bg02.customers
LIMIT 0, 1000

-- Date: 2018-12-11 10:04
*/
INSERT INTO `customers` (`customerID`) VALUES (1);
INSERT INTO `customers` (`customerID`) VALUES (2);
INSERT INTO `customers` (`customerID`) VALUES (3);
INSERT INTO `customers` (`customerID`) VALUES (4);
INSERT INTO `customers` (`customerID`) VALUES (5);
INSERT INTO `customers` (`customerID`) VALUES (6);
INSERT INTO `customers` (`customerID`) VALUES (7);
INSERT INTO `customers` (`customerID`) VALUES (8);
INSERT INTO `customers` (`customerID`) VALUES (9);
INSERT INTO `customers` (`customerID`) VALUES (10);
INSERT INTO `customers` (`customerID`) VALUES (11);
INSERT INTO `customers` (`customerID`) VALUES (12);
INSERT INTO `customers` (`customerID`) VALUES (13);
INSERT INTO `customers` (`customerID`) VALUES (14);
INSERT INTO `customers` (`customerID`) VALUES (15);
INSERT INTO `customers` (`customerID`) VALUES (16);
INSERT INTO `customers` (`customerID`) VALUES (17);
INSERT INTO `customers` (`customerID`) VALUES (18);
INSERT INTO `customers` (`customerID`) VALUES (19);
INSERT INTO `customers` (`customerID`) VALUES (20);
INSERT INTO `customers` (`customerID`) VALUES (21);
INSERT INTO `customers` (`customerID`) VALUES (22);
INSERT INTO `customers` (`customerID`) VALUES (23);
INSERT INTO `customers` (`customerID`) VALUES (24);
INSERT INTO `customers` (`customerID`) VALUES (25);
INSERT INTO `customers` (`customerID`) VALUES (26);
INSERT INTO `customers` (`customerID`) VALUES (27);
INSERT INTO `customers` (`customerID`) VALUES (28);
INSERT INTO `customers` (`customerID`) VALUES (29);
INSERT INTO `customers` (`customerID`) VALUES (30);
INSERT INTO `customers` (`customerID`) VALUES (31);
INSERT INTO `customers` (`customerID`) VALUES (32);
INSERT INTO `customers` (`customerID`) VALUES (33);
INSERT INTO `customers` (`customerID`) VALUES (34);
INSERT INTO `customers` (`customerID`) VALUES (35);
INSERT INTO `customers` (`customerID`) VALUES (36);
INSERT INTO `customers` (`customerID`) VALUES (37);
INSERT INTO `customers` (`customerID`) VALUES (38);
INSERT INTO `customers` (`customerID`) VALUES (39);
INSERT INTO `customers` (`customerID`) VALUES (40);
INSERT INTO `customers` (`customerID`) VALUES (41);
INSERT INTO `customers` (`customerID`) VALUES (42);
INSERT INTO `customers` (`customerID`) VALUES (43);


/*
-- Query: SELECT * FROM cecs323sec07bg02.dates
LIMIT 0, 1000

-- Date: 2018-12-11 10:04
*/
INSERT INTO `dates` (`calendarDate`) VALUES ('2017-01-01');
INSERT INTO `dates` (`calendarDate`) VALUES ('2017-01-08');
INSERT INTO `dates` (`calendarDate`) VALUES ('2017-02-05');
INSERT INTO `dates` (`calendarDate`) VALUES ('2017-02-12');
INSERT INTO `dates` (`calendarDate`) VALUES ('2017-03-05');
INSERT INTO `dates` (`calendarDate`) VALUES ('2017-03-12');
INSERT INTO `dates` (`calendarDate`) VALUES ('2017-04-02');
INSERT INTO `dates` (`calendarDate`) VALUES ('2017-04-09');
INSERT INTO `dates` (`calendarDate`) VALUES ('2017-05-07');
INSERT INTO `dates` (`calendarDate`) VALUES ('2017-05-14');
INSERT INTO `dates` (`calendarDate`) VALUES ('2017-06-04');
INSERT INTO `dates` (`calendarDate`) VALUES ('2017-06-11');
INSERT INTO `dates` (`calendarDate`) VALUES ('2017-07-02');
INSERT INTO `dates` (`calendarDate`) VALUES ('2017-07-09');
INSERT INTO `dates` (`calendarDate`) VALUES ('2017-08-06');
INSERT INTO `dates` (`calendarDate`) VALUES ('2017-08-13');
INSERT INTO `dates` (`calendarDate`) VALUES ('2017-09-03');
INSERT INTO `dates` (`calendarDate`) VALUES ('2017-09-10');
INSERT INTO `dates` (`calendarDate`) VALUES ('2017-10-01');
INSERT INTO `dates` (`calendarDate`) VALUES ('2017-10-08');
INSERT INTO `dates` (`calendarDate`) VALUES ('2017-11-05');
INSERT INTO `dates` (`calendarDate`) VALUES ('2017-11-12');
INSERT INTO `dates` (`calendarDate`) VALUES ('2017-12-03');
INSERT INTO `dates` (`calendarDate`) VALUES ('2017-12-10');
INSERT INTO `dates` (`calendarDate`) VALUES ('2018-01-07');
INSERT INTO `dates` (`calendarDate`) VALUES ('2018-01-14');
INSERT INTO `dates` (`calendarDate`) VALUES ('2018-02-04');
INSERT INTO `dates` (`calendarDate`) VALUES ('2018-02-11');
INSERT INTO `dates` (`calendarDate`) VALUES ('2018-03-04');
INSERT INTO `dates` (`calendarDate`) VALUES ('2018-03-11');
INSERT INTO `dates` (`calendarDate`) VALUES ('2018-04-01');
INSERT INTO `dates` (`calendarDate`) VALUES ('2018-04-08');
INSERT INTO `dates` (`calendarDate`) VALUES ('2018-05-06');
INSERT INTO `dates` (`calendarDate`) VALUES ('2018-05-13');
INSERT INTO `dates` (`calendarDate`) VALUES ('2018-06-03');
INSERT INTO `dates` (`calendarDate`) VALUES ('2018-06-14');
INSERT INTO `dates` (`calendarDate`) VALUES ('2018-07-01');
INSERT INTO `dates` (`calendarDate`) VALUES ('2018-07-08');
INSERT INTO `dates` (`calendarDate`) VALUES ('2018-08-05');
INSERT INTO `dates` (`calendarDate`) VALUES ('2018-08-12');
INSERT INTO `dates` (`calendarDate`) VALUES ('2018-09-02');
INSERT INTO `dates` (`calendarDate`) VALUES ('2018-09-09');
INSERT INTO `dates` (`calendarDate`) VALUES ('2018-10-07');
INSERT INTO `dates` (`calendarDate`) VALUES ('2018-10-14');
INSERT INTO `dates` (`calendarDate`) VALUES ('2018-11-04');
INSERT INTO `dates` (`calendarDate`) VALUES ('2018-11-11');
INSERT INTO `dates` (`calendarDate`) VALUES ('2018-12-01');
INSERT INTO `dates` (`calendarDate`) VALUES ('2018-12-02');
INSERT INTO `dates` (`calendarDate`) VALUES ('2018-12-03');
INSERT INTO `dates` (`calendarDate`) VALUES ('2018-12-04');
INSERT INTO `dates` (`calendarDate`) VALUES ('2018-12-05');
INSERT INTO `dates` (`calendarDate`) VALUES ('2018-12-06');
INSERT INTO `dates` (`calendarDate`) VALUES ('2018-12-07');
INSERT INTO `dates` (`calendarDate`) VALUES ('2018-12-08');
INSERT INTO `dates` (`calendarDate`) VALUES ('2018-12-09');
INSERT INTO `dates` (`calendarDate`) VALUES ('2018-12-10');
INSERT INTO `dates` (`calendarDate`) VALUES ('2018-12-11');
INSERT INTO `dates` (`calendarDate`) VALUES ('2018-12-12');
INSERT INTO `dates` (`calendarDate`) VALUES ('2018-12-13');
INSERT INTO `dates` (`calendarDate`) VALUES ('2018-12-14');
INSERT INTO `dates` (`calendarDate`) VALUES ('2018-12-15');
INSERT INTO `dates` (`calendarDate`) VALUES ('2018-12-16');
INSERT INTO `dates` (`calendarDate`) VALUES ('2018-12-17');
INSERT INTO `dates` (`calendarDate`) VALUES ('2018-12-18');
INSERT INTO `dates` (`calendarDate`) VALUES ('2018-12-19');
INSERT INTO `dates` (`calendarDate`) VALUES ('2018-12-20');
INSERT INTO `dates` (`calendarDate`) VALUES ('2018-12-21');
INSERT INTO `dates` (`calendarDate`) VALUES ('2018-12-22');
INSERT INTO `dates` (`calendarDate`) VALUES ('2018-12-23');
INSERT INTO `dates` (`calendarDate`) VALUES ('2018-12-24');
INSERT INTO `dates` (`calendarDate`) VALUES ('2018-12-25');
INSERT INTO `dates` (`calendarDate`) VALUES ('2018-12-26');
INSERT INTO `dates` (`calendarDate`) VALUES ('2018-12-27');
INSERT INTO `dates` (`calendarDate`) VALUES ('2018-12-28');
INSERT INTO `dates` (`calendarDate`) VALUES ('2018-12-29');
INSERT INTO `dates` (`calendarDate`) VALUES ('2018-12-30');
INSERT INTO `dates` (`calendarDate`) VALUES ('2018-12-31');

/*
-- Query: SELECT * FROM cecs323sec07bg02.departments
LIMIT 0, 1000

-- Date: 2018-12-11 10:06
*/
INSERT INTO `departments` (`department`) VALUES ('butcher');
INSERT INTO `departments` (`department`) VALUES ('fry cook');
INSERT INTO `departments` (`department`) VALUES ('grill chef');
INSERT INTO `departments` (`department`) VALUES ('pantry chef');
INSERT INTO `departments` (`department`) VALUES ('pastry chef');
INSERT INTO `departments` (`department`) VALUES ('roast chef');
INSERT INTO `departments` (`department`) VALUES ('saute chef');
INSERT INTO `departments` (`department`) VALUES ('vegetable chef');

/*
-- Query: SELECT * FROM cecs323sec07bg02.dineInOrder
LIMIT 0, 1000

-- Date: 2018-12-11 10:20
*/
INSERT INTO `dineInOrder` (`orderNumber`,`seatID`,`groupID`,`customerID`,`leaderSeatID`,`leaderGroupID`,`leaderCustomerID`) VALUES (1,63,201,1,63,201,1);
INSERT INTO `dineInOrder` (`orderNumber`,`seatID`,`groupID`,`customerID`,`leaderSeatID`,`leaderGroupID`,`leaderCustomerID`) VALUES (2,64,202,2,64,202,2);
INSERT INTO `dineInOrder` (`orderNumber`,`seatID`,`groupID`,`customerID`,`leaderSeatID`,`leaderGroupID`,`leaderCustomerID`) VALUES (3,1,203,3,1,203,3);
INSERT INTO `dineInOrder` (`orderNumber`,`seatID`,`groupID`,`customerID`,`leaderSeatID`,`leaderGroupID`,`leaderCustomerID`) VALUES (4,2,203,4,1,203,3);
INSERT INTO `dineInOrder` (`orderNumber`,`seatID`,`groupID`,`customerID`,`leaderSeatID`,`leaderGroupID`,`leaderCustomerID`) VALUES (5,3,203,5,1,203,3);
INSERT INTO `dineInOrder` (`orderNumber`,`seatID`,`groupID`,`customerID`,`leaderSeatID`,`leaderGroupID`,`leaderCustomerID`) VALUES (6,4,203,6,1,203,3);
INSERT INTO `dineInOrder` (`orderNumber`,`seatID`,`groupID`,`customerID`,`leaderSeatID`,`leaderGroupID`,`leaderCustomerID`) VALUES (7,9,205,7,9,205,7);
INSERT INTO `dineInOrder` (`orderNumber`,`seatID`,`groupID`,`customerID`,`leaderSeatID`,`leaderGroupID`,`leaderCustomerID`) VALUES (8,10,205,21,9,205,7);
INSERT INTO `dineInOrder` (`orderNumber`,`seatID`,`groupID`,`customerID`,`leaderSeatID`,`leaderGroupID`,`leaderCustomerID`) VALUES (9,11,205,22,9,205,7);
INSERT INTO `dineInOrder` (`orderNumber`,`seatID`,`groupID`,`customerID`,`leaderSeatID`,`leaderGroupID`,`leaderCustomerID`) VALUES (10,5,206,11,5,206,11);
INSERT INTO `dineInOrder` (`orderNumber`,`seatID`,`groupID`,`customerID`,`leaderSeatID`,`leaderGroupID`,`leaderCustomerID`) VALUES (11,6,206,13,5,206,11);
INSERT INTO `dineInOrder` (`orderNumber`,`seatID`,`groupID`,`customerID`,`leaderSeatID`,`leaderGroupID`,`leaderCustomerID`) VALUES (12,7,206,15,5,206,11);
INSERT INTO `dineInOrder` (`orderNumber`,`seatID`,`groupID`,`customerID`,`leaderSeatID`,`leaderGroupID`,`leaderCustomerID`) VALUES (13,8,206,16,5,206,11);
INSERT INTO `dineInOrder` (`orderNumber`,`seatID`,`groupID`,`customerID`,`leaderSeatID`,`leaderGroupID`,`leaderCustomerID`) VALUES (14,12,207,8,12,207,8);
INSERT INTO `dineInOrder` (`orderNumber`,`seatID`,`groupID`,`customerID`,`leaderSeatID`,`leaderGroupID`,`leaderCustomerID`) VALUES (15,13,207,23,12,207,8);
INSERT INTO `dineInOrder` (`orderNumber`,`seatID`,`groupID`,`customerID`,`leaderSeatID`,`leaderGroupID`,`leaderCustomerID`) VALUES (16,14,207,24,12,207,8);
INSERT INTO `dineInOrder` (`orderNumber`,`seatID`,`groupID`,`customerID`,`leaderSeatID`,`leaderGroupID`,`leaderCustomerID`) VALUES (17,15,207,25,12,207,8);
INSERT INTO `dineInOrder` (`orderNumber`,`seatID`,`groupID`,`customerID`,`leaderSeatID`,`leaderGroupID`,`leaderCustomerID`) VALUES (18,16,209,9,16,209,9);
INSERT INTO `dineInOrder` (`orderNumber`,`seatID`,`groupID`,`customerID`,`leaderSeatID`,`leaderGroupID`,`leaderCustomerID`) VALUES (19,17,209,26,16,209,9);
INSERT INTO `dineInOrder` (`orderNumber`,`seatID`,`groupID`,`customerID`,`leaderSeatID`,`leaderGroupID`,`leaderCustomerID`) VALUES (20,18,209,27,16,209,9);
INSERT INTO `dineInOrder` (`orderNumber`,`seatID`,`groupID`,`customerID`,`leaderSeatID`,`leaderGroupID`,`leaderCustomerID`) VALUES (21,19,209,28,16,209,9);
INSERT INTO `dineInOrder` (`orderNumber`,`seatID`,`groupID`,`customerID`,`leaderSeatID`,`leaderGroupID`,`leaderCustomerID`) VALUES (22,20,210,10,20,210,10);
INSERT INTO `dineInOrder` (`orderNumber`,`seatID`,`groupID`,`customerID`,`leaderSeatID`,`leaderGroupID`,`leaderCustomerID`) VALUES (23,21,210,29,20,210,10);
INSERT INTO `dineInOrder` (`orderNumber`,`seatID`,`groupID`,`customerID`,`leaderSeatID`,`leaderGroupID`,`leaderCustomerID`) VALUES (24,22,210,30,20,210,10);
INSERT INTO `dineInOrder` (`orderNumber`,`seatID`,`groupID`,`customerID`,`leaderSeatID`,`leaderGroupID`,`leaderCustomerID`) VALUES (25,23,211,17,23,211,17);
INSERT INTO `dineInOrder` (`orderNumber`,`seatID`,`groupID`,`customerID`,`leaderSeatID`,`leaderGroupID`,`leaderCustomerID`) VALUES (26,24,211,32,23,211,17);
INSERT INTO `dineInOrder` (`orderNumber`,`seatID`,`groupID`,`customerID`,`leaderSeatID`,`leaderGroupID`,`leaderCustomerID`) VALUES (27,26,212,18,26,212,18);
INSERT INTO `dineInOrder` (`orderNumber`,`seatID`,`groupID`,`customerID`,`leaderSeatID`,`leaderGroupID`,`leaderCustomerID`) VALUES (28,27,212,34,26,212,18);
INSERT INTO `dineInOrder` (`orderNumber`,`seatID`,`groupID`,`customerID`,`leaderSeatID`,`leaderGroupID`,`leaderCustomerID`) VALUES (29,31,213,19,31,213,19);
INSERT INTO `dineInOrder` (`orderNumber`,`seatID`,`groupID`,`customerID`,`leaderSeatID`,`leaderGroupID`,`leaderCustomerID`) VALUES (30,32,213,36,31,213,19);
INSERT INTO `dineInOrder` (`orderNumber`,`seatID`,`groupID`,`customerID`,`leaderSeatID`,`leaderGroupID`,`leaderCustomerID`) VALUES (31,33,213,37,31,213,19);
INSERT INTO `dineInOrder` (`orderNumber`,`seatID`,`groupID`,`customerID`,`leaderSeatID`,`leaderGroupID`,`leaderCustomerID`) VALUES (32,34,214,20,34,214,20);
INSERT INTO `dineInOrder` (`orderNumber`,`seatID`,`groupID`,`customerID`,`leaderSeatID`,`leaderGroupID`,`leaderCustomerID`) VALUES (33,35,214,39,34,214,20);
INSERT INTO `dineInOrder` (`orderNumber`,`seatID`,`groupID`,`customerID`,`leaderSeatID`,`leaderGroupID`,`leaderCustomerID`) VALUES (34,36,214,40,34,214,20);
INSERT INTO `dineInOrder` (`orderNumber`,`seatID`,`groupID`,`customerID`,`leaderSeatID`,`leaderGroupID`,`leaderCustomerID`) VALUES (35,25,211,33,23,211,17);
INSERT INTO `dineInOrder` (`orderNumber`,`seatID`,`groupID`,`customerID`,`leaderSeatID`,`leaderGroupID`,`leaderCustomerID`) VALUES (36,30,212,35,26,212,18);

/*
-- Query: SELECT * FROM cecs323sec07bg02.diningTable
LIMIT 0, 1000

-- Date: 2018-12-11 10:21
*/
INSERT INTO `diningTable` (`tableNum`,`capacity`) VALUES (1,4);
INSERT INTO `diningTable` (`tableNum`,`capacity`) VALUES (2,4);
INSERT INTO `diningTable` (`tableNum`,`capacity`) VALUES (3,4);
INSERT INTO `diningTable` (`tableNum`,`capacity`) VALUES (4,4);
INSERT INTO `diningTable` (`tableNum`,`capacity`) VALUES (5,4);
INSERT INTO `diningTable` (`tableNum`,`capacity`) VALUES (6,8);
INSERT INTO `diningTable` (`tableNum`,`capacity`) VALUES (7,8);
INSERT INTO `diningTable` (`tableNum`,`capacity`) VALUES (8,8);
INSERT INTO `diningTable` (`tableNum`,`capacity`) VALUES (9,10);
INSERT INTO `diningTable` (`tableNum`,`capacity`) VALUES (10,10);

/*
-- Query: SELECT * FROM cecs323sec07bg02.dish
LIMIT 0, 1000

-- Date: 2018-12-11 10:21
*/
INSERT INTO `dish` (`dishName`,`staffID`) VALUES ('Pan Fried Noodles',101);
INSERT INTO `dish` (`dishName`,`staffID`) VALUES ('Peanut Curry',101);
INSERT INTO `dish` (`dishName`,`staffID`) VALUES ('Pork Plate',101);
INSERT INTO `dish` (`dishName`,`staffID`) VALUES ('Sweet and Sour Pork',101);
INSERT INTO `dish` (`dishName`,`staffID`) VALUES ('Chow Mein',115);
INSERT INTO `dish` (`dishName`,`staffID`) VALUES ('Drunken Noodles',115);
INSERT INTO `dish` (`dishName`,`staffID`) VALUES ('Egg Drop Soup',115);
INSERT INTO `dish` (`dishName`,`staffID`) VALUES ('White Rice',115);
INSERT INTO `dish` (`dishName`,`staffID`) VALUES ('Black Pepper Beef',116);
INSERT INTO `dish` (`dishName`,`staffID`) VALUES ('Egg Rolls',116);
INSERT INTO `dish` (`dishName`,`staffID`) VALUES ('Eggplant Tofu',116);
INSERT INTO `dish` (`dishName`,`staffID`) VALUES ('Fried Rice',116);
INSERT INTO `dish` (`dishName`,`staffID`) VALUES ('Hot and Sour Soup',117);
INSERT INTO `dish` (`dishName`,`staffID`) VALUES ('Jalapeno Poppers',117);
INSERT INTO `dish` (`dishName`,`staffID`) VALUES ('Kung Pao Chicken',117);
INSERT INTO `dish` (`dishName`,`staffID`) VALUES ('Miso Soup',117);
INSERT INTO `dish` (`dishName`,`staffID`) VALUES ('Mongolian Beef',118);
INSERT INTO `dish` (`dishName`,`staffID`) VALUES ('Orange Chicken',118);

/*
-- Query: SELECT * FROM cecs323sec07bg02.dishwasher
LIMIT 0, 1000

-- Date: 2018-12-11 10:22
*/
INSERT INTO `dishwasher` (`staffID`) VALUES (109);

/*
-- Query: SELECT * FROM cecs323sec07bg02.expertSous
LIMIT 0, 1000

-- Date: 2018-12-11 10:22
*/
INSERT INTO `expertSous` (`dishName`,`mentorID`) VALUES ('Black Pepper Beef',102);
INSERT INTO `expertSous` (`dishName`,`mentorID`) VALUES ('Chow Mein',102);
INSERT INTO `expertSous` (`dishName`,`mentorID`) VALUES ('Miso Soup',102);
INSERT INTO `expertSous` (`dishName`,`mentorID`) VALUES ('Black Pepper Beef',103);
INSERT INTO `expertSous` (`dishName`,`mentorID`) VALUES ('Jalapeno Poppers',103);
INSERT INTO `expertSous` (`dishName`,`mentorID`) VALUES ('Kung Pao Chicken',103);
INSERT INTO `expertSous` (`dishName`,`mentorID`) VALUES ('Peanut Curry',103);
INSERT INTO `expertSous` (`dishName`,`mentorID`) VALUES ('Pork Plate',103);
INSERT INTO `expertSous` (`dishName`,`mentorID`) VALUES ('Black Pepper Beef',111);
INSERT INTO `expertSous` (`dishName`,`mentorID`) VALUES ('Egg Drop Soup',111);
INSERT INTO `expertSous` (`dishName`,`mentorID`) VALUES ('Egg Rolls',111);
INSERT INTO `expertSous` (`dishName`,`mentorID`) VALUES ('Eggplant Tofu',111);
INSERT INTO `expertSous` (`dishName`,`mentorID`) VALUES ('Jalapeno Poppers',111);
INSERT INTO `expertSous` (`dishName`,`mentorID`) VALUES ('Kung Pao Chicken',111);
INSERT INTO `expertSous` (`dishName`,`mentorID`) VALUES ('Black Pepper Beef',112);
INSERT INTO `expertSous` (`dishName`,`mentorID`) VALUES ('Fried Rice',112);
INSERT INTO `expertSous` (`dishName`,`mentorID`) VALUES ('Hot and Sour Soup',112);
INSERT INTO `expertSous` (`dishName`,`mentorID`) VALUES ('Jalapeno Poppers',112);
INSERT INTO `expertSous` (`dishName`,`mentorID`) VALUES ('Kung Pao Chicken',112);
INSERT INTO `expertSous` (`dishName`,`mentorID`) VALUES ('Mongolian Beef',112);
INSERT INTO `expertSous` (`dishName`,`mentorID`) VALUES ('Pan Fried Noodles',113);
INSERT INTO `expertSous` (`dishName`,`mentorID`) VALUES ('Sweet And Sour Pork',113);
INSERT INTO `expertSous` (`dishName`,`mentorID`) VALUES ('White Rice',113);
INSERT INTO `expertSous` (`dishName`,`mentorID`) VALUES ('Drunken Noodles',114);
INSERT INTO `expertSous` (`dishName`,`mentorID`) VALUES ('Orange Chicken',114);


/*
-- Query: SELECT * FROM cecs323sec07bg02.fullTimeStaff
LIMIT 0, 1000

-- Date: 2018-12-11 10:23
*/
INSERT INTO `fullTimeStaff` (`staffID`,`salary`,`insuranceName`,`policyNumber`) VALUES (101,50000,'Delta Insurance',206);
INSERT INTO `fullTimeStaff` (`staffID`,`salary`,`insuranceName`,`policyNumber`) VALUES (102,38000,'Delta Insurance',205);
INSERT INTO `fullTimeStaff` (`staffID`,`salary`,`insuranceName`,`policyNumber`) VALUES (103,39000,'Delta Insurance',205);
INSERT INTO `fullTimeStaff` (`staffID`,`salary`,`insuranceName`,`policyNumber`) VALUES (104,48000,'Delta Insurance',206);
INSERT INTO `fullTimeStaff` (`staffID`,`salary`,`insuranceName`,`policyNumber`) VALUES (105,36500,'Delta Insurance',204);
INSERT INTO `fullTimeStaff` (`staffID`,`salary`,`insuranceName`,`policyNumber`) VALUES (106,36000,'Delta Insurance',204);
INSERT INTO `fullTimeStaff` (`staffID`,`salary`,`insuranceName`,`policyNumber`) VALUES (107,35500,'Delta Insurance',204);
INSERT INTO `fullTimeStaff` (`staffID`,`salary`,`insuranceName`,`policyNumber`) VALUES (111,40000,'Red Shield',8790);
INSERT INTO `fullTimeStaff` (`staffID`,`salary`,`insuranceName`,`policyNumber`) VALUES (112,32000,'Sunshine Health',5021);
INSERT INTO `fullTimeStaff` (`staffID`,`salary`,`insuranceName`,`policyNumber`) VALUES (113,47000,'Delta Insurance',205);
INSERT INTO `fullTimeStaff` (`staffID`,`salary`,`insuranceName`,`policyNumber`) VALUES (114,80000,'Red Shield',8790);
INSERT INTO `fullTimeStaff` (`staffID`,`salary`,`insuranceName`,`policyNumber`) VALUES (115,31000,'Red Shield',8790);
INSERT INTO `fullTimeStaff` (`staffID`,`salary`,`insuranceName`,`policyNumber`) VALUES (116,28000,'Sunshine Health',6021);
INSERT INTO `fullTimeStaff` (`staffID`,`salary`,`insuranceName`,`policyNumber`) VALUES (117,80000,'Delta Insurance',206);
INSERT INTO `fullTimeStaff` (`staffID`,`salary`,`insuranceName`,`policyNumber`) VALUES (118,80000,'Delta Insurance',205);

/*
-- Query: SELECT * FROM cecs323sec07bg02.groupLeader
LIMIT 0, 1000

-- Date: 2018-12-11 10:24
*/
INSERT INTO `groupLeader` (`seatID`,`groupID`,`customerID`) VALUES (1,203,3);
INSERT INTO `groupLeader` (`seatID`,`groupID`,`customerID`) VALUES (5,206,11);
INSERT INTO `groupLeader` (`seatID`,`groupID`,`customerID`) VALUES (9,205,7);
INSERT INTO `groupLeader` (`seatID`,`groupID`,`customerID`) VALUES (12,207,8);
INSERT INTO `groupLeader` (`seatID`,`groupID`,`customerID`) VALUES (16,209,9);
INSERT INTO `groupLeader` (`seatID`,`groupID`,`customerID`) VALUES (20,210,10);
INSERT INTO `groupLeader` (`seatID`,`groupID`,`customerID`) VALUES (23,211,17);
INSERT INTO `groupLeader` (`seatID`,`groupID`,`customerID`) VALUES (26,212,18);
INSERT INTO `groupLeader` (`seatID`,`groupID`,`customerID`) VALUES (31,213,19);
INSERT INTO `groupLeader` (`seatID`,`groupID`,`customerID`) VALUES (34,214,20);
INSERT INTO `groupLeader` (`seatID`,`groupID`,`customerID`) VALUES (63,201,1);
INSERT INTO `groupLeader` (`seatID`,`groupID`,`customerID`) VALUES (64,202,2);


/*
-- Query: SELECT * FROM cecs323sec07bg02.groupMember
LIMIT 0, 1000

-- Date: 2018-12-11 10:24
*/
INSERT INTO `groupMember` (`groupID`,`customerID`) VALUES (201,1);
INSERT INTO `groupMember` (`groupID`,`customerID`) VALUES (202,2);
INSERT INTO `groupMember` (`groupID`,`customerID`) VALUES (203,3);
INSERT INTO `groupMember` (`groupID`,`customerID`) VALUES (203,4);
INSERT INTO `groupMember` (`groupID`,`customerID`) VALUES (203,5);
INSERT INTO `groupMember` (`groupID`,`customerID`) VALUES (203,6);
INSERT INTO `groupMember` (`groupID`,`customerID`) VALUES (205,7);
INSERT INTO `groupMember` (`groupID`,`customerID`) VALUES (207,8);
INSERT INTO `groupMember` (`groupID`,`customerID`) VALUES (209,9);
INSERT INTO `groupMember` (`groupID`,`customerID`) VALUES (210,10);
INSERT INTO `groupMember` (`groupID`,`customerID`) VALUES (206,11);
INSERT INTO `groupMember` (`groupID`,`customerID`) VALUES (206,13);
INSERT INTO `groupMember` (`groupID`,`customerID`) VALUES (206,15);
INSERT INTO `groupMember` (`groupID`,`customerID`) VALUES (206,16);
INSERT INTO `groupMember` (`groupID`,`customerID`) VALUES (211,17);
INSERT INTO `groupMember` (`groupID`,`customerID`) VALUES (212,18);
INSERT INTO `groupMember` (`groupID`,`customerID`) VALUES (213,19);
INSERT INTO `groupMember` (`groupID`,`customerID`) VALUES (214,20);
INSERT INTO `groupMember` (`groupID`,`customerID`) VALUES (205,21);
INSERT INTO `groupMember` (`groupID`,`customerID`) VALUES (205,22);
INSERT INTO `groupMember` (`groupID`,`customerID`) VALUES (207,23);
INSERT INTO `groupMember` (`groupID`,`customerID`) VALUES (207,24);
INSERT INTO `groupMember` (`groupID`,`customerID`) VALUES (207,25);
INSERT INTO `groupMember` (`groupID`,`customerID`) VALUES (209,26);
INSERT INTO `groupMember` (`groupID`,`customerID`) VALUES (209,27);
INSERT INTO `groupMember` (`groupID`,`customerID`) VALUES (209,28);
INSERT INTO `groupMember` (`groupID`,`customerID`) VALUES (210,29);
INSERT INTO `groupMember` (`groupID`,`customerID`) VALUES (210,30);
INSERT INTO `groupMember` (`groupID`,`customerID`) VALUES (211,32);
INSERT INTO `groupMember` (`groupID`,`customerID`) VALUES (211,33);
INSERT INTO `groupMember` (`groupID`,`customerID`) VALUES (212,34);
INSERT INTO `groupMember` (`groupID`,`customerID`) VALUES (212,35);
INSERT INTO `groupMember` (`groupID`,`customerID`) VALUES (213,36);
INSERT INTO `groupMember` (`groupID`,`customerID`) VALUES (213,37);
INSERT INTO `groupMember` (`groupID`,`customerID`) VALUES (214,39);
INSERT INTO `groupMember` (`groupID`,`customerID`) VALUES (214,40);

/*
-- Query: SELECT * FROM cecs323sec07bg02.groups
LIMIT 0, 1000

-- Date: 2018-12-11 10:25
*/
INSERT INTO `groups` (`groupID`,`calendarDate`,`checkInTime`,`staffID`,`shiftID`) VALUES (201,'2018-12-05','10:05:00',108,1812050);
INSERT INTO `groups` (`groupID`,`calendarDate`,`checkInTime`,`staffID`,`shiftID`) VALUES (202,'2018-12-06','11:06:00',108,1812060);
INSERT INTO `groups` (`groupID`,`calendarDate`,`checkInTime`,`staffID`,`shiftID`) VALUES (203,'2018-12-07','10:06:00',108,1812070);
INSERT INTO `groups` (`groupID`,`calendarDate`,`checkInTime`,`staffID`,`shiftID`) VALUES (204,'2018-12-08','11:10:00',108,1812080);
INSERT INTO `groups` (`groupID`,`calendarDate`,`checkInTime`,`staffID`,`shiftID`) VALUES (205,'2018-12-09','10:11:00',108,1812090);
INSERT INTO `groups` (`groupID`,`calendarDate`,`checkInTime`,`staffID`,`shiftID`) VALUES (206,'2018-12-11','11:12:00',108,1812110);
INSERT INTO `groups` (`groupID`,`calendarDate`,`checkInTime`,`staffID`,`shiftID`) VALUES (207,'2018-12-12','10:24:00',108,1812120);
INSERT INTO `groups` (`groupID`,`calendarDate`,`checkInTime`,`staffID`,`shiftID`) VALUES (208,'2018-12-13','11:24:00',108,1812130);
INSERT INTO `groups` (`groupID`,`calendarDate`,`checkInTime`,`staffID`,`shiftID`) VALUES (209,'2018-12-14','08:05:00',118,1812140);
INSERT INTO `groups` (`groupID`,`calendarDate`,`checkInTime`,`staffID`,`shiftID`) VALUES (210,'2018-12-15','09:00:00',108,1812150);
INSERT INTO `groups` (`groupID`,`calendarDate`,`checkInTime`,`staffID`,`shiftID`) VALUES (211,'2018-12-16','13:05:00',108,1812161);
INSERT INTO `groups` (`groupID`,`calendarDate`,`checkInTime`,`staffID`,`shiftID`) VALUES (212,'2018-12-18','15:24:00',108,1812181);
INSERT INTO `groups` (`groupID`,`calendarDate`,`checkInTime`,`staffID`,`shiftID`) VALUES (213,'2018-12-19','16:56:00',108,1812191);
INSERT INTO `groups` (`groupID`,`calendarDate`,`checkInTime`,`staffID`,`shiftID`) VALUES (214,'2018-12-20','20:17:00',108,1812201);
INSERT INTO `groups` (`groupID`,`calendarDate`,`checkInTime`,`staffID`,`shiftID`) VALUES (215,'2018-12-21','08:23:00',108,1812210);
INSERT INTO `groups` (`groupID`,`calendarDate`,`checkInTime`,`staffID`,`shiftID`) VALUES (216,'2018-12-22','19:16:00',108,1812221);
INSERT INTO `groups` (`groupID`,`calendarDate`,`checkInTime`,`staffID`,`shiftID`) VALUES (217,'2018-12-23','04:17:00',108,1812230);
INSERT INTO `groups` (`groupID`,`calendarDate`,`checkInTime`,`staffID`,`shiftID`) VALUES (218,'2018-12-26','15:45:00',108,1812261);
INSERT INTO `groups` (`groupID`,`calendarDate`,`checkInTime`,`staffID`,`shiftID`) VALUES (219,'2018-12-27','10:15:00',108,1812270);
INSERT INTO `groups` (`groupID`,`calendarDate`,`checkInTime`,`staffID`,`shiftID`) VALUES (220,'2018-12-28','11:20:00',108,1812280);
INSERT INTO `groups` (`groupID`,`calendarDate`,`checkInTime`,`staffID`,`shiftID`) VALUES (221,'2018-12-04','10:00:00',108,1812040);
INSERT INTO `groups` (`groupID`,`calendarDate`,`checkInTime`,`staffID`,`shiftID`) VALUES (222,'2018-12-02','10:05:00',108,1812020);
INSERT INTO `groups` (`groupID`,`calendarDate`,`checkInTime`,`staffID`,`shiftID`) VALUES (223,'2018-12-01','10:00:00',108,1812010);
INSERT INTO `groups` (`groupID`,`calendarDate`,`checkInTime`,`staffID`,`shiftID`) VALUES (224,'2018-12-29','10:15:00',108,1812290);
INSERT INTO `groups` (`groupID`,`calendarDate`,`checkInTime`,`staffID`,`shiftID`) VALUES (225,'2018-12-30','11:20:00',108,1812300);

/*
-- Query: SELECT * FROM cecs323sec07bg02.guest
LIMIT 0, 1000

-- Date: 2018-12-11 10:26
*/
INSERT INTO `guest` (`seatID`,`groupID`,`customerID`) VALUES (2,203,4);
INSERT INTO `guest` (`seatID`,`groupID`,`customerID`) VALUES (3,203,5);
INSERT INTO `guest` (`seatID`,`groupID`,`customerID`) VALUES (4,203,6);
INSERT INTO `guest` (`seatID`,`groupID`,`customerID`) VALUES (6,206,13);
INSERT INTO `guest` (`seatID`,`groupID`,`customerID`) VALUES (7,206,15);
INSERT INTO `guest` (`seatID`,`groupID`,`customerID`) VALUES (8,206,16);
INSERT INTO `guest` (`seatID`,`groupID`,`customerID`) VALUES (10,205,21);
INSERT INTO `guest` (`seatID`,`groupID`,`customerID`) VALUES (11,205,22);
INSERT INTO `guest` (`seatID`,`groupID`,`customerID`) VALUES (13,207,23);
INSERT INTO `guest` (`seatID`,`groupID`,`customerID`) VALUES (14,207,24);
INSERT INTO `guest` (`seatID`,`groupID`,`customerID`) VALUES (15,207,25);
INSERT INTO `guest` (`seatID`,`groupID`,`customerID`) VALUES (17,209,26);
INSERT INTO `guest` (`seatID`,`groupID`,`customerID`) VALUES (18,209,27);
INSERT INTO `guest` (`seatID`,`groupID`,`customerID`) VALUES (19,209,28);
INSERT INTO `guest` (`seatID`,`groupID`,`customerID`) VALUES (21,210,29);
INSERT INTO `guest` (`seatID`,`groupID`,`customerID`) VALUES (22,210,30);
INSERT INTO `guest` (`seatID`,`groupID`,`customerID`) VALUES (24,211,32);
INSERT INTO `guest` (`seatID`,`groupID`,`customerID`) VALUES (25,211,33);
INSERT INTO `guest` (`seatID`,`groupID`,`customerID`) VALUES (27,212,34);
INSERT INTO `guest` (`seatID`,`groupID`,`customerID`) VALUES (30,212,35);
INSERT INTO `guest` (`seatID`,`groupID`,`customerID`) VALUES (32,213,36);
INSERT INTO `guest` (`seatID`,`groupID`,`customerID`) VALUES (33,213,37);
INSERT INTO `guest` (`seatID`,`groupID`,`customerID`) VALUES (35,214,39);
INSERT INTO `guest` (`seatID`,`groupID`,`customerID`) VALUES (36,214,40);

/*
-- Query: SELECT * FROM cecs323sec07bg02.headChef
LIMIT 0, 1000

-- Date: 2018-12-11 10:27
*/
INSERT INTO `headChef` (`staffID`) VALUES (101);
INSERT INTO `headChef` (`staffID`) VALUES (115);
INSERT INTO `headChef` (`staffID`) VALUES (116);
INSERT INTO `headChef` (`staffID`) VALUES (117);
INSERT INTO `headChef` (`staffID`) VALUES (118);
/*
-- Query: SELECT * FROM cecs323sec07bg02.healthcare
LIMIT 0, 1000

-- Date: 2018-12-11 10:28
*/
INSERT INTO `healthcare` (`insuranceName`,`policyNumber`) VALUES ('Delta Insurance',204);
INSERT INTO `healthcare` (`insuranceName`,`policyNumber`) VALUES ('Delta Insurance',205);
INSERT INTO `healthcare` (`insuranceName`,`policyNumber`) VALUES ('Delta Insurance',206);
INSERT INTO `healthcare` (`insuranceName`,`policyNumber`) VALUES ('Red Shield',8790);
INSERT INTO `healthcare` (`insuranceName`,`policyNumber`) VALUES ('Red Shield',9790);
INSERT INTO `healthcare` (`insuranceName`,`policyNumber`) VALUES ('Sunshine Health',5021);
INSERT INTO `healthcare` (`insuranceName`,`policyNumber`) VALUES ('Sunshine Health',6021);
/*
-- Query: SELECT * FROM cecs323sec07bg02.insuranceCompany
LIMIT 0, 1000

-- Date: 2018-12-11 10:28
*/
INSERT INTO `insuranceCompany` (`insuranceName`,`insurancePhone`) VALUES ('Aero Healthcare','7205559162');
INSERT INTO `insuranceCompany` (`insuranceName`,`insurancePhone`) VALUES ('Delta Insurance','5625556562');
INSERT INTO `insuranceCompany` (`insuranceName`,`insurancePhone`) VALUES ('Red Shield','9165551937');
INSERT INTO `insuranceCompany` (`insuranceName`,`insurancePhone`) VALUES ('Sunshine Health','5625557762');


/*
-- Query: SELECT * FROM cecs323sec07bg02.lineCook
LIMIT 0, 1000

-- Date: 2018-12-11 10:29
*/
INSERT INTO `lineCook` (`staffID`) VALUES (105);
INSERT INTO `lineCook` (`staffID`) VALUES (106);
INSERT INTO `lineCook` (`staffID`) VALUES (107);

/*
-- Query: SELECT * FROM cecs323sec07bg02.maitreD
LIMIT 0, 1000

-- Date: 2018-12-11 10:29
*/
INSERT INTO `maitreD` (`staffID`) VALUES (108);

/*
-- Query: SELECT * FROM cecs323sec07bg02.maitreDShift
LIMIT 0, 1000

-- Date: 2018-12-11 10:30
*/
INSERT INTO `maitreDShift` (`staffID`,`calendarDate`,`shiftID`,`tips`) VALUES (108,'2018-12-01',1812010,0);
INSERT INTO `maitreDShift` (`staffID`,`calendarDate`,`shiftID`,`tips`) VALUES (108,'2018-12-01',1812011,0);
INSERT INTO `maitreDShift` (`staffID`,`calendarDate`,`shiftID`,`tips`) VALUES (108,'2018-12-02',1812020,0);
INSERT INTO `maitreDShift` (`staffID`,`calendarDate`,`shiftID`,`tips`) VALUES (108,'2018-12-02',1812021,0);
INSERT INTO `maitreDShift` (`staffID`,`calendarDate`,`shiftID`,`tips`) VALUES (108,'2018-12-04',1812040,0);
INSERT INTO `maitreDShift` (`staffID`,`calendarDate`,`shiftID`,`tips`) VALUES (108,'2018-12-04',1812041,0);
INSERT INTO `maitreDShift` (`staffID`,`calendarDate`,`shiftID`,`tips`) VALUES (108,'2018-12-05',1812050,0);
INSERT INTO `maitreDShift` (`staffID`,`calendarDate`,`shiftID`,`tips`) VALUES (108,'2018-12-05',1812051,0);
INSERT INTO `maitreDShift` (`staffID`,`calendarDate`,`shiftID`,`tips`) VALUES (108,'2018-12-06',1812060,0);
INSERT INTO `maitreDShift` (`staffID`,`calendarDate`,`shiftID`,`tips`) VALUES (108,'2018-12-06',1812061,0);
INSERT INTO `maitreDShift` (`staffID`,`calendarDate`,`shiftID`,`tips`) VALUES (108,'2018-12-07',1812070,0);
INSERT INTO `maitreDShift` (`staffID`,`calendarDate`,`shiftID`,`tips`) VALUES (108,'2018-12-07',1812071,0);
INSERT INTO `maitreDShift` (`staffID`,`calendarDate`,`shiftID`,`tips`) VALUES (108,'2018-12-08',1812080,0);
INSERT INTO `maitreDShift` (`staffID`,`calendarDate`,`shiftID`,`tips`) VALUES (108,'2018-12-08',1812081,0);
INSERT INTO `maitreDShift` (`staffID`,`calendarDate`,`shiftID`,`tips`) VALUES (108,'2018-12-09',1812090,0);
INSERT INTO `maitreDShift` (`staffID`,`calendarDate`,`shiftID`,`tips`) VALUES (108,'2018-12-09',1812091,0);
INSERT INTO `maitreDShift` (`staffID`,`calendarDate`,`shiftID`,`tips`) VALUES (108,'2018-12-11',1812110,0);
INSERT INTO `maitreDShift` (`staffID`,`calendarDate`,`shiftID`,`tips`) VALUES (108,'2018-12-11',1812111,0);
INSERT INTO `maitreDShift` (`staffID`,`calendarDate`,`shiftID`,`tips`) VALUES (108,'2018-12-12',1812120,0);
INSERT INTO `maitreDShift` (`staffID`,`calendarDate`,`shiftID`,`tips`) VALUES (108,'2018-12-12',1812121,0);
INSERT INTO `maitreDShift` (`staffID`,`calendarDate`,`shiftID`,`tips`) VALUES (108,'2018-12-13',1812130,0);
INSERT INTO `maitreDShift` (`staffID`,`calendarDate`,`shiftID`,`tips`) VALUES (108,'2018-12-13',1812131,0);
INSERT INTO `maitreDShift` (`staffID`,`calendarDate`,`shiftID`,`tips`) VALUES (108,'2018-12-14',1812140,0);
INSERT INTO `maitreDShift` (`staffID`,`calendarDate`,`shiftID`,`tips`) VALUES (108,'2018-12-14',1812141,0);
INSERT INTO `maitreDShift` (`staffID`,`calendarDate`,`shiftID`,`tips`) VALUES (108,'2018-12-15',1812150,0);
INSERT INTO `maitreDShift` (`staffID`,`calendarDate`,`shiftID`,`tips`) VALUES (108,'2018-12-15',1812151,0);
INSERT INTO `maitreDShift` (`staffID`,`calendarDate`,`shiftID`,`tips`) VALUES (108,'2018-12-16',1812160,0);
INSERT INTO `maitreDShift` (`staffID`,`calendarDate`,`shiftID`,`tips`) VALUES (108,'2018-12-16',1812161,0);
INSERT INTO `maitreDShift` (`staffID`,`calendarDate`,`shiftID`,`tips`) VALUES (108,'2018-12-18',1812180,0);
INSERT INTO `maitreDShift` (`staffID`,`calendarDate`,`shiftID`,`tips`) VALUES (108,'2018-12-18',1812181,0);
INSERT INTO `maitreDShift` (`staffID`,`calendarDate`,`shiftID`,`tips`) VALUES (108,'2018-12-19',1812190,0);
INSERT INTO `maitreDShift` (`staffID`,`calendarDate`,`shiftID`,`tips`) VALUES (108,'2018-12-19',1812191,0);
INSERT INTO `maitreDShift` (`staffID`,`calendarDate`,`shiftID`,`tips`) VALUES (108,'2018-12-20',1812200,0);
INSERT INTO `maitreDShift` (`staffID`,`calendarDate`,`shiftID`,`tips`) VALUES (108,'2018-12-20',1812201,0);
INSERT INTO `maitreDShift` (`staffID`,`calendarDate`,`shiftID`,`tips`) VALUES (108,'2018-12-21',1812210,0);
INSERT INTO `maitreDShift` (`staffID`,`calendarDate`,`shiftID`,`tips`) VALUES (108,'2018-12-21',1812211,0);
INSERT INTO `maitreDShift` (`staffID`,`calendarDate`,`shiftID`,`tips`) VALUES (108,'2018-12-22',1812220,0);
INSERT INTO `maitreDShift` (`staffID`,`calendarDate`,`shiftID`,`tips`) VALUES (108,'2018-12-22',1812221,0);
INSERT INTO `maitreDShift` (`staffID`,`calendarDate`,`shiftID`,`tips`) VALUES (108,'2018-12-23',1812230,0);
INSERT INTO `maitreDShift` (`staffID`,`calendarDate`,`shiftID`,`tips`) VALUES (108,'2018-12-23',1812231,0);
INSERT INTO `maitreDShift` (`staffID`,`calendarDate`,`shiftID`,`tips`) VALUES (108,'2018-12-26',1812260,0);
INSERT INTO `maitreDShift` (`staffID`,`calendarDate`,`shiftID`,`tips`) VALUES (108,'2018-12-26',1812261,0);
INSERT INTO `maitreDShift` (`staffID`,`calendarDate`,`shiftID`,`tips`) VALUES (108,'2018-12-27',1812270,0);
INSERT INTO `maitreDShift` (`staffID`,`calendarDate`,`shiftID`,`tips`) VALUES (108,'2018-12-27',1812271,0);
INSERT INTO `maitreDShift` (`staffID`,`calendarDate`,`shiftID`,`tips`) VALUES (108,'2018-12-28',1812280,0);
INSERT INTO `maitreDShift` (`staffID`,`calendarDate`,`shiftID`,`tips`) VALUES (108,'2018-12-28',1812281,0);
INSERT INTO `maitreDShift` (`staffID`,`calendarDate`,`shiftID`,`tips`) VALUES (108,'2018-12-29',1812290,0);
INSERT INTO `maitreDShift` (`staffID`,`calendarDate`,`shiftID`,`tips`) VALUES (108,'2018-12-29',1812291,0);
INSERT INTO `maitreDShift` (`staffID`,`calendarDate`,`shiftID`,`tips`) VALUES (108,'2018-12-30',1812300,0);
INSERT INTO `maitreDShift` (`staffID`,`calendarDate`,`shiftID`,`tips`) VALUES (108,'2018-12-30',1812301,0);

/*
-- Query: SELECT * FROM cecs323sec07bg02.manager
LIMIT 0, 1000

-- Date: 2018-12-11 10:30
*/
INSERT INTO `manager` (`staffID`) VALUES (104);

/*
-- Query: SELECT * FROM cecs323sec07bg02.meatEntree
LIMIT 0, 1000

-- Date: 2018-12-11 10:31
*/
INSERT INTO `meatEntree` (`dishName`,`proteinName`) VALUES ('Black Pepper Beef','Beef');
INSERT INTO `meatEntree` (`dishName`,`proteinName`) VALUES ('Mongolian Beef','Beef');
INSERT INTO `meatEntree` (`dishName`,`proteinName`) VALUES ('Black Pepper Beef','Chef Special');
INSERT INTO `meatEntree` (`dishName`,`proteinName`) VALUES ('Eggplant Tofu','Chef Special');
INSERT INTO `meatEntree` (`dishName`,`proteinName`) VALUES ('Kung Pao Chicken','Chef Special');
INSERT INTO `meatEntree` (`dishName`,`proteinName`) VALUES ('Mongolian Beef','Chef Special');
INSERT INTO `meatEntree` (`dishName`,`proteinName`) VALUES ('Peanut Curry','Chef Special');
INSERT INTO `meatEntree` (`dishName`,`proteinName`) VALUES ('Sweet and Sour Pork','Chef Special');
INSERT INTO `meatEntree` (`dishName`,`proteinName`) VALUES ('Kung Pao Chicken','Chicken');
INSERT INTO `meatEntree` (`dishName`,`proteinName`) VALUES ('Orange Chicken','Chicken');
INSERT INTO `meatEntree` (`dishName`,`proteinName`) VALUES ('Peanut Curry','Chicken');
INSERT INTO `meatEntree` (`dishName`,`proteinName`) VALUES ('Pork Plate','Pork');
INSERT INTO `meatEntree` (`dishName`,`proteinName`) VALUES ('Sweet and Sour Pork','Pork');
INSERT INTO `meatEntree` (`dishName`,`proteinName`) VALUES ('Black Pepper Beef','Vegetables');
INSERT INTO `meatEntree` (`dishName`,`proteinName`) VALUES ('Eggplant Tofu','Vegetables');
INSERT INTO `meatEntree` (`dishName`,`proteinName`) VALUES ('Kung Pao Chicken','Vegetables');
INSERT INTO `meatEntree` (`dishName`,`proteinName`) VALUES ('Mongolian Beef','Vegetables');
INSERT INTO `meatEntree` (`dishName`,`proteinName`) VALUES ('Orange Chicken','Vegetables');
INSERT INTO `meatEntree` (`dishName`,`proteinName`) VALUES ('Peanut Curry','Vegetables');
INSERT INTO `meatEntree` (`dishName`,`proteinName`) VALUES ('Sweet and Sour Pork','Vegetables');

/*
-- Query: SELECT * FROM cecs323sec07bg02.mentorship
LIMIT 0, 1000

-- Date: 2018-12-11 10:31
*/
INSERT INTO `mentorship` (`dishName`,`mentorID`,`menteeID`,`startDate`,`endDate`) VALUES ('Black Pepper Beef',102,103,'2017-06-07','2017-06-09');
INSERT INTO `mentorship` (`dishName`,`mentorID`,`menteeID`,`startDate`,`endDate`) VALUES ('Black Pepper Beef',102,111,'2017-09-07','2017-09-09');
INSERT INTO `mentorship` (`dishName`,`mentorID`,`menteeID`,`startDate`,`endDate`) VALUES ('Black Pepper Beef',102,112,'2017-09-07','2017-09-09');
INSERT INTO `mentorship` (`dishName`,`mentorID`,`menteeID`,`startDate`,`endDate`) VALUES ('Chow Mein',102,103,'2016-11-05','2016-12-05');
INSERT INTO `mentorship` (`dishName`,`mentorID`,`menteeID`,`startDate`,`endDate`) VALUES ('Jalapeno Poppers',103,102,'2016-11-05','2016-12-05');
INSERT INTO `mentorship` (`dishName`,`mentorID`,`menteeID`,`startDate`,`endDate`) VALUES ('Jalapeno Poppers',103,111,'2017-09-07','2017-09-09');
INSERT INTO `mentorship` (`dishName`,`mentorID`,`menteeID`,`startDate`,`endDate`) VALUES ('Jalapeno Poppers',103,112,'2017-09-07','2017-09-09');
INSERT INTO `mentorship` (`dishName`,`mentorID`,`menteeID`,`startDate`,`endDate`) VALUES ('Jalapeno Poppers',103,114,'2013-06-05','2015-06-05');
INSERT INTO `mentorship` (`dishName`,`mentorID`,`menteeID`,`startDate`,`endDate`) VALUES ('Kung Pao Chicken',103,111,'2017-09-07','2017-09-09');
INSERT INTO `mentorship` (`dishName`,`mentorID`,`menteeID`,`startDate`,`endDate`) VALUES ('Kung Pao Chicken',103,112,'2017-09-07','2017-09-09');
INSERT INTO `mentorship` (`dishName`,`mentorID`,`menteeID`,`startDate`,`endDate`) VALUES ('Miso Soup',102,103,'2016-06-05','2016-09-05');
INSERT INTO `mentorship` (`dishName`,`mentorID`,`menteeID`,`startDate`,`endDate`) VALUES ('Orange Chicken',114,103,'2013-06-05','2015-06-05');
INSERT INTO `mentorship` (`dishName`,`mentorID`,`menteeID`,`startDate`,`endDate`) VALUES ('Pork Plate',103,102,'2016-07-05','2016-08-05');

/*
-- Query: SELECT * FROM cecs323sec07bg02.menu
LIMIT 0, 1000

-- Date: 2018-12-11 10:32
*/
INSERT INTO `menu` (`menuName`) VALUES ('Childrens');
INSERT INTO `menu` (`menuName`) VALUES ('Evening');
INSERT INTO `menu` (`menuName`) VALUES ('Lunch');
INSERT INTO `menu` (`menuName`) VALUES ('Sunday Brunch Buffet');

/*
-- Query: SELECT * FROM cecs323sec07bg02.menuItem
LIMIT 0, 1000

-- Date: 2018-12-11 10:32
*/
INSERT INTO `menuItem` (`dishName`,`menuName`,`price`,`portionSize`,`spiceLevel`,`isBuffet`) VALUES ('Black Pepper Beef','Evening',12,'Large','Hot',0);
INSERT INTO `menuItem` (`dishName`,`menuName`,`price`,`portionSize`,`spiceLevel`,`isBuffet`) VALUES ('Black Pepper Beef','Evening',12,'Large','Mild',0);
INSERT INTO `menuItem` (`dishName`,`menuName`,`price`,`portionSize`,`spiceLevel`,`isBuffet`) VALUES ('Black Pepper Beef','Evening',12,'Large','Piquant',0);
INSERT INTO `menuItem` (`dishName`,`menuName`,`price`,`portionSize`,`spiceLevel`,`isBuffet`) VALUES ('Black Pepper Beef','Evening',12,'Large','Tangy',0);
INSERT INTO `menuItem` (`dishName`,`menuName`,`price`,`portionSize`,`spiceLevel`,`isBuffet`) VALUES ('Black Pepper Beef','Lunch',7,'Medium','Hot',0);
INSERT INTO `menuItem` (`dishName`,`menuName`,`price`,`portionSize`,`spiceLevel`,`isBuffet`) VALUES ('Black Pepper Beef','Lunch',7,'Medium','Mild',0);
INSERT INTO `menuItem` (`dishName`,`menuName`,`price`,`portionSize`,`spiceLevel`,`isBuffet`) VALUES ('Black Pepper Beef','Lunch',7,'Medium','Piquant',0);
INSERT INTO `menuItem` (`dishName`,`menuName`,`price`,`portionSize`,`spiceLevel`,`isBuffet`) VALUES ('Black Pepper Beef','Lunch',7,'Medium','Tangy',0);
INSERT INTO `menuItem` (`dishName`,`menuName`,`price`,`portionSize`,`spiceLevel`,`isBuffet`) VALUES ('Chow Mein','Childrens',4,'Small','Mild',0);
INSERT INTO `menuItem` (`dishName`,`menuName`,`price`,`portionSize`,`spiceLevel`,`isBuffet`) VALUES ('Chow Mein','Evening',10,'Large','Hot',0);
INSERT INTO `menuItem` (`dishName`,`menuName`,`price`,`portionSize`,`spiceLevel`,`isBuffet`) VALUES ('Chow Mein','Evening',10,'Large','Mild',0);
INSERT INTO `menuItem` (`dishName`,`menuName`,`price`,`portionSize`,`spiceLevel`,`isBuffet`) VALUES ('Chow Mein','Evening',10,'Large','Piquant',0);
INSERT INTO `menuItem` (`dishName`,`menuName`,`price`,`portionSize`,`spiceLevel`,`isBuffet`) VALUES ('Chow Mein','Evening',10,'Large','Tangy',0);
INSERT INTO `menuItem` (`dishName`,`menuName`,`price`,`portionSize`,`spiceLevel`,`isBuffet`) VALUES ('Chow Mein','Lunch',5,'Medium','Hot',0);
INSERT INTO `menuItem` (`dishName`,`menuName`,`price`,`portionSize`,`spiceLevel`,`isBuffet`) VALUES ('Chow Mein','Lunch',5,'Medium','Mild',0);
INSERT INTO `menuItem` (`dishName`,`menuName`,`price`,`portionSize`,`spiceLevel`,`isBuffet`) VALUES ('Chow Mein','Lunch',5,'Medium','Piquant',0);
INSERT INTO `menuItem` (`dishName`,`menuName`,`price`,`portionSize`,`spiceLevel`,`isBuffet`) VALUES ('Chow Mein','Lunch',5,'Medium','Tangy',0);
INSERT INTO `menuItem` (`dishName`,`menuName`,`price`,`portionSize`,`spiceLevel`,`isBuffet`) VALUES ('Chow Mein','Sunday Brunch Buffet',0,'Buffet','Mild',1);
INSERT INTO `menuItem` (`dishName`,`menuName`,`price`,`portionSize`,`spiceLevel`,`isBuffet`) VALUES ('Drunken Noodles','Evening',15,'Large','Hot',0);
INSERT INTO `menuItem` (`dishName`,`menuName`,`price`,`portionSize`,`spiceLevel`,`isBuffet`) VALUES ('Drunken Noodles','Evening',15,'Large','Mild',0);
INSERT INTO `menuItem` (`dishName`,`menuName`,`price`,`portionSize`,`spiceLevel`,`isBuffet`) VALUES ('Drunken Noodles','Evening',15,'Large','Piquant',0);
INSERT INTO `menuItem` (`dishName`,`menuName`,`price`,`portionSize`,`spiceLevel`,`isBuffet`) VALUES ('Drunken Noodles','Evening',15,'Large','Tangy',0);
INSERT INTO `menuItem` (`dishName`,`menuName`,`price`,`portionSize`,`spiceLevel`,`isBuffet`) VALUES ('Drunken Noodles','Lunch',10,'Medium','Hot',0);
INSERT INTO `menuItem` (`dishName`,`menuName`,`price`,`portionSize`,`spiceLevel`,`isBuffet`) VALUES ('Drunken Noodles','Lunch',10,'Medium','Mild',0);
INSERT INTO `menuItem` (`dishName`,`menuName`,`price`,`portionSize`,`spiceLevel`,`isBuffet`) VALUES ('Drunken Noodles','Lunch',10,'Medium','Piquant',0);
INSERT INTO `menuItem` (`dishName`,`menuName`,`price`,`portionSize`,`spiceLevel`,`isBuffet`) VALUES ('Drunken Noodles','Lunch',10,'Medium','Tangy',0);
INSERT INTO `menuItem` (`dishName`,`menuName`,`price`,`portionSize`,`spiceLevel`,`isBuffet`) VALUES ('Egg Drop Soup','Childrens',2.5,'Small','Mild',0);
INSERT INTO `menuItem` (`dishName`,`menuName`,`price`,`portionSize`,`spiceLevel`,`isBuffet`) VALUES ('Egg Drop Soup','Evening',3.5,'Cup','Hot',0);
INSERT INTO `menuItem` (`dishName`,`menuName`,`price`,`portionSize`,`spiceLevel`,`isBuffet`) VALUES ('Egg Drop Soup','Evening',3.5,'Cup','Mild',0);
INSERT INTO `menuItem` (`dishName`,`menuName`,`price`,`portionSize`,`spiceLevel`,`isBuffet`) VALUES ('Egg Drop Soup','Evening',3.5,'Cup','Piquant',0);
INSERT INTO `menuItem` (`dishName`,`menuName`,`price`,`portionSize`,`spiceLevel`,`isBuffet`) VALUES ('Egg Drop Soup','Evening',3.5,'Cup','Tangy',0);
INSERT INTO `menuItem` (`dishName`,`menuName`,`price`,`portionSize`,`spiceLevel`,`isBuffet`) VALUES ('Egg Drop Soup','Lunch',2.5,'Cup','Hot',0);
INSERT INTO `menuItem` (`dishName`,`menuName`,`price`,`portionSize`,`spiceLevel`,`isBuffet`) VALUES ('Egg Drop Soup','Lunch',2.5,'Cup','Mild',0);
INSERT INTO `menuItem` (`dishName`,`menuName`,`price`,`portionSize`,`spiceLevel`,`isBuffet`) VALUES ('Egg Drop Soup','Lunch',2.5,'Cup','Piquant',0);
INSERT INTO `menuItem` (`dishName`,`menuName`,`price`,`portionSize`,`spiceLevel`,`isBuffet`) VALUES ('Egg Drop Soup','Lunch',2.5,'Cup','Tangy',0);
INSERT INTO `menuItem` (`dishName`,`menuName`,`price`,`portionSize`,`spiceLevel`,`isBuffet`) VALUES ('Egg Rolls','Childrens',3,'Small','Mild',0);
INSERT INTO `menuItem` (`dishName`,`menuName`,`price`,`portionSize`,`spiceLevel`,`isBuffet`) VALUES ('Egg Rolls','Evening',5,'Large','Mild',0);
INSERT INTO `menuItem` (`dishName`,`menuName`,`price`,`portionSize`,`spiceLevel`,`isBuffet`) VALUES ('Egg Rolls','Lunch',3,'Medium','Mild',0);
INSERT INTO `menuItem` (`dishName`,`menuName`,`price`,`portionSize`,`spiceLevel`,`isBuffet`) VALUES ('Egg Rolls','Sunday Brunch Buffet',0,'Buffet','Mild',1);
INSERT INTO `menuItem` (`dishName`,`menuName`,`price`,`portionSize`,`spiceLevel`,`isBuffet`) VALUES ('Eggplant Tofu','Childrens',6,'Small','Mild',0);
INSERT INTO `menuItem` (`dishName`,`menuName`,`price`,`portionSize`,`spiceLevel`,`isBuffet`) VALUES ('Eggplant Tofu','Evening',12,'Large','Hot',0);
INSERT INTO `menuItem` (`dishName`,`menuName`,`price`,`portionSize`,`spiceLevel`,`isBuffet`) VALUES ('Eggplant Tofu','Evening',12,'Large','Mild',0);
INSERT INTO `menuItem` (`dishName`,`menuName`,`price`,`portionSize`,`spiceLevel`,`isBuffet`) VALUES ('Eggplant Tofu','Evening',12,'Large','Piquant',0);
INSERT INTO `menuItem` (`dishName`,`menuName`,`price`,`portionSize`,`spiceLevel`,`isBuffet`) VALUES ('Eggplant Tofu','Evening',12,'Large','Tangy',0);
INSERT INTO `menuItem` (`dishName`,`menuName`,`price`,`portionSize`,`spiceLevel`,`isBuffet`) VALUES ('Eggplant Tofu','Lunch',7,'Medium','Hot',0);
INSERT INTO `menuItem` (`dishName`,`menuName`,`price`,`portionSize`,`spiceLevel`,`isBuffet`) VALUES ('Eggplant Tofu','Lunch',7,'Medium','Mild',0);
INSERT INTO `menuItem` (`dishName`,`menuName`,`price`,`portionSize`,`spiceLevel`,`isBuffet`) VALUES ('Eggplant Tofu','Lunch',7,'Medium','Piquant',0);
INSERT INTO `menuItem` (`dishName`,`menuName`,`price`,`portionSize`,`spiceLevel`,`isBuffet`) VALUES ('Eggplant Tofu','Lunch',7,'Medium','Tangy',0);
INSERT INTO `menuItem` (`dishName`,`menuName`,`price`,`portionSize`,`spiceLevel`,`isBuffet`) VALUES ('Eggplant Tofu','Sunday Brunch Buffet',0,'Buffet','Mild',1);
INSERT INTO `menuItem` (`dishName`,`menuName`,`price`,`portionSize`,`spiceLevel`,`isBuffet`) VALUES ('Fried Rice','Childrens',4,'Small','Mild',0);
INSERT INTO `menuItem` (`dishName`,`menuName`,`price`,`portionSize`,`spiceLevel`,`isBuffet`) VALUES ('Fried Rice','Evening',10,'Large','Mild',0);
INSERT INTO `menuItem` (`dishName`,`menuName`,`price`,`portionSize`,`spiceLevel`,`isBuffet`) VALUES ('Fried Rice','Lunch',5,'Medium','Mild',0);
INSERT INTO `menuItem` (`dishName`,`menuName`,`price`,`portionSize`,`spiceLevel`,`isBuffet`) VALUES ('Fried Rice','Sunday Brunch Buffet',0,'Buffet','Mild',1);
INSERT INTO `menuItem` (`dishName`,`menuName`,`price`,`portionSize`,`spiceLevel`,`isBuffet`) VALUES ('Hot and Sour Soup','Evening',3.5,'Cup','Hot',0);
INSERT INTO `menuItem` (`dishName`,`menuName`,`price`,`portionSize`,`spiceLevel`,`isBuffet`) VALUES ('Hot and Sour Soup','Evening',3.5,'Cup','Mild',0);
INSERT INTO `menuItem` (`dishName`,`menuName`,`price`,`portionSize`,`spiceLevel`,`isBuffet`) VALUES ('Hot and Sour Soup','Evening',3.5,'Cup','Oh My God',0);
INSERT INTO `menuItem` (`dishName`,`menuName`,`price`,`portionSize`,`spiceLevel`,`isBuffet`) VALUES ('Hot and Sour Soup','Evening',3.5,'Cup','Piquant',0);
INSERT INTO `menuItem` (`dishName`,`menuName`,`price`,`portionSize`,`spiceLevel`,`isBuffet`) VALUES ('Hot and Sour Soup','Evening',3.5,'Cup','Tangy',0);
INSERT INTO `menuItem` (`dishName`,`menuName`,`price`,`portionSize`,`spiceLevel`,`isBuffet`) VALUES ('Hot and Sour Soup','Lunch',2.5,'Cup','Hot',0);
INSERT INTO `menuItem` (`dishName`,`menuName`,`price`,`portionSize`,`spiceLevel`,`isBuffet`) VALUES ('Hot and Sour Soup','Lunch',2.5,'Cup','Mild',0);
INSERT INTO `menuItem` (`dishName`,`menuName`,`price`,`portionSize`,`spiceLevel`,`isBuffet`) VALUES ('Hot and Sour Soup','Lunch',2.5,'Cup','Oh My God',0);
INSERT INTO `menuItem` (`dishName`,`menuName`,`price`,`portionSize`,`spiceLevel`,`isBuffet`) VALUES ('Hot and Sour Soup','Lunch',2.5,'Cup','Piquant',0);
INSERT INTO `menuItem` (`dishName`,`menuName`,`price`,`portionSize`,`spiceLevel`,`isBuffet`) VALUES ('Hot and Sour Soup','Lunch',2.5,'Cup','Tangy',0);
INSERT INTO `menuItem` (`dishName`,`menuName`,`price`,`portionSize`,`spiceLevel`,`isBuffet`) VALUES ('Jalapeno Poppers','Evening',6,'Large','Hot',0);
INSERT INTO `menuItem` (`dishName`,`menuName`,`price`,`portionSize`,`spiceLevel`,`isBuffet`) VALUES ('Jalapeno Poppers','Lunch',3,'Medium','Hot',0);
INSERT INTO `menuItem` (`dishName`,`menuName`,`price`,`portionSize`,`spiceLevel`,`isBuffet`) VALUES ('Kung Pao Chicken','Evening',14,'Large','Hot',0);
INSERT INTO `menuItem` (`dishName`,`menuName`,`price`,`portionSize`,`spiceLevel`,`isBuffet`) VALUES ('Kung Pao Chicken','Evening',14,'Large','Oh My God',0);
INSERT INTO `menuItem` (`dishName`,`menuName`,`price`,`portionSize`,`spiceLevel`,`isBuffet`) VALUES ('Kung Pao Chicken','Lunch',9,'Medium','Hot',0);
INSERT INTO `menuItem` (`dishName`,`menuName`,`price`,`portionSize`,`spiceLevel`,`isBuffet`) VALUES ('Kung Pao Chicken','Lunch',9,'Medium','Oh My God',0);
INSERT INTO `menuItem` (`dishName`,`menuName`,`price`,`portionSize`,`spiceLevel`,`isBuffet`) VALUES ('Miso Soup','Childrens',2.5,'Small','Mild',0);
INSERT INTO `menuItem` (`dishName`,`menuName`,`price`,`portionSize`,`spiceLevel`,`isBuffet`) VALUES ('Miso Soup','Evening',3.5,'Cup','Hot',0);
INSERT INTO `menuItem` (`dishName`,`menuName`,`price`,`portionSize`,`spiceLevel`,`isBuffet`) VALUES ('Miso Soup','Evening',3.5,'Cup','Mild',0);
INSERT INTO `menuItem` (`dishName`,`menuName`,`price`,`portionSize`,`spiceLevel`,`isBuffet`) VALUES ('Miso Soup','Evening',3.5,'Cup','Piquant',0);
INSERT INTO `menuItem` (`dishName`,`menuName`,`price`,`portionSize`,`spiceLevel`,`isBuffet`) VALUES ('Miso Soup','Evening',3.5,'Cup','Tangy',0);
INSERT INTO `menuItem` (`dishName`,`menuName`,`price`,`portionSize`,`spiceLevel`,`isBuffet`) VALUES ('Miso Soup','Evening',10,'Quart','Hot',0);
INSERT INTO `menuItem` (`dishName`,`menuName`,`price`,`portionSize`,`spiceLevel`,`isBuffet`) VALUES ('Miso Soup','Lunch',2.5,'Cup','Hot',0);
INSERT INTO `menuItem` (`dishName`,`menuName`,`price`,`portionSize`,`spiceLevel`,`isBuffet`) VALUES ('Miso Soup','Lunch',2.5,'Cup','Mild',0);
INSERT INTO `menuItem` (`dishName`,`menuName`,`price`,`portionSize`,`spiceLevel`,`isBuffet`) VALUES ('Miso Soup','Lunch',2.5,'Cup','Piquant',0);
INSERT INTO `menuItem` (`dishName`,`menuName`,`price`,`portionSize`,`spiceLevel`,`isBuffet`) VALUES ('Miso Soup','Lunch',2.5,'Cup','Tangy',0);
INSERT INTO `menuItem` (`dishName`,`menuName`,`price`,`portionSize`,`spiceLevel`,`isBuffet`) VALUES ('Miso Soup','Lunch',8,'Pint','Hot',0);
INSERT INTO `menuItem` (`dishName`,`menuName`,`price`,`portionSize`,`spiceLevel`,`isBuffet`) VALUES ('Miso Soup','Sunday Brunch Buffet',0,'Cup','Hot',1);
INSERT INTO `menuItem` (`dishName`,`menuName`,`price`,`portionSize`,`spiceLevel`,`isBuffet`) VALUES ('Mongolian Beef','Childrens',7,'Small','Mild',0);
INSERT INTO `menuItem` (`dishName`,`menuName`,`price`,`portionSize`,`spiceLevel`,`isBuffet`) VALUES ('Mongolian Beef','Evening',13,'Large','Hot',0);
INSERT INTO `menuItem` (`dishName`,`menuName`,`price`,`portionSize`,`spiceLevel`,`isBuffet`) VALUES ('Mongolian Beef','Evening',13,'Large','Mild',0);
INSERT INTO `menuItem` (`dishName`,`menuName`,`price`,`portionSize`,`spiceLevel`,`isBuffet`) VALUES ('Mongolian Beef','Evening',13,'Large','Piquant',0);
INSERT INTO `menuItem` (`dishName`,`menuName`,`price`,`portionSize`,`spiceLevel`,`isBuffet`) VALUES ('Mongolian Beef','Evening',13,'Large','Tangy',0);
INSERT INTO `menuItem` (`dishName`,`menuName`,`price`,`portionSize`,`spiceLevel`,`isBuffet`) VALUES ('Mongolian Beef','Lunch',8,'Medium','Hot',0);
INSERT INTO `menuItem` (`dishName`,`menuName`,`price`,`portionSize`,`spiceLevel`,`isBuffet`) VALUES ('Mongolian Beef','Lunch',8,'Medium','Mild',0);
INSERT INTO `menuItem` (`dishName`,`menuName`,`price`,`portionSize`,`spiceLevel`,`isBuffet`) VALUES ('Mongolian Beef','Lunch',8,'Medium','Piquant',0);
INSERT INTO `menuItem` (`dishName`,`menuName`,`price`,`portionSize`,`spiceLevel`,`isBuffet`) VALUES ('Mongolian Beef','Lunch',8,'Medium','Tangy',0);
INSERT INTO `menuItem` (`dishName`,`menuName`,`price`,`portionSize`,`spiceLevel`,`isBuffet`) VALUES ('Mongolian Beef','Sunday Brunch Buffet',0,'Buffet','Mild',1);
INSERT INTO `menuItem` (`dishName`,`menuName`,`price`,`portionSize`,`spiceLevel`,`isBuffet`) VALUES ('Orange Chicken','Childrens',7,'Small','Mild',0);
INSERT INTO `menuItem` (`dishName`,`menuName`,`price`,`portionSize`,`spiceLevel`,`isBuffet`) VALUES ('Orange Chicken','Evening',13,'Large','Mild',0);
INSERT INTO `menuItem` (`dishName`,`menuName`,`price`,`portionSize`,`spiceLevel`,`isBuffet`) VALUES ('Orange Chicken','Lunch',8,'Medium','Mild',0);
INSERT INTO `menuItem` (`dishName`,`menuName`,`price`,`portionSize`,`spiceLevel`,`isBuffet`) VALUES ('Orange Chicken','Sunday Brunch Buffet',0,'Buffet','Mild',1);
INSERT INTO `menuItem` (`dishName`,`menuName`,`price`,`portionSize`,`spiceLevel`,`isBuffet`) VALUES ('Pan Fried Noodles','Childrens',8,'Small','Mild',0);
INSERT INTO `menuItem` (`dishName`,`menuName`,`price`,`portionSize`,`spiceLevel`,`isBuffet`) VALUES ('Pan Fried Noodles','Evening',14,'Large','Hot',0);
INSERT INTO `menuItem` (`dishName`,`menuName`,`price`,`portionSize`,`spiceLevel`,`isBuffet`) VALUES ('Pan Fried Noodles','Evening',14,'Large','Mild',0);
INSERT INTO `menuItem` (`dishName`,`menuName`,`price`,`portionSize`,`spiceLevel`,`isBuffet`) VALUES ('Pan Fried Noodles','Evening',14,'Large','Piquant',0);
INSERT INTO `menuItem` (`dishName`,`menuName`,`price`,`portionSize`,`spiceLevel`,`isBuffet`) VALUES ('Pan Fried Noodles','Evening',14,'Large','Tangy',0);
INSERT INTO `menuItem` (`dishName`,`menuName`,`price`,`portionSize`,`spiceLevel`,`isBuffet`) VALUES ('Pan Fried Noodles','Lunch',9,'Medium','Hot',0);
INSERT INTO `menuItem` (`dishName`,`menuName`,`price`,`portionSize`,`spiceLevel`,`isBuffet`) VALUES ('Pan Fried Noodles','Lunch',9,'Medium','Mild',0);
INSERT INTO `menuItem` (`dishName`,`menuName`,`price`,`portionSize`,`spiceLevel`,`isBuffet`) VALUES ('Pan Fried Noodles','Lunch',9,'Medium','Piquant',0);
INSERT INTO `menuItem` (`dishName`,`menuName`,`price`,`portionSize`,`spiceLevel`,`isBuffet`) VALUES ('Pan Fried Noodles','Lunch',9,'Medium','Tangy',0);
INSERT INTO `menuItem` (`dishName`,`menuName`,`price`,`portionSize`,`spiceLevel`,`isBuffet`) VALUES ('Pan Fried Noodles','Sunday Brunch Buffet',0,'Buffet','Mild',1);
INSERT INTO `menuItem` (`dishName`,`menuName`,`price`,`portionSize`,`spiceLevel`,`isBuffet`) VALUES ('Peanut Curry','Evening',12,'Large','Hot',0);
INSERT INTO `menuItem` (`dishName`,`menuName`,`price`,`portionSize`,`spiceLevel`,`isBuffet`) VALUES ('Peanut Curry','Evening',12,'Large','Mild',0);
INSERT INTO `menuItem` (`dishName`,`menuName`,`price`,`portionSize`,`spiceLevel`,`isBuffet`) VALUES ('Peanut Curry','Evening',12,'Large','Piquant',0);
INSERT INTO `menuItem` (`dishName`,`menuName`,`price`,`portionSize`,`spiceLevel`,`isBuffet`) VALUES ('Peanut Curry','Evening',12,'Large','Tangy',0);
INSERT INTO `menuItem` (`dishName`,`menuName`,`price`,`portionSize`,`spiceLevel`,`isBuffet`) VALUES ('Peanut Curry','Lunch',7,'Medium','Hot',0);
INSERT INTO `menuItem` (`dishName`,`menuName`,`price`,`portionSize`,`spiceLevel`,`isBuffet`) VALUES ('Peanut Curry','Lunch',7,'Medium','Mild',0);
INSERT INTO `menuItem` (`dishName`,`menuName`,`price`,`portionSize`,`spiceLevel`,`isBuffet`) VALUES ('Peanut Curry','Lunch',7,'Medium','Piquant',0);
INSERT INTO `menuItem` (`dishName`,`menuName`,`price`,`portionSize`,`spiceLevel`,`isBuffet`) VALUES ('Peanut Curry','Lunch',7,'Medium','Tangy',0);
INSERT INTO `menuItem` (`dishName`,`menuName`,`price`,`portionSize`,`spiceLevel`,`isBuffet`) VALUES ('Pork Plate','Evening',15,'Large','Hot',0);
INSERT INTO `menuItem` (`dishName`,`menuName`,`price`,`portionSize`,`spiceLevel`,`isBuffet`) VALUES ('Pork Plate','Evening',15,'Large','Mild',0);
INSERT INTO `menuItem` (`dishName`,`menuName`,`price`,`portionSize`,`spiceLevel`,`isBuffet`) VALUES ('Pork Plate','Evening',15,'Large','Piquant',0);
INSERT INTO `menuItem` (`dishName`,`menuName`,`price`,`portionSize`,`spiceLevel`,`isBuffet`) VALUES ('Pork Plate','Evening',15,'Large','Tangy',0);
INSERT INTO `menuItem` (`dishName`,`menuName`,`price`,`portionSize`,`spiceLevel`,`isBuffet`) VALUES ('Pork Plate','Lunch',10,'Medium','Hot',0);
INSERT INTO `menuItem` (`dishName`,`menuName`,`price`,`portionSize`,`spiceLevel`,`isBuffet`) VALUES ('Pork Plate','Lunch',10,'Medium','Mild',0);
INSERT INTO `menuItem` (`dishName`,`menuName`,`price`,`portionSize`,`spiceLevel`,`isBuffet`) VALUES ('Pork Plate','Lunch',10,'Medium','Piquant',0);
INSERT INTO `menuItem` (`dishName`,`menuName`,`price`,`portionSize`,`spiceLevel`,`isBuffet`) VALUES ('Pork Plate','Lunch',10,'Medium','Tangy',0);
INSERT INTO `menuItem` (`dishName`,`menuName`,`price`,`portionSize`,`spiceLevel`,`isBuffet`) VALUES ('Sweet and Sour Pork','Childrens',6,'Small','Mild',0);
INSERT INTO `menuItem` (`dishName`,`menuName`,`price`,`portionSize`,`spiceLevel`,`isBuffet`) VALUES ('Sweet and Sour Pork','Evening',12,'Large','Mild',0);
INSERT INTO `menuItem` (`dishName`,`menuName`,`price`,`portionSize`,`spiceLevel`,`isBuffet`) VALUES ('Sweet and Sour Pork','Lunch',7,'Medium','Mild',0);
INSERT INTO `menuItem` (`dishName`,`menuName`,`price`,`portionSize`,`spiceLevel`,`isBuffet`) VALUES ('Sweet and Sour Pork','Sunday Brunch Buffet',0,'Buffet','Mild',1);
INSERT INTO `menuItem` (`dishName`,`menuName`,`price`,`portionSize`,`spiceLevel`,`isBuffet`) VALUES ('White Rice','Childrens',2,'Small','Mild',0);
INSERT INTO `menuItem` (`dishName`,`menuName`,`price`,`portionSize`,`spiceLevel`,`isBuffet`) VALUES ('White Rice','Evening',3,'Large','Mild',0);
INSERT INTO `menuItem` (`dishName`,`menuName`,`price`,`portionSize`,`spiceLevel`,`isBuffet`) VALUES ('White Rice','Lunch',2,'Medium','Mild',0);
INSERT INTO `menuItem` (`dishName`,`menuName`,`price`,`portionSize`,`spiceLevel`,`isBuffet`) VALUES ('White Rice','Sunday Brunch Buffet',0,'Buffet','Mild',1);


/*
-- Query: SELECT * FROM cecs323sec07bg02.noodleEntree
LIMIT 0, 1000

-- Date: 2018-12-11 10:32
*/
INSERT INTO `noodleEntree` (`dishName`,`proteinName`) VALUES ('Drunken Noodles','Chef Special');
INSERT INTO `noodleEntree` (`dishName`,`proteinName`) VALUES ('Chow Mein','Chicken');
INSERT INTO `noodleEntree` (`dishName`,`proteinName`) VALUES ('Pan Fried Noodles','Pork');

/*
-- Query: SELECT * FROM cecs323sec07bg02.orderedItem
LIMIT 0, 1000

-- Date: 2018-12-11 10:33
*/
INSERT INTO `orderedItem` (`dishName`,`menuName`,`orderNumber`,`portionSize`,`spiceLevel`) VALUES ('Black Pepper Beef','Evening',10,'Large','Tangy');
INSERT INTO `orderedItem` (`dishName`,`menuName`,`orderNumber`,`portionSize`,`spiceLevel`) VALUES ('Black Pepper Beef','Lunch',39,'Medium','Hot');
INSERT INTO `orderedItem` (`dishName`,`menuName`,`orderNumber`,`portionSize`,`spiceLevel`) VALUES ('Black Pepper Beef','Lunch',70,'Medium','Hot');
INSERT INTO `orderedItem` (`dishName`,`menuName`,`orderNumber`,`portionSize`,`spiceLevel`) VALUES ('Black Pepper Beef','Lunch',18,'Medium','Mild');
INSERT INTO `orderedItem` (`dishName`,`menuName`,`orderNumber`,`portionSize`,`spiceLevel`) VALUES ('Black Pepper Beef','Lunch',51,'Medium','Mild');
INSERT INTO `orderedItem` (`dishName`,`menuName`,`orderNumber`,`portionSize`,`spiceLevel`) VALUES ('Chow Mein','Evening',11,'Large','Mild');
INSERT INTO `orderedItem` (`dishName`,`menuName`,`orderNumber`,`portionSize`,`spiceLevel`) VALUES ('Chow Mein','Evening',50,'Large','Tangy');
INSERT INTO `orderedItem` (`dishName`,`menuName`,`orderNumber`,`portionSize`,`spiceLevel`) VALUES ('Chow Mein','Sunday Brunch Buffet',57,'Buffet','Mild');
INSERT INTO `orderedItem` (`dishName`,`menuName`,`orderNumber`,`portionSize`,`spiceLevel`) VALUES ('Drunken Noodles','Evening',17,'Large','Hot');
INSERT INTO `orderedItem` (`dishName`,`menuName`,`orderNumber`,`portionSize`,`spiceLevel`) VALUES ('Drunken Noodles','Evening',42,'Large','Mild');
INSERT INTO `orderedItem` (`dishName`,`menuName`,`orderNumber`,`portionSize`,`spiceLevel`) VALUES ('Drunken Noodles','Evening',73,'Large','Mild');
INSERT INTO `orderedItem` (`dishName`,`menuName`,`orderNumber`,`portionSize`,`spiceLevel`) VALUES ('Egg Drop Soup','Childrens',1,'Small','Mild');
INSERT INTO `orderedItem` (`dishName`,`menuName`,`orderNumber`,`portionSize`,`spiceLevel`) VALUES ('Egg Drop Soup','Childrens',2,'Small','Mild');
INSERT INTO `orderedItem` (`dishName`,`menuName`,`orderNumber`,`portionSize`,`spiceLevel`) VALUES ('Egg Drop Soup','Childrens',3,'Small','Mild');
INSERT INTO `orderedItem` (`dishName`,`menuName`,`orderNumber`,`portionSize`,`spiceLevel`) VALUES ('Egg Drop Soup','Childrens',6,'Small','Mild');
INSERT INTO `orderedItem` (`dishName`,`menuName`,`orderNumber`,`portionSize`,`spiceLevel`) VALUES ('Egg Drop Soup','Lunch',52,'Cup','Piquant');
INSERT INTO `orderedItem` (`dishName`,`menuName`,`orderNumber`,`portionSize`,`spiceLevel`) VALUES ('Egg Rolls','Childrens',2,'Small','Mild');
INSERT INTO `orderedItem` (`dishName`,`menuName`,`orderNumber`,`portionSize`,`spiceLevel`) VALUES ('Egg Rolls','Childrens',4,'Small','Mild');
INSERT INTO `orderedItem` (`dishName`,`menuName`,`orderNumber`,`portionSize`,`spiceLevel`) VALUES ('Egg Rolls','Evening',19,'Large','Mild');
INSERT INTO `orderedItem` (`dishName`,`menuName`,`orderNumber`,`portionSize`,`spiceLevel`) VALUES ('Egg Rolls','Evening',53,'Large','Mild');
INSERT INTO `orderedItem` (`dishName`,`menuName`,`orderNumber`,`portionSize`,`spiceLevel`) VALUES ('Egg Rolls','Sunday Brunch Buffet',58,'Buffet','Mild');
INSERT INTO `orderedItem` (`dishName`,`menuName`,`orderNumber`,`portionSize`,`spiceLevel`) VALUES ('Eggplant Tofu','Evening',20,'Large','Mild');
INSERT INTO `orderedItem` (`dishName`,`menuName`,`orderNumber`,`portionSize`,`spiceLevel`) VALUES ('Eggplant Tofu','Lunch',38,'Medium','Mild');
INSERT INTO `orderedItem` (`dishName`,`menuName`,`orderNumber`,`portionSize`,`spiceLevel`) VALUES ('Eggplant Tofu','Lunch',69,'Medium','Mild');
INSERT INTO `orderedItem` (`dishName`,`menuName`,`orderNumber`,`portionSize`,`spiceLevel`) VALUES ('Eggplant Tofu','Lunch',32,'Medium','Piquant');
INSERT INTO `orderedItem` (`dishName`,`menuName`,`orderNumber`,`portionSize`,`spiceLevel`) VALUES ('Eggplant Tofu','Sunday Brunch Buffet',59,'Buffet','Mild');
INSERT INTO `orderedItem` (`dishName`,`menuName`,`orderNumber`,`portionSize`,`spiceLevel`) VALUES ('Fried rice','Childrens',2,'Small','Mild');
INSERT INTO `orderedItem` (`dishName`,`menuName`,`orderNumber`,`portionSize`,`spiceLevel`) VALUES ('Fried Rice','Childrens',5,'Small','Mild');
INSERT INTO `orderedItem` (`dishName`,`menuName`,`orderNumber`,`portionSize`,`spiceLevel`) VALUES ('Fried Rice','Evening',21,'Large','Mild');
INSERT INTO `orderedItem` (`dishName`,`menuName`,`orderNumber`,`portionSize`,`spiceLevel`) VALUES ('Fried Rice','Evening',46,'Large','Mild');
INSERT INTO `orderedItem` (`dishName`,`menuName`,`orderNumber`,`portionSize`,`spiceLevel`) VALUES ('Fried Rice','Evening',77,'Large','Mild');
INSERT INTO `orderedItem` (`dishName`,`menuName`,`orderNumber`,`portionSize`,`spiceLevel`) VALUES ('Fried Rice','Lunch',31,'Medium','Mild');
INSERT INTO `orderedItem` (`dishName`,`menuName`,`orderNumber`,`portionSize`,`spiceLevel`) VALUES ('Fried Rice','Sunday Brunch Buffet',60,'Buffet','Mild');
INSERT INTO `orderedItem` (`dishName`,`menuName`,`orderNumber`,`portionSize`,`spiceLevel`) VALUES ('Hot and Sour Soup','Evening',54,'Cup','Hot');
INSERT INTO `orderedItem` (`dishName`,`menuName`,`orderNumber`,`portionSize`,`spiceLevel`) VALUES ('Jalapeno Poppers','Lunch',22,'Medium','Hot');
INSERT INTO `orderedItem` (`dishName`,`menuName`,`orderNumber`,`portionSize`,`spiceLevel`) VALUES ('Jalapeno Poppers','Lunch',28,'Medium','Hot');
INSERT INTO `orderedItem` (`dishName`,`menuName`,`orderNumber`,`portionSize`,`spiceLevel`) VALUES ('Jalapeno Poppers','Lunch',36,'Medium','Hot');
INSERT INTO `orderedItem` (`dishName`,`menuName`,`orderNumber`,`portionSize`,`spiceLevel`) VALUES ('Jalapeno Poppers','Lunch',40,'Medium','Hot');
INSERT INTO `orderedItem` (`dishName`,`menuName`,`orderNumber`,`portionSize`,`spiceLevel`) VALUES ('Jalapeno Poppers','Lunch',67,'Medium','Hot');
INSERT INTO `orderedItem` (`dishName`,`menuName`,`orderNumber`,`portionSize`,`spiceLevel`) VALUES ('Jalapeno Poppers','Lunch',71,'Medium','Hot');
INSERT INTO `orderedItem` (`dishName`,`menuName`,`orderNumber`,`portionSize`,`spiceLevel`) VALUES ('Kung Pao Chicken','Evening',23,'Large','Oh My God');
INSERT INTO `orderedItem` (`dishName`,`menuName`,`orderNumber`,`portionSize`,`spiceLevel`) VALUES ('Kung Pao Chicken','Lunch',41,'Medium','Oh My God');
INSERT INTO `orderedItem` (`dishName`,`menuName`,`orderNumber`,`portionSize`,`spiceLevel`) VALUES ('Kung Pao Chicken','Lunch',72,'Medium','Oh My God');
INSERT INTO `orderedItem` (`dishName`,`menuName`,`orderNumber`,`portionSize`,`spiceLevel`) VALUES ('Miso Soup','Evening',16,'Cup','Mild');
INSERT INTO `orderedItem` (`dishName`,`menuName`,`orderNumber`,`portionSize`,`spiceLevel`) VALUES ('Mongolian Beef','Childrens',37,'Small','Mild');
INSERT INTO `orderedItem` (`dishName`,`menuName`,`orderNumber`,`portionSize`,`spiceLevel`) VALUES ('Mongolian Beef','Childrens',68,'Small','Mild');
INSERT INTO `orderedItem` (`dishName`,`menuName`,`orderNumber`,`portionSize`,`spiceLevel`) VALUES ('Mongolian Beef','Evening',43,'Large','Hot');
INSERT INTO `orderedItem` (`dishName`,`menuName`,`orderNumber`,`portionSize`,`spiceLevel`) VALUES ('Mongolian Beef','Evening',74,'Large','Hot');
INSERT INTO `orderedItem` (`dishName`,`menuName`,`orderNumber`,`portionSize`,`spiceLevel`) VALUES ('Mongolian Beef','Evening',24,'Large','Mild');
INSERT INTO `orderedItem` (`dishName`,`menuName`,`orderNumber`,`portionSize`,`spiceLevel`) VALUES ('Mongolian Beef','Lunch',15,'Medium','Mild');
INSERT INTO `orderedItem` (`dishName`,`menuName`,`orderNumber`,`portionSize`,`spiceLevel`) VALUES ('Mongolian Beef','Lunch',55,'Medium','Mild');
INSERT INTO `orderedItem` (`dishName`,`menuName`,`orderNumber`,`portionSize`,`spiceLevel`) VALUES ('Mongolian Beef','Lunch',3,'Medium','Tangy');
INSERT INTO `orderedItem` (`dishName`,`menuName`,`orderNumber`,`portionSize`,`spiceLevel`) VALUES ('Mongolian Beef','Sunday Brunch Buffet',61,'Buffet','Mild');
INSERT INTO `orderedItem` (`dishName`,`menuName`,`orderNumber`,`portionSize`,`spiceLevel`) VALUES ('Orange Chicken','Childrens',1,'Small','Mild');
INSERT INTO `orderedItem` (`dishName`,`menuName`,`orderNumber`,`portionSize`,`spiceLevel`) VALUES ('Orange Chicken','Childrens',8,'Small','Mild');
INSERT INTO `orderedItem` (`dishName`,`menuName`,`orderNumber`,`portionSize`,`spiceLevel`) VALUES ('Orange Chicken','Evening',14,'Large','Mild');
INSERT INTO `orderedItem` (`dishName`,`menuName`,`orderNumber`,`portionSize`,`spiceLevel`) VALUES ('Orange Chicken','Evening',49,'Large','Mild');
INSERT INTO `orderedItem` (`dishName`,`menuName`,`orderNumber`,`portionSize`,`spiceLevel`) VALUES ('Orange Chicken','Lunch',3,'Medium','Mild');
INSERT INTO `orderedItem` (`dishName`,`menuName`,`orderNumber`,`portionSize`,`spiceLevel`) VALUES ('Orange Chicken','Lunch',7,'Medium','Mild');
INSERT INTO `orderedItem` (`dishName`,`menuName`,`orderNumber`,`portionSize`,`spiceLevel`) VALUES ('Orange Chicken','Lunch',25,'Medium','Mild');
INSERT INTO `orderedItem` (`dishName`,`menuName`,`orderNumber`,`portionSize`,`spiceLevel`) VALUES ('Orange Chicken','Sunday Brunch Buffet',62,'Buffet','Mild');
INSERT INTO `orderedItem` (`dishName`,`menuName`,`orderNumber`,`portionSize`,`spiceLevel`) VALUES ('Pan Fried Noodles','Childrens',1,'Small','Mild');
INSERT INTO `orderedItem` (`dishName`,`menuName`,`orderNumber`,`portionSize`,`spiceLevel`) VALUES ('Pan Fried Noodles','Childrens',9,'Small','Mild');
INSERT INTO `orderedItem` (`dishName`,`menuName`,`orderNumber`,`portionSize`,`spiceLevel`) VALUES ('Pan Fried Noodles','Evening',13,'Large','Mild');
INSERT INTO `orderedItem` (`dishName`,`menuName`,`orderNumber`,`portionSize`,`spiceLevel`) VALUES ('Pan Fried Noodles','Lunch',48,'Medium','Mild');
INSERT INTO `orderedItem` (`dishName`,`menuName`,`orderNumber`,`portionSize`,`spiceLevel`) VALUES ('Pan Fried Noodles','Lunch',26,'Medium','Piquant');
INSERT INTO `orderedItem` (`dishName`,`menuName`,`orderNumber`,`portionSize`,`spiceLevel`) VALUES ('Pan Fried Noodles','Sunday Brunch Buffet',63,'Buffet','Mild');
INSERT INTO `orderedItem` (`dishName`,`menuName`,`orderNumber`,`portionSize`,`spiceLevel`) VALUES ('Peanut Curry','Evening',27,'Large','Hot');
INSERT INTO `orderedItem` (`dishName`,`menuName`,`orderNumber`,`portionSize`,`spiceLevel`) VALUES ('Peanut Curry','Evening',45,'Large','Hot');
INSERT INTO `orderedItem` (`dishName`,`menuName`,`orderNumber`,`portionSize`,`spiceLevel`) VALUES ('Peanut Curry','Evening',76,'Large','Hot');
INSERT INTO `orderedItem` (`dishName`,`menuName`,`orderNumber`,`portionSize`,`spiceLevel`) VALUES ('Peanut Curry','Evening',34,'Large','Mild');
INSERT INTO `orderedItem` (`dishName`,`menuName`,`orderNumber`,`portionSize`,`spiceLevel`) VALUES ('Peanut Curry','Evening',56,'Large','Mild');
INSERT INTO `orderedItem` (`dishName`,`menuName`,`orderNumber`,`portionSize`,`spiceLevel`) VALUES ('Peanut Curry','Evening',65,'Large','Mild');
INSERT INTO `orderedItem` (`dishName`,`menuName`,`orderNumber`,`portionSize`,`spiceLevel`) VALUES ('Pork Plate','Evening',29,'Large','Hot');
INSERT INTO `orderedItem` (`dishName`,`menuName`,`orderNumber`,`portionSize`,`spiceLevel`) VALUES ('Pork Plate','Evening',33,'Large','Mild');
INSERT INTO `orderedItem` (`dishName`,`menuName`,`orderNumber`,`portionSize`,`spiceLevel`) VALUES ('Pork Plate','Evening',47,'Large','Tangy');
INSERT INTO `orderedItem` (`dishName`,`menuName`,`orderNumber`,`portionSize`,`spiceLevel`) VALUES ('Sweet and Sour Pork','Childrens',1,'Small','Mild');
INSERT INTO `orderedItem` (`dishName`,`menuName`,`orderNumber`,`portionSize`,`spiceLevel`) VALUES ('Sweet and Sour Pork','Lunch',12,'Medium','Mild');
INSERT INTO `orderedItem` (`dishName`,`menuName`,`orderNumber`,`portionSize`,`spiceLevel`) VALUES ('Sweet and Sour Pork','Lunch',35,'Medium','Mild');
INSERT INTO `orderedItem` (`dishName`,`menuName`,`orderNumber`,`portionSize`,`spiceLevel`) VALUES ('Sweet and Sour Pork','Lunch',66,'Medium','Mild');
INSERT INTO `orderedItem` (`dishName`,`menuName`,`orderNumber`,`portionSize`,`spiceLevel`) VALUES ('Sweet and Sour Pork','Sunday Brunch Buffet',64,'Buffet','Mild');
INSERT INTO `orderedItem` (`dishName`,`menuName`,`orderNumber`,`portionSize`,`spiceLevel`) VALUES ('White Rice','Childrens',2,'Small','Mild');
INSERT INTO `orderedItem` (`dishName`,`menuName`,`orderNumber`,`portionSize`,`spiceLevel`) VALUES ('White Rice','Childrens',3,'Small','Mild');
INSERT INTO `orderedItem` (`dishName`,`menuName`,`orderNumber`,`portionSize`,`spiceLevel`) VALUES ('White Rice','Evening',30,'Large','Mild');
INSERT INTO `orderedItem` (`dishName`,`menuName`,`orderNumber`,`portionSize`,`spiceLevel`) VALUES ('White Rice','Lunch',44,'Medium','Mild');
INSERT INTO `orderedItem` (`dishName`,`menuName`,`orderNumber`,`portionSize`,`spiceLevel`) VALUES ('White Rice','Lunch',75,'Medium','Mild');


/*
-- Query: SELECT * FROM cecs323sec07bg02.orders
LIMIT 0, 1000

-- Date: 2018-12-11 10:33
*/
INSERT INTO `orders` (`orderNumber`,`paidWithMoney`,`paidWithRewardPoints`,`bulkOrderID`, `shiftID`) VALUES (1,23.5,0,0,1701010);
INSERT INTO `orders` (`orderNumber`,`paidWithMoney`,`paidWithRewardPoints`,`bulkOrderID`, `shiftID`) VALUES (2,11.5,0,1,1701010);
INSERT INTO `orders` (`orderNumber`,`paidWithMoney`,`paidWithRewardPoints`,`bulkOrderID`, `shiftID`) VALUES (3,20.5,0,2,1701010);
INSERT INTO `orders` (`orderNumber`,`paidWithMoney`,`paidWithRewardPoints`,`bulkOrderID`, `shiftID`) VALUES (4,3,0,3,1701010);
INSERT INTO `orders` (`orderNumber`,`paidWithMoney`,`paidWithRewardPoints`,`bulkOrderID`, `shiftID`) VALUES (5,4,0,0,1701010);
INSERT INTO `orders` (`orderNumber`,`paidWithMoney`,`paidWithRewardPoints`,`bulkOrderID`, `shiftID`) VALUES (6,2.5,0,1,1701010);
INSERT INTO `orders` (`orderNumber`,`paidWithMoney`,`paidWithRewardPoints`,`bulkOrderID`, `shiftID`) VALUES (7,0,1,2,1701010);
INSERT INTO `orders` (`orderNumber`,`paidWithMoney`,`paidWithRewardPoints`,`bulkOrderID`, `shiftID`) VALUES (8,0,0,3,1701010);
INSERT INTO `orders` (`orderNumber`,`paidWithMoney`,`paidWithRewardPoints`,`bulkOrderID`, `shiftID`) VALUES (9,1,1,2,1701010);
INSERT INTO `orders` (`orderNumber`,`paidWithMoney`,`paidWithRewardPoints`,`bulkOrderID`, `shiftID`) VALUES (10,0,0,3,1701010);
INSERT INTO `orders` (`orderNumber`,`paidWithMoney`,`paidWithRewardPoints`,`bulkOrderID`, `shiftID`) VALUES (11,1,1,0,1701010);
INSERT INTO `orders` (`orderNumber`,`paidWithMoney`,`paidWithRewardPoints`,`bulkOrderID`, `shiftID`) VALUES (12,1,0,1,1701010);
INSERT INTO `orders` (`orderNumber`,`paidWithMoney`,`paidWithRewardPoints`,`bulkOrderID`, `shiftID`) VALUES (13,0,1,2,1701010);
INSERT INTO `orders` (`orderNumber`,`paidWithMoney`,`paidWithRewardPoints`,`bulkOrderID`, `shiftID`) VALUES (14,0,0,3,1701010);
INSERT INTO `orders` (`orderNumber`,`paidWithMoney`,`paidWithRewardPoints`,`bulkOrderID`, `shiftID`) VALUES (15,1,1,0,1701010);
INSERT INTO `orders` (`orderNumber`,`paidWithMoney`,`paidWithRewardPoints`,`bulkOrderID`, `shiftID`) VALUES (16,1,0,1,1701010);
INSERT INTO `orders` (`orderNumber`,`paidWithMoney`,`paidWithRewardPoints`,`bulkOrderID`, `shiftID`) VALUES (17,0,1,2,1701010);
INSERT INTO `orders` (`orderNumber`,`paidWithMoney`,`paidWithRewardPoints`,`bulkOrderID`, `shiftID`) VALUES (18,0,0,3,1701010);
INSERT INTO `orders` (`orderNumber`,`paidWithMoney`,`paidWithRewardPoints`,`bulkOrderID`, `shiftID`) VALUES (19,1,1,2,1701010);
INSERT INTO `orders` (`orderNumber`,`paidWithMoney`,`paidWithRewardPoints`,`bulkOrderID`, `shiftID`) VALUES (20,0,0,3,1701010);
INSERT INTO `orders` (`orderNumber`,`paidWithMoney`,`paidWithRewardPoints`,`bulkOrderID`, `shiftID`) VALUES (21,0,0,0,1701010);
INSERT INTO `orders` (`orderNumber`,`paidWithMoney`,`paidWithRewardPoints`,`bulkOrderID`, `shiftID`) VALUES (22,0,0,0,1701010);
INSERT INTO `orders` (`orderNumber`,`paidWithMoney`,`paidWithRewardPoints`,`bulkOrderID`, `shiftID`) VALUES (23,0,0,0,1701010);
INSERT INTO `orders` (`orderNumber`,`paidWithMoney`,`paidWithRewardPoints`,`bulkOrderID`, `shiftID`) VALUES (24,0,0,0,1701010);
INSERT INTO `orders` (`orderNumber`,`paidWithMoney`,`paidWithRewardPoints`,`bulkOrderID`, `shiftID`) VALUES (25,0,0,0,1701010);
INSERT INTO `orders` (`orderNumber`,`paidWithMoney`,`paidWithRewardPoints`,`bulkOrderID`, `shiftID`) VALUES (26,0,0,0,1701010);
INSERT INTO `orders` (`orderNumber`,`paidWithMoney`,`paidWithRewardPoints`,`bulkOrderID`, `shiftID`) VALUES (27,0,0,0,1701010);
INSERT INTO `orders` (`orderNumber`,`paidWithMoney`,`paidWithRewardPoints`,`bulkOrderID`, `shiftID`) VALUES (28,0,0,0,1701010);
INSERT INTO `orders` (`orderNumber`,`paidWithMoney`,`paidWithRewardPoints`,`bulkOrderID`, `shiftID`) VALUES (29,0,0,0,1701010);
INSERT INTO `orders` (`orderNumber`,`paidWithMoney`,`paidWithRewardPoints`,`bulkOrderID`, `shiftID`) VALUES (30,0,0,0,1701010);
INSERT INTO `orders` (`orderNumber`,`paidWithMoney`,`paidWithRewardPoints`,`bulkOrderID`, `shiftID`) VALUES (31,0,0,0,1701010);
INSERT INTO `orders` (`orderNumber`,`paidWithMoney`,`paidWithRewardPoints`,`bulkOrderID`, `shiftID`) VALUES (32,0,0,0,1701010);
INSERT INTO `orders` (`orderNumber`,`paidWithMoney`,`paidWithRewardPoints`,`bulkOrderID`, `shiftID`) VALUES (33,0,0,0,1701010);
INSERT INTO `orders` (`orderNumber`,`paidWithMoney`,`paidWithRewardPoints`,`bulkOrderID`, `shiftID`) VALUES (34,0,0,0,1701010);
INSERT INTO `orders` (`orderNumber`,`paidWithMoney`,`paidWithRewardPoints`,`bulkOrderID`, `shiftID`) VALUES (35,0,0,0,1701010);
INSERT INTO `orders` (`orderNumber`,`paidWithMoney`,`paidWithRewardPoints`,`bulkOrderID`, `shiftID`) VALUES (36,0,0,0,1701010);
INSERT INTO `orders` (`orderNumber`,`paidWithMoney`,`paidWithRewardPoints`,`bulkOrderID`, `shiftID`) VALUES (37,0,0,0,1701010);
INSERT INTO `orders` (`orderNumber`,`paidWithMoney`,`paidWithRewardPoints`,`bulkOrderID`, `shiftID`) VALUES (38,0,0,0,1701010);
INSERT INTO `orders` (`orderNumber`,`paidWithMoney`,`paidWithRewardPoints`,`bulkOrderID`, `shiftID`) VALUES (39,0,0,0,1701010);
INSERT INTO `orders` (`orderNumber`,`paidWithMoney`,`paidWithRewardPoints`,`bulkOrderID`, `shiftID`) VALUES (40,0,0,0,1701010);
INSERT INTO `orders` (`orderNumber`,`paidWithMoney`,`paidWithRewardPoints`,`bulkOrderID`, `shiftID`) VALUES (41,0,0,0,1701010);
INSERT INTO `orders` (`orderNumber`,`paidWithMoney`,`paidWithRewardPoints`,`bulkOrderID`, `shiftID`) VALUES (42,0,0,0,1701010);
INSERT INTO `orders` (`orderNumber`,`paidWithMoney`,`paidWithRewardPoints`,`bulkOrderID`, `shiftID`) VALUES (43,0,0,0,1701010);
INSERT INTO `orders` (`orderNumber`,`paidWithMoney`,`paidWithRewardPoints`,`bulkOrderID`, `shiftID`) VALUES (44,0,0,0,1701010);
INSERT INTO `orders` (`orderNumber`,`paidWithMoney`,`paidWithRewardPoints`,`bulkOrderID`, `shiftID`) VALUES (45,0,0,0,1701010);
INSERT INTO `orders` (`orderNumber`,`paidWithMoney`,`paidWithRewardPoints`,`bulkOrderID`, `shiftID`) VALUES (46,0,0,0,1701010);
INSERT INTO `orders` (`orderNumber`,`paidWithMoney`,`paidWithRewardPoints`,`bulkOrderID`, `shiftID`) VALUES (47,0,0,0,1701010);
INSERT INTO `orders` (`orderNumber`,`paidWithMoney`,`paidWithRewardPoints`,`bulkOrderID`, `shiftID`) VALUES (48,0,0,0,1701010);
INSERT INTO `orders` (`orderNumber`,`paidWithMoney`,`paidWithRewardPoints`,`bulkOrderID`, `shiftID`) VALUES (49,0,0,0,1701010);
INSERT INTO `orders` (`orderNumber`,`paidWithMoney`,`paidWithRewardPoints`,`bulkOrderID`, `shiftID`) VALUES (50,0,0,0,1701010);
INSERT INTO `orders` (`orderNumber`,`paidWithMoney`,`paidWithRewardPoints`,`bulkOrderID`, `shiftID`) VALUES (51,0,0,0,1701010);
INSERT INTO `orders` (`orderNumber`,`paidWithMoney`,`paidWithRewardPoints`,`bulkOrderID`, `shiftID`) VALUES (52,0,0,0,1701010);
INSERT INTO `orders` (`orderNumber`,`paidWithMoney`,`paidWithRewardPoints`,`bulkOrderID`, `shiftID`) VALUES (53,0,0,0,1701010);
INSERT INTO `orders` (`orderNumber`,`paidWithMoney`,`paidWithRewardPoints`,`bulkOrderID`, `shiftID`) VALUES (54,0,0,0,1701010);
INSERT INTO `orders` (`orderNumber`,`paidWithMoney`,`paidWithRewardPoints`,`bulkOrderID`, `shiftID`) VALUES (55,0,0,0,1701010);
INSERT INTO `orders` (`orderNumber`,`paidWithMoney`,`paidWithRewardPoints`,`bulkOrderID`, `shiftID`) VALUES (56,0,0,0,1701010);
INSERT INTO `orders` (`orderNumber`,`paidWithMoney`,`paidWithRewardPoints`,`bulkOrderID`, `shiftID`) VALUES (57,0,0,0,1701010);
INSERT INTO `orders` (`orderNumber`,`paidWithMoney`,`paidWithRewardPoints`,`bulkOrderID`, `shiftID`) VALUES (58,0,0,0,1701010);
INSERT INTO `orders` (`orderNumber`,`paidWithMoney`,`paidWithRewardPoints`,`bulkOrderID`, `shiftID`) VALUES (59,0,0,0,1701010);
INSERT INTO `orders` (`orderNumber`,`paidWithMoney`,`paidWithRewardPoints`,`bulkOrderID`, `shiftID`) VALUES (60,0,0,0,1701010);
INSERT INTO `orders` (`orderNumber`,`paidWithMoney`,`paidWithRewardPoints`,`bulkOrderID`, `shiftID`) VALUES (61,0,0,0,1701010);
INSERT INTO `orders` (`orderNumber`,`paidWithMoney`,`paidWithRewardPoints`,`bulkOrderID`, `shiftID`) VALUES (62,0,0,0,1701010);
INSERT INTO `orders` (`orderNumber`,`paidWithMoney`,`paidWithRewardPoints`,`bulkOrderID`, `shiftID`) VALUES (63,0,0,0,1701010);
INSERT INTO `orders` (`orderNumber`,`paidWithMoney`,`paidWithRewardPoints`,`bulkOrderID`, `shiftID`) VALUES (64,0,0,0,1701010);
INSERT INTO `orders` (`orderNumber`,`paidWithMoney`,`paidWithRewardPoints`,`bulkOrderID`, `shiftID`) VALUES (65,0,0,1,1701010);
INSERT INTO `orders` (`orderNumber`,`paidWithMoney`,`paidWithRewardPoints`,`bulkOrderID`, `shiftID`) VALUES (66,0,0,0,1701010);
INSERT INTO `orders` (`orderNumber`,`paidWithMoney`,`paidWithRewardPoints`,`bulkOrderID`, `shiftID`) VALUES (67,0,0,3,1701010);
INSERT INTO `orders` (`orderNumber`,`paidWithMoney`,`paidWithRewardPoints`,`bulkOrderID`, `shiftID`) VALUES (68,0,0,2,1701010);
INSERT INTO `orders` (`orderNumber`,`paidWithMoney`,`paidWithRewardPoints`,`bulkOrderID`, `shiftID`) VALUES (69,0,0,2,1701010);
INSERT INTO `orders` (`orderNumber`,`paidWithMoney`,`paidWithRewardPoints`,`bulkOrderID`, `shiftID`) VALUES (70,0,0,1,1701010);
INSERT INTO `orders` (`orderNumber`,`paidWithMoney`,`paidWithRewardPoints`,`bulkOrderID`, `shiftID`) VALUES (71,0,0,0,1701010);
INSERT INTO `orders` (`orderNumber`,`paidWithMoney`,`paidWithRewardPoints`,`bulkOrderID`, `shiftID`) VALUES (72,0,0,1,1701010);
INSERT INTO `orders` (`orderNumber`,`paidWithMoney`,`paidWithRewardPoints`,`bulkOrderID`, `shiftID`) VALUES (73,0,0,0,1701010);
INSERT INTO `orders` (`orderNumber`,`paidWithMoney`,`paidWithRewardPoints`,`bulkOrderID`, `shiftID`) VALUES (74,0,0,1,1701010);
INSERT INTO `orders` (`orderNumber`,`paidWithMoney`,`paidWithRewardPoints`,`bulkOrderID`, `shiftID`) VALUES (75,0,0,0,1701010);
INSERT INTO `orders` (`orderNumber`,`paidWithMoney`,`paidWithRewardPoints`,`bulkOrderID`, `shiftID`) VALUES (76,0,0,1,1701010);
INSERT INTO `orders` (`orderNumber`,`paidWithMoney`,`paidWithRewardPoints`,`bulkOrderID`, `shiftID`) VALUES (77,0,0,0,1701010);

/*
-- Query: SELECT * FROM cecs323sec07bg02.partTimeStaff
LIMIT 0, 1000

-- Date: 2018-12-11 10:34
*/
INSERT INTO `partTimeStaff` (`staffID`,`hourlyWage`) VALUES (108,12);
INSERT INTO `partTimeStaff` (`staffID`,`hourlyWage`) VALUES (109,12);
INSERT INTO `partTimeStaff` (`staffID`,`hourlyWage`) VALUES (110,12.5);

/*
-- Query: SELECT * FROM cecs323sec07bg02.personSitting
LIMIT 0, 1000

-- Date: 2018-12-11 10:34
*/
INSERT INTO `personSitting` (`seatID`,`groupID`,`customerID`) VALUES (63,201,1);
INSERT INTO `personSitting` (`seatID`,`groupID`,`customerID`) VALUES (64,202,2);
INSERT INTO `personSitting` (`seatID`,`groupID`,`customerID`) VALUES (1,203,3);
INSERT INTO `personSitting` (`seatID`,`groupID`,`customerID`) VALUES (2,203,4);
INSERT INTO `personSitting` (`seatID`,`groupID`,`customerID`) VALUES (3,203,5);
INSERT INTO `personSitting` (`seatID`,`groupID`,`customerID`) VALUES (4,203,6);
INSERT INTO `personSitting` (`seatID`,`groupID`,`customerID`) VALUES (9,205,7);
INSERT INTO `personSitting` (`seatID`,`groupID`,`customerID`) VALUES (10,205,21);
INSERT INTO `personSitting` (`seatID`,`groupID`,`customerID`) VALUES (11,205,22);
INSERT INTO `personSitting` (`seatID`,`groupID`,`customerID`) VALUES (5,206,11);
INSERT INTO `personSitting` (`seatID`,`groupID`,`customerID`) VALUES (6,206,13);
INSERT INTO `personSitting` (`seatID`,`groupID`,`customerID`) VALUES (7,206,15);
INSERT INTO `personSitting` (`seatID`,`groupID`,`customerID`) VALUES (8,206,16);
INSERT INTO `personSitting` (`seatID`,`groupID`,`customerID`) VALUES (12,207,8);
INSERT INTO `personSitting` (`seatID`,`groupID`,`customerID`) VALUES (13,207,23);
INSERT INTO `personSitting` (`seatID`,`groupID`,`customerID`) VALUES (14,207,24);
INSERT INTO `personSitting` (`seatID`,`groupID`,`customerID`) VALUES (15,207,25);
INSERT INTO `personSitting` (`seatID`,`groupID`,`customerID`) VALUES (16,209,9);
INSERT INTO `personSitting` (`seatID`,`groupID`,`customerID`) VALUES (17,209,26);
INSERT INTO `personSitting` (`seatID`,`groupID`,`customerID`) VALUES (18,209,27);
INSERT INTO `personSitting` (`seatID`,`groupID`,`customerID`) VALUES (19,209,28);
INSERT INTO `personSitting` (`seatID`,`groupID`,`customerID`) VALUES (20,210,10);
INSERT INTO `personSitting` (`seatID`,`groupID`,`customerID`) VALUES (21,210,29);
INSERT INTO `personSitting` (`seatID`,`groupID`,`customerID`) VALUES (22,210,30);
INSERT INTO `personSitting` (`seatID`,`groupID`,`customerID`) VALUES (23,211,17);
INSERT INTO `personSitting` (`seatID`,`groupID`,`customerID`) VALUES (24,211,32);
INSERT INTO `personSitting` (`seatID`,`groupID`,`customerID`) VALUES (25,211,33);
INSERT INTO `personSitting` (`seatID`,`groupID`,`customerID`) VALUES (26,212,18);
INSERT INTO `personSitting` (`seatID`,`groupID`,`customerID`) VALUES (27,212,34);
INSERT INTO `personSitting` (`seatID`,`groupID`,`customerID`) VALUES (30,212,35);
INSERT INTO `personSitting` (`seatID`,`groupID`,`customerID`) VALUES (31,213,19);
INSERT INTO `personSitting` (`seatID`,`groupID`,`customerID`) VALUES (32,213,36);
INSERT INTO `personSitting` (`seatID`,`groupID`,`customerID`) VALUES (33,213,37);
INSERT INTO `personSitting` (`seatID`,`groupID`,`customerID`) VALUES (34,214,20);
INSERT INTO `personSitting` (`seatID`,`groupID`,`customerID`) VALUES (35,214,39);
INSERT INTO `personSitting` (`seatID`,`groupID`,`customerID`) VALUES (36,214,40);


/*
-- Query: SELECT * FROM cecs323sec07bg02.phoneOrder
LIMIT 0, 1000

-- Date: 2018-12-11 10:34
*/
INSERT INTO `phoneOrder` (`orderNumber`,`phone`,`orderTime`,`customerID`) VALUES (70,'4241102773','10:01:00',10);
INSERT INTO `phoneOrder` (`orderNumber`,`phone`,`orderTime`,`customerID`) VALUES (65,'5621932292','12:11:00',3);
INSERT INTO `phoneOrder` (`orderNumber`,`phone`,`orderTime`,`customerID`) VALUES (68,'5625621101','17:34:00',8);
INSERT INTO `phoneOrder` (`orderNumber`,`phone`,`orderTime`,`customerID`) VALUES (66,'7142881919','08:20:00',5);
INSERT INTO `phoneOrder` (`orderNumber`,`phone`,`orderTime`,`customerID`) VALUES (69,'7147111010','09:28:00',22);
INSERT INTO `phoneOrder` (`orderNumber`,`phone`,`orderTime`,`customerID`) VALUES (67,'8188089999','15:22:00',2);
INSERT INTO `phoneOrder` (`orderNumber`,`phone`,`orderTime`,`customerID`) VALUES (71,'9499990909','19:39:00',12);

/*
-- Query: SELECT * FROM cecs323sec07bg02.privateCustomers
LIMIT 0, 1000

-- Date: 2018-12-11 10:35
*/
INSERT INTO `privateCustomers` (`customerID`,`email`) VALUES (3,'andrewdelgado017@gmail.com');
INSERT INTO `privateCustomers` (`customerID`,`email`) VALUES (4,'jonah@gmail.com');
INSERT INTO `privateCustomers` (`customerID`,`email`) VALUES (5,'Brandon@gmail.com');
INSERT INTO `privateCustomers` (`customerID`,`email`) VALUES (6,'DavidBrown@gmail.com');
INSERT INTO `privateCustomers` (`customerID`,`email`) VALUES (11,'aj@apple.com');
INSERT INTO `privateCustomers` (`customerID`,`email`) VALUES (12,'jj@hotmail.com');
INSERT INTO `privateCustomers` (`customerID`,`email`) VALUES (13,'ss@msn.com');
INSERT INTO `privateCustomers` (`customerID`,`email`) VALUES (14,'jt@canada.com');
INSERT INTO `privateCustomers` (`customerID`,`email`) VALUES (15,'ts@Apple.com');
INSERT INTO `privateCustomers` (`customerID`,`email`) VALUES (16,'ks@hotmail.com');

/*
-- Query: SELECT * FROM cecs323sec07bg02.proteins
LIMIT 0, 1000

-- Date: 2018-12-11 10:35
*/
INSERT INTO `proteins` (`proteinName`) VALUES ('Beef');
INSERT INTO `proteins` (`proteinName`) VALUES ('Chef Special');
INSERT INTO `proteins` (`proteinName`) VALUES ('Chicken');
INSERT INTO `proteins` (`proteinName`) VALUES ('Pork');
INSERT INTO `proteins` (`proteinName`) VALUES ('Seafood');
INSERT INTO `proteins` (`proteinName`) VALUES ('Vegetables');


/*
-- Query: SELECT * FROM cecs323sec07bg02.regularCustomers
LIMIT 0, 1000

-- Date: 2018-12-11 10:35
*/
INSERT INTO `regularCustomers` (`customerID`,`customerName`,`address`,`city`,`state`,`cityID`, `rewardsPoints`) VALUES (3,'Andrew Delgado','123 San Diego','San Diego','California',0, 0);
INSERT INTO `regularCustomers` (`customerID`,`customerName`,`address`,`city`,`state`,`cityID`, `rewardsPoints`) VALUES (4,'Jonah Cornish','1400 Penn Avenue','Los Angeles','California',1, 0);
INSERT INTO `regularCustomers` (`customerID`,`customerName`,`address`,`city`,`state`,`cityID`, `rewardsPoints`) VALUES (5,'Brandon Winn','1827 7th Street','Utqiagvik','Alaska',3, 0);
INSERT INTO `regularCustomers` (`customerID`,`customerName`,`address`,`city`,`state`,`cityID`, `rewardsPoints`) VALUES (6,'David Brown','Burj Khalifa','San Antonio','Texas',4, 0);
INSERT INTO `regularCustomers` (`customerID`,`customerName`,`address`,`city`,`state`,`cityID`, `rewardsPoints`) VALUES (7,'McDonalds','123 Golden Arch Way','New-York City','New-York',5, 0);
INSERT INTO `regularCustomers` (`customerID`,`customerName`,`address`,`city`,`state`,`cityID`, `rewardsPoints`) VALUES (8,'Nike','35 Swoosh Avenue','Crimson Tide','Alabama',6, 0);
INSERT INTO `regularCustomers` (`customerID`,`customerName`,`address`,`city`,`state`,`cityID`, `rewardsPoints`) VALUES (9,'CSULB','69 Beach Drive','Atlanta','Georgia',8, 0);
INSERT INTO `regularCustomers` (`customerID`,`customerName`,`address`,`city`,`state`,`cityID`, `rewardsPoints`) VALUES (10,'Apple','Steve Jobs Lane','La Jolla','California',9, 0);
INSERT INTO `regularCustomers` (`customerID`,`customerName`,`address`,`city`,`state`,`cityID`, `rewardsPoints`) VALUES (11,'Alex Jones','45 Main St',NULL,NULL,NULL, 0);
INSERT INTO `regularCustomers` (`customerID`,`customerName`,`address`,`city`,`state`,`cityID`, `rewardsPoints`) VALUES (12,'Jim Johnson','5 1st Street',NULL,NULL,NULL, 0);
INSERT INTO `regularCustomers` (`customerID`,`customerName`,`address`,`city`,`state`,`cityID`, `rewardsPoints`) VALUES (13,'Sean Smith','2099 2nd Ave',NULL,NULL,NULL, 0);
INSERT INTO `regularCustomers` (`customerID`,`customerName`,`address`,`city`,`state`,`cityID`, `rewardsPoints`) VALUES (14,'Justin Trudeau','600 Maple Way',NULL,NULL,NULL, 0);
INSERT INTO `regularCustomers` (`customerID`,`customerName`,`address`,`city`,`state`,`cityID`, `rewardsPoints`) VALUES (15,'Tom Stensil','110 Grant St',NULL,NULL,NULL, 0);
INSERT INTO `regularCustomers` (`customerID`,`customerName`,`address`,`city`,`state`,`cityID`, `rewardsPoints`) VALUES (16,'Kevin Son','267 5th Ave',NULL,NULL,NULL, 0);
INSERT INTO `regularCustomers` (`customerID`,`customerName`,`address`,`city`,`state`,`cityID`, `rewardsPoints`) VALUES (17,'Microsoft','849 Last Ave',NULL,NULL,NULL, 0);
INSERT INTO `regularCustomers` (`customerID`,`customerName`,`address`,`city`,`state`,`cityID`, `rewardsPoints`) VALUES (18,'Chick-fil-A','600 Rock Ave',NULL,NULL,NULL, 0);
INSERT INTO `regularCustomers` (`customerID`,`customerName`,`address`,`city`,`state`,`cityID`, `rewardsPoints`) VALUES (19,'Adidas','32 Sprite Ave',NULL,NULL,NULL, 0);
INSERT INTO `regularCustomers` (`customerID`,`customerName`,`address`,`city`,`state`,`cityID`, `rewardsPoints`) VALUES (20,'Brooks','20 Bell Ave',NULL,NULL,NULL, 0);

/*
-- Query: SELECT * FROM cecs323sec07bg02.seat
LIMIT 0, 1000

-- Date: 2018-12-11 10:36
*/
INSERT INTO `seat` (`seatID`,`seatNum`,`tableNum`) VALUES (1,1,1);
INSERT INTO `seat` (`seatID`,`seatNum`,`tableNum`) VALUES (2,2,1);
INSERT INTO `seat` (`seatID`,`seatNum`,`tableNum`) VALUES (3,3,1);
INSERT INTO `seat` (`seatID`,`seatNum`,`tableNum`) VALUES (4,4,1);
INSERT INTO `seat` (`seatID`,`seatNum`,`tableNum`) VALUES (5,1,2);
INSERT INTO `seat` (`seatID`,`seatNum`,`tableNum`) VALUES (6,2,2);
INSERT INTO `seat` (`seatID`,`seatNum`,`tableNum`) VALUES (7,3,2);
INSERT INTO `seat` (`seatID`,`seatNum`,`tableNum`) VALUES (8,4,2);
INSERT INTO `seat` (`seatID`,`seatNum`,`tableNum`) VALUES (9,1,3);
INSERT INTO `seat` (`seatID`,`seatNum`,`tableNum`) VALUES (10,2,3);
INSERT INTO `seat` (`seatID`,`seatNum`,`tableNum`) VALUES (11,3,3);
INSERT INTO `seat` (`seatID`,`seatNum`,`tableNum`) VALUES (12,4,3);
INSERT INTO `seat` (`seatID`,`seatNum`,`tableNum`) VALUES (13,1,4);
INSERT INTO `seat` (`seatID`,`seatNum`,`tableNum`) VALUES (14,2,4);
INSERT INTO `seat` (`seatID`,`seatNum`,`tableNum`) VALUES (15,3,4);
INSERT INTO `seat` (`seatID`,`seatNum`,`tableNum`) VALUES (16,4,4);
INSERT INTO `seat` (`seatID`,`seatNum`,`tableNum`) VALUES (17,1,5);
INSERT INTO `seat` (`seatID`,`seatNum`,`tableNum`) VALUES (18,2,5);
INSERT INTO `seat` (`seatID`,`seatNum`,`tableNum`) VALUES (19,3,5);
INSERT INTO `seat` (`seatID`,`seatNum`,`tableNum`) VALUES (20,4,5);
INSERT INTO `seat` (`seatID`,`seatNum`,`tableNum`) VALUES (21,1,6);
INSERT INTO `seat` (`seatID`,`seatNum`,`tableNum`) VALUES (22,2,6);
INSERT INTO `seat` (`seatID`,`seatNum`,`tableNum`) VALUES (23,3,6);
INSERT INTO `seat` (`seatID`,`seatNum`,`tableNum`) VALUES (24,4,6);
INSERT INTO `seat` (`seatID`,`seatNum`,`tableNum`) VALUES (25,5,6);
INSERT INTO `seat` (`seatID`,`seatNum`,`tableNum`) VALUES (26,6,6);
INSERT INTO `seat` (`seatID`,`seatNum`,`tableNum`) VALUES (27,7,6);
INSERT INTO `seat` (`seatID`,`seatNum`,`tableNum`) VALUES (28,8,6);
INSERT INTO `seat` (`seatID`,`seatNum`,`tableNum`) VALUES (29,1,7);
INSERT INTO `seat` (`seatID`,`seatNum`,`tableNum`) VALUES (30,2,7);
INSERT INTO `seat` (`seatID`,`seatNum`,`tableNum`) VALUES (31,3,7);
INSERT INTO `seat` (`seatID`,`seatNum`,`tableNum`) VALUES (32,4,7);
INSERT INTO `seat` (`seatID`,`seatNum`,`tableNum`) VALUES (33,5,7);
INSERT INTO `seat` (`seatID`,`seatNum`,`tableNum`) VALUES (34,6,7);
INSERT INTO `seat` (`seatID`,`seatNum`,`tableNum`) VALUES (35,7,7);
INSERT INTO `seat` (`seatID`,`seatNum`,`tableNum`) VALUES (36,8,7);
INSERT INTO `seat` (`seatID`,`seatNum`,`tableNum`) VALUES (37,1,8);
INSERT INTO `seat` (`seatID`,`seatNum`,`tableNum`) VALUES (38,2,8);
INSERT INTO `seat` (`seatID`,`seatNum`,`tableNum`) VALUES (39,3,8);
INSERT INTO `seat` (`seatID`,`seatNum`,`tableNum`) VALUES (40,4,8);
INSERT INTO `seat` (`seatID`,`seatNum`,`tableNum`) VALUES (41,5,8);
INSERT INTO `seat` (`seatID`,`seatNum`,`tableNum`) VALUES (42,6,8);
INSERT INTO `seat` (`seatID`,`seatNum`,`tableNum`) VALUES (43,7,8);
INSERT INTO `seat` (`seatID`,`seatNum`,`tableNum`) VALUES (44,8,8);
INSERT INTO `seat` (`seatID`,`seatNum`,`tableNum`) VALUES (45,1,9);
INSERT INTO `seat` (`seatID`,`seatNum`,`tableNum`) VALUES (46,2,9);
INSERT INTO `seat` (`seatID`,`seatNum`,`tableNum`) VALUES (47,3,9);
INSERT INTO `seat` (`seatID`,`seatNum`,`tableNum`) VALUES (48,4,9);
INSERT INTO `seat` (`seatID`,`seatNum`,`tableNum`) VALUES (49,5,9);
INSERT INTO `seat` (`seatID`,`seatNum`,`tableNum`) VALUES (50,6,9);
INSERT INTO `seat` (`seatID`,`seatNum`,`tableNum`) VALUES (51,7,9);
INSERT INTO `seat` (`seatID`,`seatNum`,`tableNum`) VALUES (52,8,9);
INSERT INTO `seat` (`seatID`,`seatNum`,`tableNum`) VALUES (53,9,9);
INSERT INTO `seat` (`seatID`,`seatNum`,`tableNum`) VALUES (54,10,9);
INSERT INTO `seat` (`seatID`,`seatNum`,`tableNum`) VALUES (55,1,10);
INSERT INTO `seat` (`seatID`,`seatNum`,`tableNum`) VALUES (56,2,10);
INSERT INTO `seat` (`seatID`,`seatNum`,`tableNum`) VALUES (57,3,10);
INSERT INTO `seat` (`seatID`,`seatNum`,`tableNum`) VALUES (58,4,10);
INSERT INTO `seat` (`seatID`,`seatNum`,`tableNum`) VALUES (59,5,10);
INSERT INTO `seat` (`seatID`,`seatNum`,`tableNum`) VALUES (60,6,10);
INSERT INTO `seat` (`seatID`,`seatNum`,`tableNum`) VALUES (61,7,10);
INSERT INTO `seat` (`seatID`,`seatNum`,`tableNum`) VALUES (62,8,10);
INSERT INTO `seat` (`seatID`,`seatNum`,`tableNum`) VALUES (63,9,10);
INSERT INTO `seat` (`seatID`,`seatNum`,`tableNum`) VALUES (64,10,10);


/*
-- Query: SELECT * FROM cecs323sec07bg02.shift
LIMIT 0, 1000

-- Date: 2018-12-11 10:37
*/
INSERT INTO `shift` (`shiftID`,`calendarDate`,`AMPM`,`maitreDID`,`managerID`,`headChefID`) VALUES (1701010,'2017-01-01','AM',108,104,101);
INSERT INTO `shift` (`shiftID`,`calendarDate`,`AMPM`,`maitreDID`,`managerID`,`headChefID`) VALUES (1701011,'2017-01-01','PM',108,104,101);
INSERT INTO `shift` (`shiftID`,`calendarDate`,`AMPM`,`maitreDID`,`managerID`,`headChefID`) VALUES (1701080,'2017-01-08','AM',108,104,101);
INSERT INTO `shift` (`shiftID`,`calendarDate`,`AMPM`,`maitreDID`,`managerID`,`headChefID`) VALUES (1701081,'2017-01-08','PM',108,104,101);
INSERT INTO `shift` (`shiftID`,`calendarDate`,`AMPM`,`maitreDID`,`managerID`,`headChefID`) VALUES (1702050,'2017-02-05','AM',108,104,101);
INSERT INTO `shift` (`shiftID`,`calendarDate`,`AMPM`,`maitreDID`,`managerID`,`headChefID`) VALUES (1702051,'2017-02-05','PM',108,104,101);
INSERT INTO `shift` (`shiftID`,`calendarDate`,`AMPM`,`maitreDID`,`managerID`,`headChefID`) VALUES (1702120,'2017-02-12','AM',108,104,101);
INSERT INTO `shift` (`shiftID`,`calendarDate`,`AMPM`,`maitreDID`,`managerID`,`headChefID`) VALUES (1702121,'2017-02-12','PM',108,104,101);
INSERT INTO `shift` (`shiftID`,`calendarDate`,`AMPM`,`maitreDID`,`managerID`,`headChefID`) VALUES (1703050,'2017-03-05','AM',108,104,101);
INSERT INTO `shift` (`shiftID`,`calendarDate`,`AMPM`,`maitreDID`,`managerID`,`headChefID`) VALUES (1703051,'2017-03-05','PM',108,104,101);
INSERT INTO `shift` (`shiftID`,`calendarDate`,`AMPM`,`maitreDID`,`managerID`,`headChefID`) VALUES (1703120,'2017-03-12','AM',108,104,101);
INSERT INTO `shift` (`shiftID`,`calendarDate`,`AMPM`,`maitreDID`,`managerID`,`headChefID`) VALUES (1703121,'2017-03-12','PM',108,104,101);
INSERT INTO `shift` (`shiftID`,`calendarDate`,`AMPM`,`maitreDID`,`managerID`,`headChefID`) VALUES (1704020,'2017-04-02','AM',108,104,101);
INSERT INTO `shift` (`shiftID`,`calendarDate`,`AMPM`,`maitreDID`,`managerID`,`headChefID`) VALUES (1704021,'2017-04-02','PM',108,104,101);
INSERT INTO `shift` (`shiftID`,`calendarDate`,`AMPM`,`maitreDID`,`managerID`,`headChefID`) VALUES (1704090,'2017-04-09','AM',108,104,101);
INSERT INTO `shift` (`shiftID`,`calendarDate`,`AMPM`,`maitreDID`,`managerID`,`headChefID`) VALUES (1704091,'2017-04-09','PM',108,104,101);
INSERT INTO `shift` (`shiftID`,`calendarDate`,`AMPM`,`maitreDID`,`managerID`,`headChefID`) VALUES (1705070,'2017-05-07','AM',108,104,101);
INSERT INTO `shift` (`shiftID`,`calendarDate`,`AMPM`,`maitreDID`,`managerID`,`headChefID`) VALUES (1705071,'2017-05-07','PM',108,104,101);
INSERT INTO `shift` (`shiftID`,`calendarDate`,`AMPM`,`maitreDID`,`managerID`,`headChefID`) VALUES (1705140,'2017-05-14','AM',108,104,101);
INSERT INTO `shift` (`shiftID`,`calendarDate`,`AMPM`,`maitreDID`,`managerID`,`headChefID`) VALUES (1705141,'2017-05-14','PM',108,104,101);
INSERT INTO `shift` (`shiftID`,`calendarDate`,`AMPM`,`maitreDID`,`managerID`,`headChefID`) VALUES (1706040,'2017-06-04','AM',108,104,101);
INSERT INTO `shift` (`shiftID`,`calendarDate`,`AMPM`,`maitreDID`,`managerID`,`headChefID`) VALUES (1706041,'2017-06-04','PM',108,104,101);
INSERT INTO `shift` (`shiftID`,`calendarDate`,`AMPM`,`maitreDID`,`managerID`,`headChefID`) VALUES (1706110,'2017-06-11','AM',108,104,101);
INSERT INTO `shift` (`shiftID`,`calendarDate`,`AMPM`,`maitreDID`,`managerID`,`headChefID`) VALUES (1706111,'2017-06-11','PM',108,104,101);
INSERT INTO `shift` (`shiftID`,`calendarDate`,`AMPM`,`maitreDID`,`managerID`,`headChefID`) VALUES (1707020,'2017-07-02','AM',108,104,101);
INSERT INTO `shift` (`shiftID`,`calendarDate`,`AMPM`,`maitreDID`,`managerID`,`headChefID`) VALUES (1707021,'2017-07-02','PM',108,104,101);
INSERT INTO `shift` (`shiftID`,`calendarDate`,`AMPM`,`maitreDID`,`managerID`,`headChefID`) VALUES (1707090,'2017-07-09','AM',108,104,101);
INSERT INTO `shift` (`shiftID`,`calendarDate`,`AMPM`,`maitreDID`,`managerID`,`headChefID`) VALUES (1707091,'2017-07-09','PM',108,104,101);
INSERT INTO `shift` (`shiftID`,`calendarDate`,`AMPM`,`maitreDID`,`managerID`,`headChefID`) VALUES (1708060,'2017-08-06','AM',108,104,101);
INSERT INTO `shift` (`shiftID`,`calendarDate`,`AMPM`,`maitreDID`,`managerID`,`headChefID`) VALUES (1708061,'2017-08-06','PM',108,104,101);
INSERT INTO `shift` (`shiftID`,`calendarDate`,`AMPM`,`maitreDID`,`managerID`,`headChefID`) VALUES (1708130,'2017-08-13','AM',108,104,101);
INSERT INTO `shift` (`shiftID`,`calendarDate`,`AMPM`,`maitreDID`,`managerID`,`headChefID`) VALUES (1708131,'2017-08-13','PM',108,104,101);
INSERT INTO `shift` (`shiftID`,`calendarDate`,`AMPM`,`maitreDID`,`managerID`,`headChefID`) VALUES (1709030,'2017-09-03','AM',108,104,101);
INSERT INTO `shift` (`shiftID`,`calendarDate`,`AMPM`,`maitreDID`,`managerID`,`headChefID`) VALUES (1709031,'2017-09-03','PM',108,104,101);
INSERT INTO `shift` (`shiftID`,`calendarDate`,`AMPM`,`maitreDID`,`managerID`,`headChefID`) VALUES (1709100,'2017-09-10','AM',108,104,101);
INSERT INTO `shift` (`shiftID`,`calendarDate`,`AMPM`,`maitreDID`,`managerID`,`headChefID`) VALUES (1709101,'2017-09-10','PM',108,104,101);
INSERT INTO `shift` (`shiftID`,`calendarDate`,`AMPM`,`maitreDID`,`managerID`,`headChefID`) VALUES (1710010,'2017-10-01','AM',108,104,101);
INSERT INTO `shift` (`shiftID`,`calendarDate`,`AMPM`,`maitreDID`,`managerID`,`headChefID`) VALUES (1710011,'2017-10-01','PM',108,104,101);
INSERT INTO `shift` (`shiftID`,`calendarDate`,`AMPM`,`maitreDID`,`managerID`,`headChefID`) VALUES (1710080,'2017-10-08','AM',108,104,101);
INSERT INTO `shift` (`shiftID`,`calendarDate`,`AMPM`,`maitreDID`,`managerID`,`headChefID`) VALUES (1710081,'2017-10-08','PM',108,104,101);
INSERT INTO `shift` (`shiftID`,`calendarDate`,`AMPM`,`maitreDID`,`managerID`,`headChefID`) VALUES (1711050,'2017-11-05','AM',108,104,101);
INSERT INTO `shift` (`shiftID`,`calendarDate`,`AMPM`,`maitreDID`,`managerID`,`headChefID`) VALUES (1711051,'2017-11-05','PM',108,104,101);
INSERT INTO `shift` (`shiftID`,`calendarDate`,`AMPM`,`maitreDID`,`managerID`,`headChefID`) VALUES (1711120,'2017-11-12','AM',108,104,101);
INSERT INTO `shift` (`shiftID`,`calendarDate`,`AMPM`,`maitreDID`,`managerID`,`headChefID`) VALUES (1711121,'2017-11-12','PM',108,104,101);
INSERT INTO `shift` (`shiftID`,`calendarDate`,`AMPM`,`maitreDID`,`managerID`,`headChefID`) VALUES (1712030,'2017-12-03','AM',108,104,101);
INSERT INTO `shift` (`shiftID`,`calendarDate`,`AMPM`,`maitreDID`,`managerID`,`headChefID`) VALUES (1712031,'2017-12-03','PM',108,104,101);
INSERT INTO `shift` (`shiftID`,`calendarDate`,`AMPM`,`maitreDID`,`managerID`,`headChefID`) VALUES (1712100,'2017-12-10','AM',108,104,101);
INSERT INTO `shift` (`shiftID`,`calendarDate`,`AMPM`,`maitreDID`,`managerID`,`headChefID`) VALUES (1712101,'2017-12-10','PM',108,104,101);
INSERT INTO `shift` (`shiftID`,`calendarDate`,`AMPM`,`maitreDID`,`managerID`,`headChefID`) VALUES (1801070,'2018-01-07','AM',108,104,101);
INSERT INTO `shift` (`shiftID`,`calendarDate`,`AMPM`,`maitreDID`,`managerID`,`headChefID`) VALUES (1801071,'2018-01-07','PM',108,104,101);
INSERT INTO `shift` (`shiftID`,`calendarDate`,`AMPM`,`maitreDID`,`managerID`,`headChefID`) VALUES (1801140,'2018-01-14','AM',108,104,101);
INSERT INTO `shift` (`shiftID`,`calendarDate`,`AMPM`,`maitreDID`,`managerID`,`headChefID`) VALUES (1801141,'2018-01-14','PM',108,104,101);
INSERT INTO `shift` (`shiftID`,`calendarDate`,`AMPM`,`maitreDID`,`managerID`,`headChefID`) VALUES (1802040,'2018-02-04','AM',108,104,101);
INSERT INTO `shift` (`shiftID`,`calendarDate`,`AMPM`,`maitreDID`,`managerID`,`headChefID`) VALUES (1802041,'2018-02-04','PM',108,104,101);
INSERT INTO `shift` (`shiftID`,`calendarDate`,`AMPM`,`maitreDID`,`managerID`,`headChefID`) VALUES (1802110,'2018-02-11','AM',108,104,101);
INSERT INTO `shift` (`shiftID`,`calendarDate`,`AMPM`,`maitreDID`,`managerID`,`headChefID`) VALUES (1802111,'2018-02-11','PM',108,104,101);
INSERT INTO `shift` (`shiftID`,`calendarDate`,`AMPM`,`maitreDID`,`managerID`,`headChefID`) VALUES (1803040,'2018-03-04','AM',108,104,101);
INSERT INTO `shift` (`shiftID`,`calendarDate`,`AMPM`,`maitreDID`,`managerID`,`headChefID`) VALUES (1803041,'2018-03-04','PM',108,104,101);
INSERT INTO `shift` (`shiftID`,`calendarDate`,`AMPM`,`maitreDID`,`managerID`,`headChefID`) VALUES (1803110,'2018-03-11','AM',108,104,101);
INSERT INTO `shift` (`shiftID`,`calendarDate`,`AMPM`,`maitreDID`,`managerID`,`headChefID`) VALUES (1803111,'2018-03-11','PM',108,104,101);
INSERT INTO `shift` (`shiftID`,`calendarDate`,`AMPM`,`maitreDID`,`managerID`,`headChefID`) VALUES (1804010,'2018-04-01','AM',108,104,101);
INSERT INTO `shift` (`shiftID`,`calendarDate`,`AMPM`,`maitreDID`,`managerID`,`headChefID`) VALUES (1804011,'2018-04-01','PM',108,104,101);
INSERT INTO `shift` (`shiftID`,`calendarDate`,`AMPM`,`maitreDID`,`managerID`,`headChefID`) VALUES (1804080,'2018-04-08','AM',108,104,101);
INSERT INTO `shift` (`shiftID`,`calendarDate`,`AMPM`,`maitreDID`,`managerID`,`headChefID`) VALUES (1804081,'2018-04-08','PM',108,104,101);
INSERT INTO `shift` (`shiftID`,`calendarDate`,`AMPM`,`maitreDID`,`managerID`,`headChefID`) VALUES (1805060,'2018-05-06','AM',108,104,101);
INSERT INTO `shift` (`shiftID`,`calendarDate`,`AMPM`,`maitreDID`,`managerID`,`headChefID`) VALUES (1805061,'2018-05-06','PM',108,104,101);
INSERT INTO `shift` (`shiftID`,`calendarDate`,`AMPM`,`maitreDID`,`managerID`,`headChefID`) VALUES (1805130,'2018-05-13','AM',108,104,101);
INSERT INTO `shift` (`shiftID`,`calendarDate`,`AMPM`,`maitreDID`,`managerID`,`headChefID`) VALUES (1805131,'2018-05-13','PM',108,104,101);
INSERT INTO `shift` (`shiftID`,`calendarDate`,`AMPM`,`maitreDID`,`managerID`,`headChefID`) VALUES (1806030,'2018-06-03','AM',108,104,101);
INSERT INTO `shift` (`shiftID`,`calendarDate`,`AMPM`,`maitreDID`,`managerID`,`headChefID`) VALUES (1806031,'2018-06-03','PM',108,104,101);
INSERT INTO `shift` (`shiftID`,`calendarDate`,`AMPM`,`maitreDID`,`managerID`,`headChefID`) VALUES (1806140,'2018-06-14','AM',108,104,101);
INSERT INTO `shift` (`shiftID`,`calendarDate`,`AMPM`,`maitreDID`,`managerID`,`headChefID`) VALUES (1806141,'2018-06-14','PM',108,104,101);
INSERT INTO `shift` (`shiftID`,`calendarDate`,`AMPM`,`maitreDID`,`managerID`,`headChefID`) VALUES (1807010,'2018-07-01','AM',108,104,101);
INSERT INTO `shift` (`shiftID`,`calendarDate`,`AMPM`,`maitreDID`,`managerID`,`headChefID`) VALUES (1807011,'2018-07-01','PM',108,104,101);
INSERT INTO `shift` (`shiftID`,`calendarDate`,`AMPM`,`maitreDID`,`managerID`,`headChefID`) VALUES (1807080,'2018-07-08','AM',108,104,101);
INSERT INTO `shift` (`shiftID`,`calendarDate`,`AMPM`,`maitreDID`,`managerID`,`headChefID`) VALUES (1807081,'2018-07-08','PM',108,104,101);
INSERT INTO `shift` (`shiftID`,`calendarDate`,`AMPM`,`maitreDID`,`managerID`,`headChefID`) VALUES (1808050,'2018-08-05','AM',108,104,101);
INSERT INTO `shift` (`shiftID`,`calendarDate`,`AMPM`,`maitreDID`,`managerID`,`headChefID`) VALUES (1808051,'2018-08-05','PM',108,104,101);
INSERT INTO `shift` (`shiftID`,`calendarDate`,`AMPM`,`maitreDID`,`managerID`,`headChefID`) VALUES (1808120,'2018-08-12','AM',108,104,101);
INSERT INTO `shift` (`shiftID`,`calendarDate`,`AMPM`,`maitreDID`,`managerID`,`headChefID`) VALUES (1808121,'2018-08-12','PM',108,104,101);
INSERT INTO `shift` (`shiftID`,`calendarDate`,`AMPM`,`maitreDID`,`managerID`,`headChefID`) VALUES (1809020,'2018-09-02','AM',108,104,101);
INSERT INTO `shift` (`shiftID`,`calendarDate`,`AMPM`,`maitreDID`,`managerID`,`headChefID`) VALUES (1809021,'2018-09-02','PM',108,104,101);
INSERT INTO `shift` (`shiftID`,`calendarDate`,`AMPM`,`maitreDID`,`managerID`,`headChefID`) VALUES (1809090,'2018-09-09','AM',108,104,101);
INSERT INTO `shift` (`shiftID`,`calendarDate`,`AMPM`,`maitreDID`,`managerID`,`headChefID`) VALUES (1809091,'2018-09-09','PM',108,104,101);
INSERT INTO `shift` (`shiftID`,`calendarDate`,`AMPM`,`maitreDID`,`managerID`,`headChefID`) VALUES (1810070,'2018-10-07','AM',108,104,101);
INSERT INTO `shift` (`shiftID`,`calendarDate`,`AMPM`,`maitreDID`,`managerID`,`headChefID`) VALUES (1810071,'2018-10-07','PM',108,104,101);
INSERT INTO `shift` (`shiftID`,`calendarDate`,`AMPM`,`maitreDID`,`managerID`,`headChefID`) VALUES (1810140,'2018-10-14','AM',108,104,101);
INSERT INTO `shift` (`shiftID`,`calendarDate`,`AMPM`,`maitreDID`,`managerID`,`headChefID`) VALUES (1810141,'2018-10-14','PM',108,104,101);
INSERT INTO `shift` (`shiftID`,`calendarDate`,`AMPM`,`maitreDID`,`managerID`,`headChefID`) VALUES (1811040,'2018-11-04','AM',108,104,101);
INSERT INTO `shift` (`shiftID`,`calendarDate`,`AMPM`,`maitreDID`,`managerID`,`headChefID`) VALUES (1811041,'2018-11-04','PM',108,104,101);
INSERT INTO `shift` (`shiftID`,`calendarDate`,`AMPM`,`maitreDID`,`managerID`,`headChefID`) VALUES (1811110,'2018-11-11','AM',108,104,101);
INSERT INTO `shift` (`shiftID`,`calendarDate`,`AMPM`,`maitreDID`,`managerID`,`headChefID`) VALUES (1811111,'2018-11-11','PM',108,104,101);
INSERT INTO `shift` (`shiftID`,`calendarDate`,`AMPM`,`maitreDID`,`managerID`,`headChefID`) VALUES (1812010,'2018-12-01','AM',108,104,101);
INSERT INTO `shift` (`shiftID`,`calendarDate`,`AMPM`,`maitreDID`,`managerID`,`headChefID`) VALUES (1812011,'2018-12-01','PM',108,104,101);
INSERT INTO `shift` (`shiftID`,`calendarDate`,`AMPM`,`maitreDID`,`managerID`,`headChefID`) VALUES (1812020,'2018-12-02','AM',108,104,101);
INSERT INTO `shift` (`shiftID`,`calendarDate`,`AMPM`,`maitreDID`,`managerID`,`headChefID`) VALUES (1812021,'2018-12-02','PM',108,104,101);
INSERT INTO `shift` (`shiftID`,`calendarDate`,`AMPM`,`maitreDID`,`managerID`,`headChefID`) VALUES (1812040,'2018-12-04','AM',108,104,101);
INSERT INTO `shift` (`shiftID`,`calendarDate`,`AMPM`,`maitreDID`,`managerID`,`headChefID`) VALUES (1812041,'2018-12-04','PM',108,104,101);
INSERT INTO `shift` (`shiftID`,`calendarDate`,`AMPM`,`maitreDID`,`managerID`,`headChefID`) VALUES (1812050,'2018-12-05','AM',108,104,101);
INSERT INTO `shift` (`shiftID`,`calendarDate`,`AMPM`,`maitreDID`,`managerID`,`headChefID`) VALUES (1812051,'2018-12-05','PM',108,104,101);
INSERT INTO `shift` (`shiftID`,`calendarDate`,`AMPM`,`maitreDID`,`managerID`,`headChefID`) VALUES (1812060,'2018-12-06','AM',108,104,101);
INSERT INTO `shift` (`shiftID`,`calendarDate`,`AMPM`,`maitreDID`,`managerID`,`headChefID`) VALUES (1812061,'2018-12-06','PM',108,104,101);
INSERT INTO `shift` (`shiftID`,`calendarDate`,`AMPM`,`maitreDID`,`managerID`,`headChefID`) VALUES (1812070,'2018-12-07','AM',108,104,101);
INSERT INTO `shift` (`shiftID`,`calendarDate`,`AMPM`,`maitreDID`,`managerID`,`headChefID`) VALUES (1812071,'2018-12-07','PM',108,104,101);
INSERT INTO `shift` (`shiftID`,`calendarDate`,`AMPM`,`maitreDID`,`managerID`,`headChefID`) VALUES (1812080,'2018-12-08','AM',108,104,101);
INSERT INTO `shift` (`shiftID`,`calendarDate`,`AMPM`,`maitreDID`,`managerID`,`headChefID`) VALUES (1812081,'2018-12-08','PM',108,104,101);
INSERT INTO `shift` (`shiftID`,`calendarDate`,`AMPM`,`maitreDID`,`managerID`,`headChefID`) VALUES (1812090,'2018-12-09','AM',108,104,101);
INSERT INTO `shift` (`shiftID`,`calendarDate`,`AMPM`,`maitreDID`,`managerID`,`headChefID`) VALUES (1812091,'2018-12-09','PM',108,104,101);
INSERT INTO `shift` (`shiftID`,`calendarDate`,`AMPM`,`maitreDID`,`managerID`,`headChefID`) VALUES (1812110,'2018-12-11','AM',108,104,101);
INSERT INTO `shift` (`shiftID`,`calendarDate`,`AMPM`,`maitreDID`,`managerID`,`headChefID`) VALUES (1812111,'2018-12-11','PM',108,104,101);
INSERT INTO `shift` (`shiftID`,`calendarDate`,`AMPM`,`maitreDID`,`managerID`,`headChefID`) VALUES (1812120,'2018-12-12','AM',108,104,101);
INSERT INTO `shift` (`shiftID`,`calendarDate`,`AMPM`,`maitreDID`,`managerID`,`headChefID`) VALUES (1812121,'2018-12-12','PM',108,104,101);
INSERT INTO `shift` (`shiftID`,`calendarDate`,`AMPM`,`maitreDID`,`managerID`,`headChefID`) VALUES (1812130,'2018-12-13','AM',108,104,101);
INSERT INTO `shift` (`shiftID`,`calendarDate`,`AMPM`,`maitreDID`,`managerID`,`headChefID`) VALUES (1812131,'2018-12-13','PM',108,104,101);
INSERT INTO `shift` (`shiftID`,`calendarDate`,`AMPM`,`maitreDID`,`managerID`,`headChefID`) VALUES (1812140,'2018-12-14','AM',108,104,101);
INSERT INTO `shift` (`shiftID`,`calendarDate`,`AMPM`,`maitreDID`,`managerID`,`headChefID`) VALUES (1812141,'2018-12-14','PM',108,104,101);
INSERT INTO `shift` (`shiftID`,`calendarDate`,`AMPM`,`maitreDID`,`managerID`,`headChefID`) VALUES (1812150,'2018-12-15','AM',108,104,101);
INSERT INTO `shift` (`shiftID`,`calendarDate`,`AMPM`,`maitreDID`,`managerID`,`headChefID`) VALUES (1812151,'2018-12-15','PM',108,104,101);
INSERT INTO `shift` (`shiftID`,`calendarDate`,`AMPM`,`maitreDID`,`managerID`,`headChefID`) VALUES (1812160,'2018-12-16','AM',108,104,101);
INSERT INTO `shift` (`shiftID`,`calendarDate`,`AMPM`,`maitreDID`,`managerID`,`headChefID`) VALUES (1812161,'2018-12-16','PM',108,104,101);
INSERT INTO `shift` (`shiftID`,`calendarDate`,`AMPM`,`maitreDID`,`managerID`,`headChefID`) VALUES (1812180,'2018-12-18','AM',108,104,101);
INSERT INTO `shift` (`shiftID`,`calendarDate`,`AMPM`,`maitreDID`,`managerID`,`headChefID`) VALUES (1812181,'2018-12-18','PM',108,104,101);
INSERT INTO `shift` (`shiftID`,`calendarDate`,`AMPM`,`maitreDID`,`managerID`,`headChefID`) VALUES (1812190,'2018-12-19','AM',108,104,101);
INSERT INTO `shift` (`shiftID`,`calendarDate`,`AMPM`,`maitreDID`,`managerID`,`headChefID`) VALUES (1812191,'2018-12-19','PM',108,104,101);
INSERT INTO `shift` (`shiftID`,`calendarDate`,`AMPM`,`maitreDID`,`managerID`,`headChefID`) VALUES (1812200,'2018-12-20','AM',108,104,101);
INSERT INTO `shift` (`shiftID`,`calendarDate`,`AMPM`,`maitreDID`,`managerID`,`headChefID`) VALUES (1812201,'2018-12-20','PM',108,104,101);
INSERT INTO `shift` (`shiftID`,`calendarDate`,`AMPM`,`maitreDID`,`managerID`,`headChefID`) VALUES (1812210,'2018-12-21','AM',108,104,101);
INSERT INTO `shift` (`shiftID`,`calendarDate`,`AMPM`,`maitreDID`,`managerID`,`headChefID`) VALUES (1812211,'2018-12-21','PM',108,104,101);
INSERT INTO `shift` (`shiftID`,`calendarDate`,`AMPM`,`maitreDID`,`managerID`,`headChefID`) VALUES (1812220,'2018-12-22','AM',108,104,101);
INSERT INTO `shift` (`shiftID`,`calendarDate`,`AMPM`,`maitreDID`,`managerID`,`headChefID`) VALUES (1812221,'2018-12-22','PM',108,104,101);
INSERT INTO `shift` (`shiftID`,`calendarDate`,`AMPM`,`maitreDID`,`managerID`,`headChefID`) VALUES (1812230,'2018-12-23','AM',108,104,101);
INSERT INTO `shift` (`shiftID`,`calendarDate`,`AMPM`,`maitreDID`,`managerID`,`headChefID`) VALUES (1812231,'2018-12-23','PM',108,104,101);
INSERT INTO `shift` (`shiftID`,`calendarDate`,`AMPM`,`maitreDID`,`managerID`,`headChefID`) VALUES (1812260,'2018-12-26','AM',108,104,101);
INSERT INTO `shift` (`shiftID`,`calendarDate`,`AMPM`,`maitreDID`,`managerID`,`headChefID`) VALUES (1812261,'2018-12-26','PM',108,104,101);
INSERT INTO `shift` (`shiftID`,`calendarDate`,`AMPM`,`maitreDID`,`managerID`,`headChefID`) VALUES (1812270,'2018-12-27','AM',108,104,101);
INSERT INTO `shift` (`shiftID`,`calendarDate`,`AMPM`,`maitreDID`,`managerID`,`headChefID`) VALUES (1812271,'2018-12-27','PM',108,104,101);
INSERT INTO `shift` (`shiftID`,`calendarDate`,`AMPM`,`maitreDID`,`managerID`,`headChefID`) VALUES (1812280,'2018-12-28','AM',108,104,101);
INSERT INTO `shift` (`shiftID`,`calendarDate`,`AMPM`,`maitreDID`,`managerID`,`headChefID`) VALUES (1812281,'2018-12-28','PM',108,104,101);
INSERT INTO `shift` (`shiftID`,`calendarDate`,`AMPM`,`maitreDID`,`managerID`,`headChefID`) VALUES (1812290,'2018-12-29','AM',108,104,101);
INSERT INTO `shift` (`shiftID`,`calendarDate`,`AMPM`,`maitreDID`,`managerID`,`headChefID`) VALUES (1812291,'2018-12-29','PM',108,104,101);
INSERT INTO `shift` (`shiftID`,`calendarDate`,`AMPM`,`maitreDID`,`managerID`,`headChefID`) VALUES (1812300,'2018-12-30','AM',108,104,101);
INSERT INTO `shift` (`shiftID`,`calendarDate`,`AMPM`,`maitreDID`,`managerID`,`headChefID`) VALUES (1812301,'2018-12-30','PM',108,104,101);

/*
-- Query: SELECT * FROM cecs323sec07bg02.soup
LIMIT 0, 1000

-- Date: 2018-12-11 10:37
*/
INSERT INTO `soup` (`dishName`,`volumeAmount`) VALUES ('Egg Drop Soup','Bowl');
INSERT INTO `soup` (`dishName`,`volumeAmount`) VALUES ('Hot and Sour Soup','Bowl');
INSERT INTO `soup` (`dishName`,`volumeAmount`) VALUES ('Miso Soup','Bowl');
INSERT INTO `soup` (`dishName`,`volumeAmount`) VALUES ('Egg Drop Soup','Cup');
INSERT INTO `soup` (`dishName`,`volumeAmount`) VALUES ('Hot and Sour Soup','Cup');
INSERT INTO `soup` (`dishName`,`volumeAmount`) VALUES ('Miso Soup','Cup');
INSERT INTO `soup` (`dishName`,`volumeAmount`) VALUES ('Egg Drop Soup','Gallon');
INSERT INTO `soup` (`dishName`,`volumeAmount`) VALUES ('Hot and Sour Soup','Gallon');
INSERT INTO `soup` (`dishName`,`volumeAmount`) VALUES ('Miso Soup','Gallon');
INSERT INTO `soup` (`dishName`,`volumeAmount`) VALUES ('Egg Drop Soup','Pint');
INSERT INTO `soup` (`dishName`,`volumeAmount`) VALUES ('Hot and Sour Soup','Pint');
INSERT INTO `soup` (`dishName`,`volumeAmount`) VALUES ('Miso Soup','Pint');
INSERT INTO `soup` (`dishName`,`volumeAmount`) VALUES ('Egg Drop Soup','Quart');
INSERT INTO `soup` (`dishName`,`volumeAmount`) VALUES ('Hot and Sour Soup','Quart');
INSERT INTO `soup` (`dishName`,`volumeAmount`) VALUES ('Miso Soup','Quart');

/*
-- Query: SELECT * FROM cecs323sec07bg02.soupVolume
LIMIT 0, 1000

-- Date: 2018-12-11 10:37
*/
INSERT INTO `soupVolume` (`volumeAmount`) VALUES ('Bowl');
INSERT INTO `soupVolume` (`volumeAmount`) VALUES ('Cup');
INSERT INTO `soupVolume` (`volumeAmount`) VALUES ('Gallon');
INSERT INTO `soupVolume` (`volumeAmount`) VALUES ('Pint');
INSERT INTO `soupVolume` (`volumeAmount`) VALUES ('Quart');


/*
-- Query: SELECT * FROM cecs323sec07bg02.sousChef
LIMIT 0, 1000

-- Date: 2018-12-11 10:38
*/
INSERT INTO `sousChef` (`staffID`) VALUES (102);
INSERT INTO `sousChef` (`staffID`) VALUES (103);
INSERT INTO `sousChef` (`staffID`) VALUES (111);
INSERT INTO `sousChef` (`staffID`) VALUES (112);
INSERT INTO `sousChef` (`staffID`) VALUES (113);
INSERT INTO `sousChef` (`staffID`) VALUES (114);

/*
-- Query: SELECT * FROM cecs323sec07bg02.staff
LIMIT 0, 1000

-- Date: 2018-12-11 10:38
*/
INSERT INTO `staff` (`staffID`,`staffName`,`phone`,`foodHandlersCert`) VALUES (101,'Justin Trou','5625558762',1);
INSERT INTO `staff` (`staffID`,`staffName`,`phone`,`foodHandlersCert`) VALUES (102,'Jonathon Yu','5625551537',1);
INSERT INTO `staff` (`staffID`,`staffName`,`phone`,`foodHandlersCert`) VALUES (103,'Tom Chi','5625559274',1);
INSERT INTO `staff` (`staffID`,`staffName`,`phone`,`foodHandlersCert`) VALUES (104,'Lewis Min','5625559273',1);
INSERT INTO `staff` (`staffID`,`staffName`,`phone`,`foodHandlersCert`) VALUES (105,'Douglas Trou','5625558263',1);
INSERT INTO `staff` (`staffID`,`staffName`,`phone`,`foodHandlersCert`) VALUES (106,'Jessica Trou','5625552234',1);
INSERT INTO `staff` (`staffID`,`staffName`,`phone`,`foodHandlersCert`) VALUES (107,'Laura Yu','5625550908',1);
INSERT INTO `staff` (`staffID`,`staffName`,`phone`,`foodHandlersCert`) VALUES (108,'Taichi Min','5625551183',1);
INSERT INTO `staff` (`staffID`,`staffName`,`phone`,`foodHandlersCert`) VALUES (109,'Anna Chi','5625557668',1);
INSERT INTO `staff` (`staffID`,`staffName`,`phone`,`foodHandlersCert`) VALUES (110,'Jaclyn Chi','5625559881',1);
INSERT INTO `staff` (`staffID`,`staffName`,`phone`,`foodHandlersCert`) VALUES (111,'Jenny Chang','3108997646',1);
INSERT INTO `staff` (`staffID`,`staffName`,`phone`,`foodHandlersCert`) VALUES (112,'Xi Chang','3106127646',1);
INSERT INTO `staff` (`staffID`,`staffName`,`phone`,`foodHandlersCert`) VALUES (113,'Xi Jing Pi','3108764346',1);
INSERT INTO `staff` (`staffID`,`staffName`,`phone`,`foodHandlersCert`) VALUES (114,'Sonny Wilson','312789546',1);
INSERT INTO `staff` (`staffID`,`staffName`,`phone`,`foodHandlersCert`) VALUES (115,'Ben Bradley','312789296',1);
INSERT INTO `staff` (`staffID`,`staffName`,`phone`,`foodHandlersCert`) VALUES (116,'Burt Reynolds','327889546',1);
INSERT INTO `staff` (`staffID`,`staffName`,`phone`,`foodHandlersCert`) VALUES (117,'Chipper Jones','312782267',1);
INSERT INTO `staff` (`staffID`,`staffName`,`phone`,`foodHandlersCert`) VALUES (118,'JK Rowling','867789546',1);


/*
-- Query: SELECT * FROM cecs323sec07bg02.state
LIMIT 0, 1000

-- Date: 2018-12-11 10:39
*/
INSERT INTO `state` (`stateName`) VALUES ('Alabama');
INSERT INTO `state` (`stateName`) VALUES ('Alaska');
INSERT INTO `state` (`stateName`) VALUES ('California');
INSERT INTO `state` (`stateName`) VALUES ('Flordia');
INSERT INTO `state` (`stateName`) VALUES ('Georgia');
INSERT INTO `state` (`stateName`) VALUES ('New-York');
INSERT INTO `state` (`stateName`) VALUES ('Texas');

/*
-- Query: SELECT * FROM cecs323sec07bg02.waitedTable
LIMIT 0, 1000

-- Date: 2018-12-11 10:39
*/
INSERT INTO `waitedTable` (`tableNum`,`staffID`,`calendarDate`,`shiftID`) VALUES (1,101,'2018-12-01',1812010);
INSERT INTO `waitedTable` (`tableNum`,`staffID`,`calendarDate`,`shiftID`) VALUES (2,101,'2018-12-02',1812021);
INSERT INTO `waitedTable` (`tableNum`,`staffID`,`calendarDate`,`shiftID`) VALUES (3,101,'2018-12-04',1812041);
INSERT INTO `waitedTable` (`tableNum`,`staffID`,`calendarDate`,`shiftID`) VALUES (4,101,'2018-12-08',1812080);
INSERT INTO `waitedTable` (`tableNum`,`staffID`,`calendarDate`,`shiftID`) VALUES (5,101,'2018-12-14',1812141);
INSERT INTO `waitedTable` (`tableNum`,`staffID`,`calendarDate`,`shiftID`) VALUES (6,101,'2018-12-16',1812160);
INSERT INTO `waitedTable` (`tableNum`,`staffID`,`calendarDate`,`shiftID`) VALUES (7,101,'2018-12-20',1812201);
INSERT INTO `waitedTable` (`tableNum`,`staffID`,`calendarDate`,`shiftID`) VALUES (8,101,'2018-12-28',1812281);
INSERT INTO `waitedTable` (`tableNum`,`staffID`,`calendarDate`,`shiftID`) VALUES (9,101,'2018-12-30',1812300);
INSERT INTO `waitedTable` (`tableNum`,`staffID`,`calendarDate`,`shiftID`) VALUES (10,101,'2018-12-30',1812301);


/*
-- Query: SELECT * FROM cecs323sec07bg02.waiter
LIMIT 0, 1000

-- Date: 2018-12-11 10:40
*/
INSERT INTO `waiter` (`staffID`) VALUES (110);

/*
-- Query: SELECT * FROM cecs323sec07bg02.waitingShift
LIMIT 0, 1000

-- Date: 2018-12-11 10:40
*/
INSERT INTO `waitingShift` (`staffID`,`calendarDate`,`shiftID`) VALUES (110,'2018-12-01',1812010);
INSERT INTO `waitingShift` (`staffID`,`calendarDate`,`shiftID`) VALUES (110,'2018-12-01',1812011);
INSERT INTO `waitingShift` (`staffID`,`calendarDate`,`shiftID`) VALUES (110,'2018-12-02',1812020);
INSERT INTO `waitingShift` (`staffID`,`calendarDate`,`shiftID`) VALUES (110,'2018-12-02',1812021);
INSERT INTO `waitingShift` (`staffID`,`calendarDate`,`shiftID`) VALUES (110,'2018-12-04',1812040);
INSERT INTO `waitingShift` (`staffID`,`calendarDate`,`shiftID`) VALUES (110,'2018-12-04',1812041);
INSERT INTO `waitingShift` (`staffID`,`calendarDate`,`shiftID`) VALUES (110,'2018-12-05',1812050);
INSERT INTO `waitingShift` (`staffID`,`calendarDate`,`shiftID`) VALUES (110,'2018-12-05',1812051);
INSERT INTO `waitingShift` (`staffID`,`calendarDate`,`shiftID`) VALUES (110,'2018-12-06',1812060);
INSERT INTO `waitingShift` (`staffID`,`calendarDate`,`shiftID`) VALUES (110,'2018-12-06',1812061);
INSERT INTO `waitingShift` (`staffID`,`calendarDate`,`shiftID`) VALUES (110,'2018-12-07',1812070);
INSERT INTO `waitingShift` (`staffID`,`calendarDate`,`shiftID`) VALUES (110,'2018-12-07',1812071);
INSERT INTO `waitingShift` (`staffID`,`calendarDate`,`shiftID`) VALUES (110,'2018-12-08',1812080);
INSERT INTO `waitingShift` (`staffID`,`calendarDate`,`shiftID`) VALUES (110,'2018-12-08',1812081);
INSERT INTO `waitingShift` (`staffID`,`calendarDate`,`shiftID`) VALUES (110,'2018-12-09',1812090);
INSERT INTO `waitingShift` (`staffID`,`calendarDate`,`shiftID`) VALUES (110,'2018-12-09',1812091);
INSERT INTO `waitingShift` (`staffID`,`calendarDate`,`shiftID`) VALUES (110,'2018-12-11',1812110);
INSERT INTO `waitingShift` (`staffID`,`calendarDate`,`shiftID`) VALUES (110,'2018-12-11',1812111);
INSERT INTO `waitingShift` (`staffID`,`calendarDate`,`shiftID`) VALUES (110,'2018-12-12',1812120);
INSERT INTO `waitingShift` (`staffID`,`calendarDate`,`shiftID`) VALUES (110,'2018-12-12',1812121);
INSERT INTO `waitingShift` (`staffID`,`calendarDate`,`shiftID`) VALUES (110,'2018-12-13',1812130);
INSERT INTO `waitingShift` (`staffID`,`calendarDate`,`shiftID`) VALUES (110,'2018-12-13',1812131);
INSERT INTO `waitingShift` (`staffID`,`calendarDate`,`shiftID`) VALUES (110,'2018-12-14',1812140);
INSERT INTO `waitingShift` (`staffID`,`calendarDate`,`shiftID`) VALUES (110,'2018-12-14',1812141);
INSERT INTO `waitingShift` (`staffID`,`calendarDate`,`shiftID`) VALUES (110,'2018-12-15',1812150);
INSERT INTO `waitingShift` (`staffID`,`calendarDate`,`shiftID`) VALUES (110,'2018-12-15',1812151);
INSERT INTO `waitingShift` (`staffID`,`calendarDate`,`shiftID`) VALUES (110,'2018-12-16',1812160);
INSERT INTO `waitingShift` (`staffID`,`calendarDate`,`shiftID`) VALUES (110,'2018-12-16',1812161);
INSERT INTO `waitingShift` (`staffID`,`calendarDate`,`shiftID`) VALUES (110,'2018-12-18',1812180);
INSERT INTO `waitingShift` (`staffID`,`calendarDate`,`shiftID`) VALUES (110,'2018-12-18',1812181);
INSERT INTO `waitingShift` (`staffID`,`calendarDate`,`shiftID`) VALUES (110,'2018-12-19',1812190);
INSERT INTO `waitingShift` (`staffID`,`calendarDate`,`shiftID`) VALUES (110,'2018-12-19',1812191);
INSERT INTO `waitingShift` (`staffID`,`calendarDate`,`shiftID`) VALUES (110,'2018-12-20',1812200);
INSERT INTO `waitingShift` (`staffID`,`calendarDate`,`shiftID`) VALUES (110,'2018-12-20',1812201);
INSERT INTO `waitingShift` (`staffID`,`calendarDate`,`shiftID`) VALUES (110,'2018-12-21',1812210);
INSERT INTO `waitingShift` (`staffID`,`calendarDate`,`shiftID`) VALUES (110,'2018-12-21',1812211);
INSERT INTO `waitingShift` (`staffID`,`calendarDate`,`shiftID`) VALUES (110,'2018-12-22',1812220);
INSERT INTO `waitingShift` (`staffID`,`calendarDate`,`shiftID`) VALUES (110,'2018-12-22',1812221);
INSERT INTO `waitingShift` (`staffID`,`calendarDate`,`shiftID`) VALUES (110,'2018-12-23',1812230);
INSERT INTO `waitingShift` (`staffID`,`calendarDate`,`shiftID`) VALUES (110,'2018-12-23',1812231);
INSERT INTO `waitingShift` (`staffID`,`calendarDate`,`shiftID`) VALUES (110,'2018-12-26',1812260);
INSERT INTO `waitingShift` (`staffID`,`calendarDate`,`shiftID`) VALUES (110,'2018-12-26',1812261);
INSERT INTO `waitingShift` (`staffID`,`calendarDate`,`shiftID`) VALUES (110,'2018-12-27',1812270);
INSERT INTO `waitingShift` (`staffID`,`calendarDate`,`shiftID`) VALUES (110,'2018-12-27',1812271);
INSERT INTO `waitingShift` (`staffID`,`calendarDate`,`shiftID`) VALUES (110,'2018-12-28',1812280);
INSERT INTO `waitingShift` (`staffID`,`calendarDate`,`shiftID`) VALUES (110,'2018-12-28',1812281);
INSERT INTO `waitingShift` (`staffID`,`calendarDate`,`shiftID`) VALUES (110,'2018-12-29',1812290);
INSERT INTO `waitingShift` (`staffID`,`calendarDate`,`shiftID`) VALUES (110,'2018-12-29',1812291);
INSERT INTO `waitingShift` (`staffID`,`calendarDate`,`shiftID`) VALUES (110,'2018-12-30',1812300);
INSERT INTO `waitingShift` (`staffID`,`calendarDate`,`shiftID`) VALUES (110,'2018-12-30',1812301);


/*
-- Query: SELECT * FROM cecs323sec07bg02.webOrder
LIMIT 0, 1000

-- Date: 2018-12-11 10:40
*/
INSERT INTO `webOrder` (`orderNumber`,`email`,`orderTime`,`customerID`) VALUES (75,' Brandon@gmail.com','18:25:30',20);
INSERT INTO `webOrder` (`orderNumber`,`email`,`orderTime`,`customerID`) VALUES (72,'aa1@csulb.edu','11:10:00',1);
INSERT INTO `webOrder` (`orderNumber`,`email`,`orderTime`,`customerID`) VALUES (8,'aa@csulb.edu','12:10:00',1);
INSERT INTO `webOrder` (`orderNumber`,`email`,`orderTime`,`customerID`) VALUES (76,'andrew@csulb.edu','11:20:30',23);
INSERT INTO `webOrder` (`orderNumber`,`email`,`orderTime`,`customerID`) VALUES (7,'andrewdelgado017@gmail.com','10:06:00',3);
INSERT INTO `webOrder` (`orderNumber`,`email`,`orderTime`,`customerID`) VALUES (77,'david@yahoo.edu','21:35:00',18);
INSERT INTO `webOrder` (`orderNumber`,`email`,`orderTime`,`customerID`) VALUES (74,'deep@csulb.edu','21:35:00',1);
INSERT INTO `webOrder` (`orderNumber`,`email`,`orderTime`,`customerID`) VALUES (73,'kishen@csulb.edu','11:20:30',22);


/*
-- Query: SELECT * FROM cecs323sec07bg02.workingEmployee
LIMIT 0, 1000

-- Date: 2018-12-11 10:41
*/
INSERT INTO `workingEmployee` (`staffID`,`calendarDate`,`shiftID`) VALUES (101,'2017-01-01',1701010);
INSERT INTO `workingEmployee` (`staffID`,`calendarDate`,`shiftID`) VALUES (102,'2017-01-01',1701010);
INSERT INTO `workingEmployee` (`staffID`,`calendarDate`,`shiftID`) VALUES (103,'2017-01-01',1701010);
INSERT INTO `workingEmployee` (`staffID`,`calendarDate`,`shiftID`) VALUES (104,'2017-01-01',1701010);
INSERT INTO `workingEmployee` (`staffID`,`calendarDate`,`shiftID`) VALUES (105,'2017-01-01',1701010);
INSERT INTO `workingEmployee` (`staffID`,`calendarDate`,`shiftID`) VALUES (106,'2017-01-01',1701010);
INSERT INTO `workingEmployee` (`staffID`,`calendarDate`,`shiftID`) VALUES (107,'2017-01-01',1701010);
INSERT INTO `workingEmployee` (`staffID`,`calendarDate`,`shiftID`) VALUES (108,'2017-01-01',1701010);
INSERT INTO `workingEmployee` (`staffID`,`calendarDate`,`shiftID`) VALUES (109,'2017-01-01',1701010);
INSERT INTO `workingEmployee` (`staffID`,`calendarDate`,`shiftID`) VALUES (110,'2017-01-01',1701010);
INSERT INTO `workingEmployee` (`staffID`,`calendarDate`,`shiftID`) VALUES (111,'2017-01-01',1701010);
INSERT INTO `workingEmployee` (`staffID`,`calendarDate`,`shiftID`) VALUES (112,'2017-01-01',1701010);
INSERT INTO `workingEmployee` (`staffID`,`calendarDate`,`shiftID`) VALUES (113,'2017-01-01',1701010);
INSERT INTO `workingEmployee` (`staffID`,`calendarDate`,`shiftID`) VALUES (101,'2017-01-01',1701011);
INSERT INTO `workingEmployee` (`staffID`,`calendarDate`,`shiftID`) VALUES (102,'2017-01-01',1701011);
INSERT INTO `workingEmployee` (`staffID`,`calendarDate`,`shiftID`) VALUES (103,'2017-01-01',1701011);
INSERT INTO `workingEmployee` (`staffID`,`calendarDate`,`shiftID`) VALUES (104,'2017-01-01',1701011);
INSERT INTO `workingEmployee` (`staffID`,`calendarDate`,`shiftID`) VALUES (105,'2017-01-01',1701011);
INSERT INTO `workingEmployee` (`staffID`,`calendarDate`,`shiftID`) VALUES (106,'2017-01-01',1701011);
INSERT INTO `workingEmployee` (`staffID`,`calendarDate`,`shiftID`) VALUES (107,'2017-01-01',1701011);
INSERT INTO `workingEmployee` (`staffID`,`calendarDate`,`shiftID`) VALUES (108,'2017-01-01',1701011);
INSERT INTO `workingEmployee` (`staffID`,`calendarDate`,`shiftID`) VALUES (109,'2017-01-01',1701011);
INSERT INTO `workingEmployee` (`staffID`,`calendarDate`,`shiftID`) VALUES (110,'2017-01-01',1701011);
INSERT INTO `workingEmployee` (`staffID`,`calendarDate`,`shiftID`) VALUES (111,'2017-01-01',1701011);
INSERT INTO `workingEmployee` (`staffID`,`calendarDate`,`shiftID`) VALUES (112,'2017-01-01',1701011);
INSERT INTO `workingEmployee` (`staffID`,`calendarDate`,`shiftID`) VALUES (113,'2017-01-01',1701011);
INSERT INTO `workingEmployee` (`staffID`,`calendarDate`,`shiftID`) VALUES (101,'2017-01-08',1701080);
INSERT INTO `workingEmployee` (`staffID`,`calendarDate`,`shiftID`) VALUES (102,'2017-01-08',1701080);
INSERT INTO `workingEmployee` (`staffID`,`calendarDate`,`shiftID`) VALUES (103,'2017-01-08',1701080);
INSERT INTO `workingEmployee` (`staffID`,`calendarDate`,`shiftID`) VALUES (104,'2017-01-08',1701080);
INSERT INTO `workingEmployee` (`staffID`,`calendarDate`,`shiftID`) VALUES (105,'2017-01-08',1701080);
INSERT INTO `workingEmployee` (`staffID`,`calendarDate`,`shiftID`) VALUES (106,'2017-01-08',1701080);
INSERT INTO `workingEmployee` (`staffID`,`calendarDate`,`shiftID`) VALUES (107,'2017-01-08',1701080);
INSERT INTO `workingEmployee` (`staffID`,`calendarDate`,`shiftID`) VALUES (108,'2017-01-08',1701080);
INSERT INTO `workingEmployee` (`staffID`,`calendarDate`,`shiftID`) VALUES (109,'2017-01-08',1701080);
INSERT INTO `workingEmployee` (`staffID`,`calendarDate`,`shiftID`) VALUES (110,'2017-01-08',1701080);
INSERT INTO `workingEmployee` (`staffID`,`calendarDate`,`shiftID`) VALUES (111,'2017-01-08',1701080);
INSERT INTO `workingEmployee` (`staffID`,`calendarDate`,`shiftID`) VALUES (112,'2017-01-08',1701080);
INSERT INTO `workingEmployee` (`staffID`,`calendarDate`,`shiftID`) VALUES (113,'2017-01-08',1701080);
INSERT INTO `workingEmployee` (`staffID`,`calendarDate`,`shiftID`) VALUES (101,'2017-01-08',1701081);
INSERT INTO `workingEmployee` (`staffID`,`calendarDate`,`shiftID`) VALUES (102,'2017-01-08',1701081);
INSERT INTO `workingEmployee` (`staffID`,`calendarDate`,`shiftID`) VALUES (103,'2017-01-08',1701081);
INSERT INTO `workingEmployee` (`staffID`,`calendarDate`,`shiftID`) VALUES (104,'2017-01-08',1701081);
INSERT INTO `workingEmployee` (`staffID`,`calendarDate`,`shiftID`) VALUES (105,'2017-01-08',1701081);
INSERT INTO `workingEmployee` (`staffID`,`calendarDate`,`shiftID`) VALUES (106,'2017-01-08',1701081);
INSERT INTO `workingEmployee` (`staffID`,`calendarDate`,`shiftID`) VALUES (107,'2017-01-08',1701081);
INSERT INTO `workingEmployee` (`staffID`,`calendarDate`,`shiftID`) VALUES (108,'2017-01-08',1701081);
INSERT INTO `workingEmployee` (`staffID`,`calendarDate`,`shiftID`) VALUES (109,'2017-01-08',1701081);
INSERT INTO `workingEmployee` (`staffID`,`calendarDate`,`shiftID`) VALUES (110,'2017-01-08',1701081);
INSERT INTO `workingEmployee` (`staffID`,`calendarDate`,`shiftID`) VALUES (111,'2017-01-08',1701081);
INSERT INTO `workingEmployee` (`staffID`,`calendarDate`,`shiftID`) VALUES (112,'2017-01-08',1701081);
INSERT INTO `workingEmployee` (`staffID`,`calendarDate`,`shiftID`) VALUES (113,'2017-01-08',1701081);
INSERT INTO `workingEmployee` (`staffID`,`calendarDate`,`shiftID`) VALUES (101,'2017-02-05',1702050);
INSERT INTO `workingEmployee` (`staffID`,`calendarDate`,`shiftID`) VALUES (102,'2017-02-05',1702050);
INSERT INTO `workingEmployee` (`staffID`,`calendarDate`,`shiftID`) VALUES (103,'2017-02-05',1702050);
INSERT INTO `workingEmployee` (`staffID`,`calendarDate`,`shiftID`) VALUES (104,'2017-02-05',1702050);
INSERT INTO `workingEmployee` (`staffID`,`calendarDate`,`shiftID`) VALUES (105,'2017-02-05',1702050);
INSERT INTO `workingEmployee` (`staffID`,`calendarDate`,`shiftID`) VALUES (106,'2017-02-05',1702050);
INSERT INTO `workingEmployee` (`staffID`,`calendarDate`,`shiftID`) VALUES (107,'2017-02-05',1702050);
INSERT INTO `workingEmployee` (`staffID`,`calendarDate`,`shiftID`) VALUES (108,'2017-02-05',1702050);
INSERT INTO `workingEmployee` (`staffID`,`calendarDate`,`shiftID`) VALUES (109,'2017-02-05',1702050);
INSERT INTO `workingEmployee` (`staffID`,`calendarDate`,`shiftID`) VALUES (110,'2017-02-05',1702050);
INSERT INTO `workingEmployee` (`staffID`,`calendarDate`,`shiftID`) VALUES (111,'2017-02-05',1702050);
INSERT INTO `workingEmployee` (`staffID`,`calendarDate`,`shiftID`) VALUES (112,'2017-02-05',1702050);
INSERT INTO `workingEmployee` (`staffID`,`calendarDate`,`shiftID`) VALUES (113,'2017-02-05',1702050);
INSERT INTO `workingEmployee` (`staffID`,`calendarDate`,`shiftID`) VALUES (101,'2017-02-05',1702051);
INSERT INTO `workingEmployee` (`staffID`,`calendarDate`,`shiftID`) VALUES (102,'2017-02-05',1702051);
INSERT INTO `workingEmployee` (`staffID`,`calendarDate`,`shiftID`) VALUES (103,'2017-02-05',1702051);
INSERT INTO `workingEmployee` (`staffID`,`calendarDate`,`shiftID`) VALUES (104,'2017-02-05',1702051);
INSERT INTO `workingEmployee` (`staffID`,`calendarDate`,`shiftID`) VALUES (105,'2017-02-05',1702051);
INSERT INTO `workingEmployee` (`staffID`,`calendarDate`,`shiftID`) VALUES (106,'2017-02-05',1702051);
INSERT INTO `workingEmployee` (`staffID`,`calendarDate`,`shiftID`) VALUES (107,'2017-02-05',1702051);
INSERT INTO `workingEmployee` (`staffID`,`calendarDate`,`shiftID`) VALUES (108,'2017-02-05',1702051);
INSERT INTO `workingEmployee` (`staffID`,`calendarDate`,`shiftID`) VALUES (109,'2017-02-05',1702051);
INSERT INTO `workingEmployee` (`staffID`,`calendarDate`,`shiftID`) VALUES (110,'2017-02-05',1702051);
INSERT INTO `workingEmployee` (`staffID`,`calendarDate`,`shiftID`) VALUES (111,'2017-02-05',1702051);
INSERT INTO `workingEmployee` (`staffID`,`calendarDate`,`shiftID`) VALUES (112,'2017-02-05',1702051);
INSERT INTO `workingEmployee` (`staffID`,`calendarDate`,`shiftID`) VALUES (113,'2017-02-05',1702051);
INSERT INTO `workingEmployee` (`staffID`,`calendarDate`,`shiftID`) VALUES (101,'2017-02-12',1702120);
INSERT INTO `workingEmployee` (`staffID`,`calendarDate`,`shiftID`) VALUES (102,'2017-02-12',1702120);
INSERT INTO `workingEmployee` (`staffID`,`calendarDate`,`shiftID`) VALUES (103,'2017-02-12',1702120);
INSERT INTO `workingEmployee` (`staffID`,`calendarDate`,`shiftID`) VALUES (104,'2017-02-12',1702120);
INSERT INTO `workingEmployee` (`staffID`,`calendarDate`,`shiftID`) VALUES (105,'2017-02-12',1702120);
INSERT INTO `workingEmployee` (`staffID`,`calendarDate`,`shiftID`) VALUES (106,'2017-02-12',1702120);
INSERT INTO `workingEmployee` (`staffID`,`calendarDate`,`shiftID`) VALUES (107,'2017-02-12',1702120);
INSERT INTO `workingEmployee` (`staffID`,`calendarDate`,`shiftID`) VALUES (108,'2017-02-12',1702120);
INSERT INTO `workingEmployee` (`staffID`,`calendarDate`,`shiftID`) VALUES (109,'2017-02-12',1702120);
INSERT INTO `workingEmployee` (`staffID`,`calendarDate`,`shiftID`) VALUES (110,'2017-02-12',1702120);
INSERT INTO `workingEmployee` (`staffID`,`calendarDate`,`shiftID`) VALUES (111,'2017-02-12',1702120);
INSERT INTO `workingEmployee` (`staffID`,`calendarDate`,`shiftID`) VALUES (112,'2017-02-12',1702120);
INSERT INTO `workingEmployee` (`staffID`,`calendarDate`,`shiftID`) VALUES (113,'2017-02-12',1702120);
INSERT INTO `workingEmployee` (`staffID`,`calendarDate`,`shiftID`) VALUES (101,'2017-02-12',1702121);
INSERT INTO `workingEmployee` (`staffID`,`calendarDate`,`shiftID`) VALUES (102,'2017-02-12',1702121);
INSERT INTO `workingEmployee` (`staffID`,`calendarDate`,`shiftID`) VALUES (103,'2017-02-12',1702121);
INSERT INTO `workingEmployee` (`staffID`,`calendarDate`,`shiftID`) VALUES (104,'2017-02-12',1702121);
INSERT INTO `workingEmployee` (`staffID`,`calendarDate`,`shiftID`) VALUES (105,'2017-02-12',1702121);
INSERT INTO `workingEmployee` (`staffID`,`calendarDate`,`shiftID`) VALUES (106,'2017-02-12',1702121);
INSERT INTO `workingEmployee` (`staffID`,`calendarDate`,`shiftID`) VALUES (107,'2017-02-12',1702121);
INSERT INTO `workingEmployee` (`staffID`,`calendarDate`,`shiftID`) VALUES (108,'2017-02-12',1702121);
INSERT INTO `workingEmployee` (`staffID`,`calendarDate`,`shiftID`) VALUES (109,'2017-02-12',1702121);
INSERT INTO `workingEmployee` (`staffID`,`calendarDate`,`shiftID`) VALUES (110,'2017-02-12',1702121);
INSERT INTO `workingEmployee` (`staffID`,`calendarDate`,`shiftID`) VALUES (111,'2017-02-12',1702121);
INSERT INTO `workingEmployee` (`staffID`,`calendarDate`,`shiftID`) VALUES (112,'2017-02-12',1702121);
INSERT INTO `workingEmployee` (`staffID`,`calendarDate`,`shiftID`) VALUES (113,'2017-02-12',1702121);
INSERT INTO `workingEmployee` (`staffID`,`calendarDate`,`shiftID`) VALUES (101,'2017-03-05',1703050);
INSERT INTO `workingEmployee` (`staffID`,`calendarDate`,`shiftID`) VALUES (102,'2017-03-05',1703050);
INSERT INTO `workingEmployee` (`staffID`,`calendarDate`,`shiftID`) VALUES (103,'2017-03-05',1703050);
INSERT INTO `workingEmployee` (`staffID`,`calendarDate`,`shiftID`) VALUES (104,'2017-03-05',1703050);
INSERT INTO `workingEmployee` (`staffID`,`calendarDate`,`shiftID`) VALUES (105,'2017-03-05',1703050);
INSERT INTO `workingEmployee` (`staffID`,`calendarDate`,`shiftID`) VALUES (106,'2017-03-05',1703050);
INSERT INTO `workingEmployee` (`staffID`,`calendarDate`,`shiftID`) VALUES (107,'2017-03-05',1703050);
INSERT INTO `workingEmployee` (`staffID`,`calendarDate`,`shiftID`) VALUES (108,'2017-03-05',1703050);
INSERT INTO `workingEmployee` (`staffID`,`calendarDate`,`shiftID`) VALUES (109,'2017-03-05',1703050);
INSERT INTO `workingEmployee` (`staffID`,`calendarDate`,`shiftID`) VALUES (110,'2017-03-05',1703050);
INSERT INTO `workingEmployee` (`staffID`,`calendarDate`,`shiftID`) VALUES (111,'2017-03-05',1703050);
INSERT INTO `workingEmployee` (`staffID`,`calendarDate`,`shiftID`) VALUES (112,'2017-03-05',1703050);
INSERT INTO `workingEmployee` (`staffID`,`calendarDate`,`shiftID`) VALUES (113,'2017-03-05',1703050);
INSERT INTO `workingEmployee` (`staffID`,`calendarDate`,`shiftID`) VALUES (101,'2017-03-05',1703051);
INSERT INTO `workingEmployee` (`staffID`,`calendarDate`,`shiftID`) VALUES (102,'2017-03-05',1703051);
INSERT INTO `workingEmployee` (`staffID`,`calendarDate`,`shiftID`) VALUES (103,'2017-03-05',1703051);
INSERT INTO `workingEmployee` (`staffID`,`calendarDate`,`shiftID`) VALUES (104,'2017-03-05',1703051);
INSERT INTO `workingEmployee` (`staffID`,`calendarDate`,`shiftID`) VALUES (105,'2017-03-05',1703051);
INSERT INTO `workingEmployee` (`staffID`,`calendarDate`,`shiftID`) VALUES (106,'2017-03-05',1703051);
INSERT INTO `workingEmployee` (`staffID`,`calendarDate`,`shiftID`) VALUES (107,'2017-03-05',1703051);
INSERT INTO `workingEmployee` (`staffID`,`calendarDate`,`shiftID`) VALUES (108,'2017-03-05',1703051);
INSERT INTO `workingEmployee` (`staffID`,`calendarDate`,`shiftID`) VALUES (109,'2017-03-05',1703051);
INSERT INTO `workingEmployee` (`staffID`,`calendarDate`,`shiftID`) VALUES (110,'2017-03-05',1703051);
INSERT INTO `workingEmployee` (`staffID`,`calendarDate`,`shiftID`) VALUES (111,'2017-03-05',1703051);
INSERT INTO `workingEmployee` (`staffID`,`calendarDate`,`shiftID`) VALUES (112,'2017-03-05',1703051);
INSERT INTO `workingEmployee` (`staffID`,`calendarDate`,`shiftID`) VALUES (113,'2017-03-05',1703051);
INSERT INTO `workingEmployee` (`staffID`,`calendarDate`,`shiftID`) VALUES (101,'2017-03-12',1703120);
INSERT INTO `workingEmployee` (`staffID`,`calendarDate`,`shiftID`) VALUES (102,'2017-03-12',1703120);
INSERT INTO `workingEmployee` (`staffID`,`calendarDate`,`shiftID`) VALUES (103,'2017-03-12',1703120);
INSERT INTO `workingEmployee` (`staffID`,`calendarDate`,`shiftID`) VALUES (104,'2017-03-12',1703120);
INSERT INTO `workingEmployee` (`staffID`,`calendarDate`,`shiftID`) VALUES (105,'2017-03-12',1703120);
INSERT INTO `workingEmployee` (`staffID`,`calendarDate`,`shiftID`) VALUES (106,'2017-03-12',1703120);
INSERT INTO `workingEmployee` (`staffID`,`calendarDate`,`shiftID`) VALUES (107,'2017-03-12',1703120);
INSERT INTO `workingEmployee` (`staffID`,`calendarDate`,`shiftID`) VALUES (108,'2017-03-12',1703120);
INSERT INTO `workingEmployee` (`staffID`,`calendarDate`,`shiftID`) VALUES (109,'2017-03-12',1703120);
INSERT INTO `workingEmployee` (`staffID`,`calendarDate`,`shiftID`) VALUES (110,'2017-03-12',1703120);
INSERT INTO `workingEmployee` (`staffID`,`calendarDate`,`shiftID`) VALUES (111,'2017-03-12',1703120);
INSERT INTO `workingEmployee` (`staffID`,`calendarDate`,`shiftID`) VALUES (112,'2017-03-12',1703120);
INSERT INTO `workingEmployee` (`staffID`,`calendarDate`,`shiftID`) VALUES (113,'2017-03-12',1703120);
INSERT INTO `workingEmployee` (`staffID`,`calendarDate`,`shiftID`) VALUES (101,'2017-03-12',1703121);
INSERT INTO `workingEmployee` (`staffID`,`calendarDate`,`shiftID`) VALUES (102,'2017-03-12',1703121);
INSERT INTO `workingEmployee` (`staffID`,`calendarDate`,`shiftID`) VALUES (103,'2017-03-12',1703121);
INSERT INTO `workingEmployee` (`staffID`,`calendarDate`,`shiftID`) VALUES (104,'2017-03-12',1703121);
INSERT INTO `workingEmployee` (`staffID`,`calendarDate`,`shiftID`) VALUES (105,'2017-03-12',1703121);
INSERT INTO `workingEmployee` (`staffID`,`calendarDate`,`shiftID`) VALUES (106,'2017-03-12',1703121);
INSERT INTO `workingEmployee` (`staffID`,`calendarDate`,`shiftID`) VALUES (107,'2017-03-12',1703121);
INSERT INTO `workingEmployee` (`staffID`,`calendarDate`,`shiftID`) VALUES (108,'2017-03-12',1703121);
INSERT INTO `workingEmployee` (`staffID`,`calendarDate`,`shiftID`) VALUES (109,'2017-03-12',1703121);
INSERT INTO `workingEmployee` (`staffID`,`calendarDate`,`shiftID`) VALUES (110,'2017-03-12',1703121);
INSERT INTO `workingEmployee` (`staffID`,`calendarDate`,`shiftID`) VALUES (111,'2017-03-12',1703121);
INSERT INTO `workingEmployee` (`staffID`,`calendarDate`,`shiftID`) VALUES (112,'2017-03-12',1703121);
INSERT INTO `workingEmployee` (`staffID`,`calendarDate`,`shiftID`) VALUES (113,'2017-03-12',1703121);
INSERT INTO `workingEmployee` (`staffID`,`calendarDate`,`shiftID`) VALUES (101,'2017-04-02',1704020);
INSERT INTO `workingEmployee` (`staffID`,`calendarDate`,`shiftID`) VALUES (102,'2017-04-02',1704020);
INSERT INTO `workingEmployee` (`staffID`,`calendarDate`,`shiftID`) VALUES (103,'2017-04-02',1704020);
INSERT INTO `workingEmployee` (`staffID`,`calendarDate`,`shiftID`) VALUES (104,'2017-04-02',1704020);
INSERT INTO `workingEmployee` (`staffID`,`calendarDate`,`shiftID`) VALUES (105,'2017-04-02',1704020);
INSERT INTO `workingEmployee` (`staffID`,`calendarDate`,`shiftID`) VALUES (106,'2017-04-02',1704020);
INSERT INTO `workingEmployee` (`staffID`,`calendarDate`,`shiftID`) VALUES (107,'2017-04-02',1704020);
INSERT INTO `workingEmployee` (`staffID`,`calendarDate`,`shiftID`) VALUES (108,'2017-04-02',1704020);
INSERT INTO `workingEmployee` (`staffID`,`calendarDate`,`shiftID`) VALUES (109,'2017-04-02',1704020);
INSERT INTO `workingEmployee` (`staffID`,`calendarDate`,`shiftID`) VALUES (110,'2017-04-02',1704020);
INSERT INTO `workingEmployee` (`staffID`,`calendarDate`,`shiftID`) VALUES (111,'2017-04-02',1704020);
INSERT INTO `workingEmployee` (`staffID`,`calendarDate`,`shiftID`) VALUES (112,'2017-04-02',1704020);
INSERT INTO `workingEmployee` (`staffID`,`calendarDate`,`shiftID`) VALUES (113,'2017-04-02',1704020);
INSERT INTO `workingEmployee` (`staffID`,`calendarDate`,`shiftID`) VALUES (101,'2017-04-02',1704021);
INSERT INTO `workingEmployee` (`staffID`,`calendarDate`,`shiftID`) VALUES (102,'2017-04-02',1704021);
INSERT INTO `workingEmployee` (`staffID`,`calendarDate`,`shiftID`) VALUES (103,'2017-04-02',1704021);
INSERT INTO `workingEmployee` (`staffID`,`calendarDate`,`shiftID`) VALUES (104,'2017-04-02',1704021);
INSERT INTO `workingEmployee` (`staffID`,`calendarDate`,`shiftID`) VALUES (105,'2017-04-02',1704021);
INSERT INTO `workingEmployee` (`staffID`,`calendarDate`,`shiftID`) VALUES (106,'2017-04-02',1704021);
INSERT INTO `workingEmployee` (`staffID`,`calendarDate`,`shiftID`) VALUES (107,'2017-04-02',1704021);
INSERT INTO `workingEmployee` (`staffID`,`calendarDate`,`shiftID`) VALUES (108,'2017-04-02',1704021);
INSERT INTO `workingEmployee` (`staffID`,`calendarDate`,`shiftID`) VALUES (109,'2017-04-02',1704021);
INSERT INTO `workingEmployee` (`staffID`,`calendarDate`,`shiftID`) VALUES (110,'2017-04-02',1704021);
INSERT INTO `workingEmployee` (`staffID`,`calendarDate`,`shiftID`) VALUES (111,'2017-04-02',1704021);
INSERT INTO `workingEmployee` (`staffID`,`calendarDate`,`shiftID`) VALUES (112,'2017-04-02',1704021);
INSERT INTO `workingEmployee` (`staffID`,`calendarDate`,`shiftID`) VALUES (113,'2017-04-02',1704021);
INSERT INTO `workingEmployee` (`staffID`,`calendarDate`,`shiftID`) VALUES (101,'2017-04-09',1704090);
INSERT INTO `workingEmployee` (`staffID`,`calendarDate`,`shiftID`) VALUES (102,'2017-04-09',1704090);
INSERT INTO `workingEmployee` (`staffID`,`calendarDate`,`shiftID`) VALUES (103,'2017-04-09',1704090);
INSERT INTO `workingEmployee` (`staffID`,`calendarDate`,`shiftID`) VALUES (104,'2017-04-09',1704090);
INSERT INTO `workingEmployee` (`staffID`,`calendarDate`,`shiftID`) VALUES (105,'2017-04-09',1704090);
INSERT INTO `workingEmployee` (`staffID`,`calendarDate`,`shiftID`) VALUES (106,'2017-04-09',1704090);
INSERT INTO `workingEmployee` (`staffID`,`calendarDate`,`shiftID`) VALUES (107,'2017-04-09',1704090);
INSERT INTO `workingEmployee` (`staffID`,`calendarDate`,`shiftID`) VALUES (108,'2017-04-09',1704090);
INSERT INTO `workingEmployee` (`staffID`,`calendarDate`,`shiftID`) VALUES (109,'2017-04-09',1704090);
INSERT INTO `workingEmployee` (`staffID`,`calendarDate`,`shiftID`) VALUES (110,'2017-04-09',1704090);
INSERT INTO `workingEmployee` (`staffID`,`calendarDate`,`shiftID`) VALUES (111,'2017-04-09',1704090);
INSERT INTO `workingEmployee` (`staffID`,`calendarDate`,`shiftID`) VALUES (112,'2017-04-09',1704090);
INSERT INTO `workingEmployee` (`staffID`,`calendarDate`,`shiftID`) VALUES (113,'2017-04-09',1704090);
INSERT INTO `workingEmployee` (`staffID`,`calendarDate`,`shiftID`) VALUES (101,'2017-04-09',1704091);
INSERT INTO `workingEmployee` (`staffID`,`calendarDate`,`shiftID`) VALUES (102,'2017-04-09',1704091);
INSERT INTO `workingEmployee` (`staffID`,`calendarDate`,`shiftID`) VALUES (103,'2017-04-09',1704091);
INSERT INTO `workingEmployee` (`staffID`,`calendarDate`,`shiftID`) VALUES (104,'2017-04-09',1704091);
INSERT INTO `workingEmployee` (`staffID`,`calendarDate`,`shiftID`) VALUES (105,'2017-04-09',1704091);
INSERT INTO `workingEmployee` (`staffID`,`calendarDate`,`shiftID`) VALUES (106,'2017-04-09',1704091);
INSERT INTO `workingEmployee` (`staffID`,`calendarDate`,`shiftID`) VALUES (107,'2017-04-09',1704091);
INSERT INTO `workingEmployee` (`staffID`,`calendarDate`,`shiftID`) VALUES (108,'2017-04-09',1704091);
INSERT INTO `workingEmployee` (`staffID`,`calendarDate`,`shiftID`) VALUES (109,'2017-04-09',1704091);
INSERT INTO `workingEmployee` (`staffID`,`calendarDate`,`shiftID`) VALUES (110,'2017-04-09',1704091);
INSERT INTO `workingEmployee` (`staffID`,`calendarDate`,`shiftID`) VALUES (111,'2017-04-09',1704091);
INSERT INTO `workingEmployee` (`staffID`,`calendarDate`,`shiftID`) VALUES (112,'2017-04-09',1704091);
INSERT INTO `workingEmployee` (`staffID`,`calendarDate`,`shiftID`) VALUES (113,'2017-04-09',1704091);
INSERT INTO `workingEmployee` (`staffID`,`calendarDate`,`shiftID`) VALUES (101,'2017-05-07',1705070);
INSERT INTO `workingEmployee` (`staffID`,`calendarDate`,`shiftID`) VALUES (102,'2017-05-07',1705070);
INSERT INTO `workingEmployee` (`staffID`,`calendarDate`,`shiftID`) VALUES (103,'2017-05-07',1705070);
INSERT INTO `workingEmployee` (`staffID`,`calendarDate`,`shiftID`) VALUES (104,'2017-05-07',1705070);
INSERT INTO `workingEmployee` (`staffID`,`calendarDate`,`shiftID`) VALUES (105,'2017-05-07',1705070);
INSERT INTO `workingEmployee` (`staffID`,`calendarDate`,`shiftID`) VALUES (106,'2017-05-07',1705070);
INSERT INTO `workingEmployee` (`staffID`,`calendarDate`,`shiftID`) VALUES (107,'2017-05-07',1705070);
INSERT INTO `workingEmployee` (`staffID`,`calendarDate`,`shiftID`) VALUES (108,'2017-05-07',1705070);
INSERT INTO `workingEmployee` (`staffID`,`calendarDate`,`shiftID`) VALUES (109,'2017-05-07',1705070);
INSERT INTO `workingEmployee` (`staffID`,`calendarDate`,`shiftID`) VALUES (110,'2017-05-07',1705070);
INSERT INTO `workingEmployee` (`staffID`,`calendarDate`,`shiftID`) VALUES (111,'2017-05-07',1705070);
INSERT INTO `workingEmployee` (`staffID`,`calendarDate`,`shiftID`) VALUES (112,'2017-05-07',1705070);
INSERT INTO `workingEmployee` (`staffID`,`calendarDate`,`shiftID`) VALUES (113,'2017-05-07',1705070);
INSERT INTO `workingEmployee` (`staffID`,`calendarDate`,`shiftID`) VALUES (101,'2017-05-07',1705071);
INSERT INTO `workingEmployee` (`staffID`,`calendarDate`,`shiftID`) VALUES (102,'2017-05-07',1705071);
INSERT INTO `workingEmployee` (`staffID`,`calendarDate`,`shiftID`) VALUES (103,'2017-05-07',1705071);
INSERT INTO `workingEmployee` (`staffID`,`calendarDate`,`shiftID`) VALUES (104,'2017-05-07',1705071);
INSERT INTO `workingEmployee` (`staffID`,`calendarDate`,`shiftID`) VALUES (105,'2017-05-07',1705071);
INSERT INTO `workingEmployee` (`staffID`,`calendarDate`,`shiftID`) VALUES (106,'2017-05-07',1705071);
INSERT INTO `workingEmployee` (`staffID`,`calendarDate`,`shiftID`) VALUES (107,'2017-05-07',1705071);
INSERT INTO `workingEmployee` (`staffID`,`calendarDate`,`shiftID`) VALUES (108,'2017-05-07',1705071);
INSERT INTO `workingEmployee` (`staffID`,`calendarDate`,`shiftID`) VALUES (109,'2017-05-07',1705071);
INSERT INTO `workingEmployee` (`staffID`,`calendarDate`,`shiftID`) VALUES (110,'2017-05-07',1705071);
INSERT INTO `workingEmployee` (`staffID`,`calendarDate`,`shiftID`) VALUES (111,'2017-05-07',1705071);
INSERT INTO `workingEmployee` (`staffID`,`calendarDate`,`shiftID`) VALUES (112,'2017-05-07',1705071);
INSERT INTO `workingEmployee` (`staffID`,`calendarDate`,`shiftID`) VALUES (113,'2017-05-07',1705071);
INSERT INTO `workingEmployee` (`staffID`,`calendarDate`,`shiftID`) VALUES (101,'2017-05-14',1705140);
INSERT INTO `workingEmployee` (`staffID`,`calendarDate`,`shiftID`) VALUES (102,'2017-05-14',1705140);
INSERT INTO `workingEmployee` (`staffID`,`calendarDate`,`shiftID`) VALUES (103,'2017-05-14',1705140);
INSERT INTO `workingEmployee` (`staffID`,`calendarDate`,`shiftID`) VALUES (104,'2017-05-14',1705140);
INSERT INTO `workingEmployee` (`staffID`,`calendarDate`,`shiftID`) VALUES (105,'2017-05-14',1705140);
INSERT INTO `workingEmployee` (`staffID`,`calendarDate`,`shiftID`) VALUES (106,'2017-05-14',1705140);
INSERT INTO `workingEmployee` (`staffID`,`calendarDate`,`shiftID`) VALUES (107,'2017-05-14',1705140);
INSERT INTO `workingEmployee` (`staffID`,`calendarDate`,`shiftID`) VALUES (108,'2017-05-14',1705140);
INSERT INTO `workingEmployee` (`staffID`,`calendarDate`,`shiftID`) VALUES (109,'2017-05-14',1705140);
INSERT INTO `workingEmployee` (`staffID`,`calendarDate`,`shiftID`) VALUES (110,'2017-05-14',1705140);
INSERT INTO `workingEmployee` (`staffID`,`calendarDate`,`shiftID`) VALUES (111,'2017-05-14',1705140);
INSERT INTO `workingEmployee` (`staffID`,`calendarDate`,`shiftID`) VALUES (112,'2017-05-14',1705140);
INSERT INTO `workingEmployee` (`staffID`,`calendarDate`,`shiftID`) VALUES (113,'2017-05-14',1705140);
INSERT INTO `workingEmployee` (`staffID`,`calendarDate`,`shiftID`) VALUES (101,'2017-05-14',1705141);
INSERT INTO `workingEmployee` (`staffID`,`calendarDate`,`shiftID`) VALUES (102,'2017-05-14',1705141);
INSERT INTO `workingEmployee` (`staffID`,`calendarDate`,`shiftID`) VALUES (103,'2017-05-14',1705141);
INSERT INTO `workingEmployee` (`staffID`,`calendarDate`,`shiftID`) VALUES (104,'2017-05-14',1705141);
INSERT INTO `workingEmployee` (`staffID`,`calendarDate`,`shiftID`) VALUES (105,'2017-05-14',1705141);
INSERT INTO `workingEmployee` (`staffID`,`calendarDate`,`shiftID`) VALUES (106,'2017-05-14',1705141);
INSERT INTO `workingEmployee` (`staffID`,`calendarDate`,`shiftID`) VALUES (107,'2017-05-14',1705141);
INSERT INTO `workingEmployee` (`staffID`,`calendarDate`,`shiftID`) VALUES (108,'2017-05-14',1705141);
INSERT INTO `workingEmployee` (`staffID`,`calendarDate`,`shiftID`) VALUES (109,'2017-05-14',1705141);
INSERT INTO `workingEmployee` (`staffID`,`calendarDate`,`shiftID`) VALUES (110,'2017-05-14',1705141);
INSERT INTO `workingEmployee` (`staffID`,`calendarDate`,`shiftID`) VALUES (111,'2017-05-14',1705141);
INSERT INTO `workingEmployee` (`staffID`,`calendarDate`,`shiftID`) VALUES (112,'2017-05-14',1705141);
INSERT INTO `workingEmployee` (`staffID`,`calendarDate`,`shiftID`) VALUES (113,'2017-05-14',1705141);
INSERT INTO `workingEmployee` (`staffID`,`calendarDate`,`shiftID`) VALUES (101,'2017-06-04',1706040);
INSERT INTO `workingEmployee` (`staffID`,`calendarDate`,`shiftID`) VALUES (102,'2017-06-04',1706040);
INSERT INTO `workingEmployee` (`staffID`,`calendarDate`,`shiftID`) VALUES (103,'2017-06-04',1706040);
INSERT INTO `workingEmployee` (`staffID`,`calendarDate`,`shiftID`) VALUES (104,'2017-06-04',1706040);
INSERT INTO `workingEmployee` (`staffID`,`calendarDate`,`shiftID`) VALUES (105,'2017-06-04',1706040);
INSERT INTO `workingEmployee` (`staffID`,`calendarDate`,`shiftID`) VALUES (106,'2017-06-04',1706040);
INSERT INTO `workingEmployee` (`staffID`,`calendarDate`,`shiftID`) VALUES (107,'2017-06-04',1706040);
INSERT INTO `workingEmployee` (`staffID`,`calendarDate`,`shiftID`) VALUES (108,'2017-06-04',1706040);
INSERT INTO `workingEmployee` (`staffID`,`calendarDate`,`shiftID`) VALUES (109,'2017-06-04',1706040);
INSERT INTO `workingEmployee` (`staffID`,`calendarDate`,`shiftID`) VALUES (110,'2017-06-04',1706040);
INSERT INTO `workingEmployee` (`staffID`,`calendarDate`,`shiftID`) VALUES (111,'2017-06-04',1706040);
INSERT INTO `workingEmployee` (`staffID`,`calendarDate`,`shiftID`) VALUES (112,'2017-06-04',1706040);
INSERT INTO `workingEmployee` (`staffID`,`calendarDate`,`shiftID`) VALUES (113,'2017-06-04',1706040);
INSERT INTO `workingEmployee` (`staffID`,`calendarDate`,`shiftID`) VALUES (101,'2017-06-04',1706041);
INSERT INTO `workingEmployee` (`staffID`,`calendarDate`,`shiftID`) VALUES (102,'2017-06-04',1706041);
INSERT INTO `workingEmployee` (`staffID`,`calendarDate`,`shiftID`) VALUES (103,'2017-06-04',1706041);
INSERT INTO `workingEmployee` (`staffID`,`calendarDate`,`shiftID`) VALUES (104,'2017-06-04',1706041);
INSERT INTO `workingEmployee` (`staffID`,`calendarDate`,`shiftID`) VALUES (105,'2017-06-04',1706041);
INSERT INTO `workingEmployee` (`staffID`,`calendarDate`,`shiftID`) VALUES (106,'2017-06-04',1706041);
INSERT INTO `workingEmployee` (`staffID`,`calendarDate`,`shiftID`) VALUES (107,'2017-06-04',1706041);
INSERT INTO `workingEmployee` (`staffID`,`calendarDate`,`shiftID`) VALUES (108,'2017-06-04',1706041);
INSERT INTO `workingEmployee` (`staffID`,`calendarDate`,`shiftID`) VALUES (109,'2017-06-04',1706041);
INSERT INTO `workingEmployee` (`staffID`,`calendarDate`,`shiftID`) VALUES (110,'2017-06-04',1706041);
INSERT INTO `workingEmployee` (`staffID`,`calendarDate`,`shiftID`) VALUES (111,'2017-06-04',1706041);
INSERT INTO `workingEmployee` (`staffID`,`calendarDate`,`shiftID`) VALUES (112,'2017-06-04',1706041);
INSERT INTO `workingEmployee` (`staffID`,`calendarDate`,`shiftID`) VALUES (113,'2017-06-04',1706041);
INSERT INTO `workingEmployee` (`staffID`,`calendarDate`,`shiftID`) VALUES (101,'2017-06-11',1706110);
INSERT INTO `workingEmployee` (`staffID`,`calendarDate`,`shiftID`) VALUES (102,'2017-06-11',1706110);
INSERT INTO `workingEmployee` (`staffID`,`calendarDate`,`shiftID`) VALUES (103,'2017-06-11',1706110);
INSERT INTO `workingEmployee` (`staffID`,`calendarDate`,`shiftID`) VALUES (104,'2017-06-11',1706110);
INSERT INTO `workingEmployee` (`staffID`,`calendarDate`,`shiftID`) VALUES (105,'2017-06-11',1706110);
INSERT INTO `workingEmployee` (`staffID`,`calendarDate`,`shiftID`) VALUES (106,'2017-06-11',1706110);
INSERT INTO `workingEmployee` (`staffID`,`calendarDate`,`shiftID`) VALUES (107,'2017-06-11',1706110);
INSERT INTO `workingEmployee` (`staffID`,`calendarDate`,`shiftID`) VALUES (108,'2017-06-11',1706110);
INSERT INTO `workingEmployee` (`staffID`,`calendarDate`,`shiftID`) VALUES (109,'2017-06-11',1706110);
INSERT INTO `workingEmployee` (`staffID`,`calendarDate`,`shiftID`) VALUES (110,'2017-06-11',1706110);
INSERT INTO `workingEmployee` (`staffID`,`calendarDate`,`shiftID`) VALUES (111,'2017-06-11',1706110);
INSERT INTO `workingEmployee` (`staffID`,`calendarDate`,`shiftID`) VALUES (112,'2017-06-11',1706110);
INSERT INTO `workingEmployee` (`staffID`,`calendarDate`,`shiftID`) VALUES (113,'2017-06-11',1706110);
INSERT INTO `workingEmployee` (`staffID`,`calendarDate`,`shiftID`) VALUES (101,'2017-06-11',1706111);
INSERT INTO `workingEmployee` (`staffID`,`calendarDate`,`shiftID`) VALUES (102,'2017-06-11',1706111);
INSERT INTO `workingEmployee` (`staffID`,`calendarDate`,`shiftID`) VALUES (103,'2017-06-11',1706111);
INSERT INTO `workingEmployee` (`staffID`,`calendarDate`,`shiftID`) VALUES (104,'2017-06-11',1706111);
INSERT INTO `workingEmployee` (`staffID`,`calendarDate`,`shiftID`) VALUES (105,'2017-06-11',1706111);
INSERT INTO `workingEmployee` (`staffID`,`calendarDate`,`shiftID`) VALUES (106,'2017-06-11',1706111);
INSERT INTO `workingEmployee` (`staffID`,`calendarDate`,`shiftID`) VALUES (107,'2017-06-11',1706111);
INSERT INTO `workingEmployee` (`staffID`,`calendarDate`,`shiftID`) VALUES (108,'2017-06-11',1706111);
INSERT INTO `workingEmployee` (`staffID`,`calendarDate`,`shiftID`) VALUES (109,'2017-06-11',1706111);
INSERT INTO `workingEmployee` (`staffID`,`calendarDate`,`shiftID`) VALUES (110,'2017-06-11',1706111);
INSERT INTO `workingEmployee` (`staffID`,`calendarDate`,`shiftID`) VALUES (111,'2017-06-11',1706111);
INSERT INTO `workingEmployee` (`staffID`,`calendarDate`,`shiftID`) VALUES (112,'2017-06-11',1706111);
INSERT INTO `workingEmployee` (`staffID`,`calendarDate`,`shiftID`) VALUES (113,'2017-06-11',1706111);
INSERT INTO `workingEmployee` (`staffID`,`calendarDate`,`shiftID`) VALUES (101,'2017-07-02',1707020);
INSERT INTO `workingEmployee` (`staffID`,`calendarDate`,`shiftID`) VALUES (102,'2017-07-02',1707020);
INSERT INTO `workingEmployee` (`staffID`,`calendarDate`,`shiftID`) VALUES (103,'2017-07-02',1707020);
INSERT INTO `workingEmployee` (`staffID`,`calendarDate`,`shiftID`) VALUES (104,'2017-07-02',1707020);
INSERT INTO `workingEmployee` (`staffID`,`calendarDate`,`shiftID`) VALUES (105,'2017-07-02',1707020);
INSERT INTO `workingEmployee` (`staffID`,`calendarDate`,`shiftID`) VALUES (106,'2017-07-02',1707020);
INSERT INTO `workingEmployee` (`staffID`,`calendarDate`,`shiftID`) VALUES (107,'2017-07-02',1707020);
INSERT INTO `workingEmployee` (`staffID`,`calendarDate`,`shiftID`) VALUES (108,'2017-07-02',1707020);
INSERT INTO `workingEmployee` (`staffID`,`calendarDate`,`shiftID`) VALUES (109,'2017-07-02',1707020);
INSERT INTO `workingEmployee` (`staffID`,`calendarDate`,`shiftID`) VALUES (110,'2017-07-02',1707020);
INSERT INTO `workingEmployee` (`staffID`,`calendarDate`,`shiftID`) VALUES (111,'2017-07-02',1707020);
INSERT INTO `workingEmployee` (`staffID`,`calendarDate`,`shiftID`) VALUES (112,'2017-07-02',1707020);
INSERT INTO `workingEmployee` (`staffID`,`calendarDate`,`shiftID`) VALUES (113,'2017-07-02',1707020);
INSERT INTO `workingEmployee` (`staffID`,`calendarDate`,`shiftID`) VALUES (101,'2017-07-02',1707021);
INSERT INTO `workingEmployee` (`staffID`,`calendarDate`,`shiftID`) VALUES (102,'2017-07-02',1707021);
INSERT INTO `workingEmployee` (`staffID`,`calendarDate`,`shiftID`) VALUES (103,'2017-07-02',1707021);
INSERT INTO `workingEmployee` (`staffID`,`calendarDate`,`shiftID`) VALUES (104,'2017-07-02',1707021);
INSERT INTO `workingEmployee` (`staffID`,`calendarDate`,`shiftID`) VALUES (105,'2017-07-02',1707021);
INSERT INTO `workingEmployee` (`staffID`,`calendarDate`,`shiftID`) VALUES (106,'2017-07-02',1707021);
INSERT INTO `workingEmployee` (`staffID`,`calendarDate`,`shiftID`) VALUES (107,'2017-07-02',1707021);
INSERT INTO `workingEmployee` (`staffID`,`calendarDate`,`shiftID`) VALUES (108,'2017-07-02',1707021);
INSERT INTO `workingEmployee` (`staffID`,`calendarDate`,`shiftID`) VALUES (109,'2017-07-02',1707021);
INSERT INTO `workingEmployee` (`staffID`,`calendarDate`,`shiftID`) VALUES (110,'2017-07-02',1707021);
INSERT INTO `workingEmployee` (`staffID`,`calendarDate`,`shiftID`) VALUES (111,'2017-07-02',1707021);
INSERT INTO `workingEmployee` (`staffID`,`calendarDate`,`shiftID`) VALUES (112,'2017-07-02',1707021);
INSERT INTO `workingEmployee` (`staffID`,`calendarDate`,`shiftID`) VALUES (113,'2017-07-02',1707021);
INSERT INTO `workingEmployee` (`staffID`,`calendarDate`,`shiftID`) VALUES (101,'2017-07-09',1707090);
INSERT INTO `workingEmployee` (`staffID`,`calendarDate`,`shiftID`) VALUES (102,'2017-07-09',1707090);
INSERT INTO `workingEmployee` (`staffID`,`calendarDate`,`shiftID`) VALUES (103,'2017-07-09',1707090);
INSERT INTO `workingEmployee` (`staffID`,`calendarDate`,`shiftID`) VALUES (104,'2017-07-09',1707090);
INSERT INTO `workingEmployee` (`staffID`,`calendarDate`,`shiftID`) VALUES (105,'2017-07-09',1707090);
INSERT INTO `workingEmployee` (`staffID`,`calendarDate`,`shiftID`) VALUES (106,'2017-07-09',1707090);
INSERT INTO `workingEmployee` (`staffID`,`calendarDate`,`shiftID`) VALUES (107,'2017-07-09',1707090);
INSERT INTO `workingEmployee` (`staffID`,`calendarDate`,`shiftID`) VALUES (108,'2017-07-09',1707090);
INSERT INTO `workingEmployee` (`staffID`,`calendarDate`,`shiftID`) VALUES (109,'2017-07-09',1707090);
INSERT INTO `workingEmployee` (`staffID`,`calendarDate`,`shiftID`) VALUES (110,'2017-07-09',1707090);
INSERT INTO `workingEmployee` (`staffID`,`calendarDate`,`shiftID`) VALUES (111,'2017-07-09',1707090);
INSERT INTO `workingEmployee` (`staffID`,`calendarDate`,`shiftID`) VALUES (112,'2017-07-09',1707090);
INSERT INTO `workingEmployee` (`staffID`,`calendarDate`,`shiftID`) VALUES (113,'2017-07-09',1707090);
INSERT INTO `workingEmployee` (`staffID`,`calendarDate`,`shiftID`) VALUES (101,'2017-07-09',1707091);
INSERT INTO `workingEmployee` (`staffID`,`calendarDate`,`shiftID`) VALUES (102,'2017-07-09',1707091);
INSERT INTO `workingEmployee` (`staffID`,`calendarDate`,`shiftID`) VALUES (103,'2017-07-09',1707091);
INSERT INTO `workingEmployee` (`staffID`,`calendarDate`,`shiftID`) VALUES (104,'2017-07-09',1707091);
INSERT INTO `workingEmployee` (`staffID`,`calendarDate`,`shiftID`) VALUES (105,'2017-07-09',1707091);
INSERT INTO `workingEmployee` (`staffID`,`calendarDate`,`shiftID`) VALUES (106,'2017-07-09',1707091);
INSERT INTO `workingEmployee` (`staffID`,`calendarDate`,`shiftID`) VALUES (107,'2017-07-09',1707091);
INSERT INTO `workingEmployee` (`staffID`,`calendarDate`,`shiftID`) VALUES (108,'2017-07-09',1707091);
INSERT INTO `workingEmployee` (`staffID`,`calendarDate`,`shiftID`) VALUES (109,'2017-07-09',1707091);
INSERT INTO `workingEmployee` (`staffID`,`calendarDate`,`shiftID`) VALUES (110,'2017-07-09',1707091);
INSERT INTO `workingEmployee` (`staffID`,`calendarDate`,`shiftID`) VALUES (111,'2017-07-09',1707091);
INSERT INTO `workingEmployee` (`staffID`,`calendarDate`,`shiftID`) VALUES (112,'2017-07-09',1707091);
INSERT INTO `workingEmployee` (`staffID`,`calendarDate`,`shiftID`) VALUES (113,'2017-07-09',1707091);
INSERT INTO `workingEmployee` (`staffID`,`calendarDate`,`shiftID`) VALUES (101,'2017-08-06',1708060);
INSERT INTO `workingEmployee` (`staffID`,`calendarDate`,`shiftID`) VALUES (102,'2017-08-06',1708060);
INSERT INTO `workingEmployee` (`staffID`,`calendarDate`,`shiftID`) VALUES (103,'2017-08-06',1708060);
INSERT INTO `workingEmployee` (`staffID`,`calendarDate`,`shiftID`) VALUES (104,'2017-08-06',1708060);
INSERT INTO `workingEmployee` (`staffID`,`calendarDate`,`shiftID`) VALUES (105,'2017-08-06',1708060);
INSERT INTO `workingEmployee` (`staffID`,`calendarDate`,`shiftID`) VALUES (106,'2017-08-06',1708060);
INSERT INTO `workingEmployee` (`staffID`,`calendarDate`,`shiftID`) VALUES (107,'2017-08-06',1708060);
INSERT INTO `workingEmployee` (`staffID`,`calendarDate`,`shiftID`) VALUES (108,'2017-08-06',1708060);
INSERT INTO `workingEmployee` (`staffID`,`calendarDate`,`shiftID`) VALUES (109,'2017-08-06',1708060);
INSERT INTO `workingEmployee` (`staffID`,`calendarDate`,`shiftID`) VALUES (110,'2017-08-06',1708060);
INSERT INTO `workingEmployee` (`staffID`,`calendarDate`,`shiftID`) VALUES (111,'2017-08-06',1708060);
INSERT INTO `workingEmployee` (`staffID`,`calendarDate`,`shiftID`) VALUES (112,'2017-08-06',1708060);
INSERT INTO `workingEmployee` (`staffID`,`calendarDate`,`shiftID`) VALUES (113,'2017-08-06',1708060);
INSERT INTO `workingEmployee` (`staffID`,`calendarDate`,`shiftID`) VALUES (101,'2017-08-06',1708061);
INSERT INTO `workingEmployee` (`staffID`,`calendarDate`,`shiftID`) VALUES (102,'2017-08-06',1708061);
INSERT INTO `workingEmployee` (`staffID`,`calendarDate`,`shiftID`) VALUES (103,'2017-08-06',1708061);
INSERT INTO `workingEmployee` (`staffID`,`calendarDate`,`shiftID`) VALUES (104,'2017-08-06',1708061);
INSERT INTO `workingEmployee` (`staffID`,`calendarDate`,`shiftID`) VALUES (105,'2017-08-06',1708061);
INSERT INTO `workingEmployee` (`staffID`,`calendarDate`,`shiftID`) VALUES (106,'2017-08-06',1708061);
INSERT INTO `workingEmployee` (`staffID`,`calendarDate`,`shiftID`) VALUES (107,'2017-08-06',1708061);
INSERT INTO `workingEmployee` (`staffID`,`calendarDate`,`shiftID`) VALUES (108,'2017-08-06',1708061);
INSERT INTO `workingEmployee` (`staffID`,`calendarDate`,`shiftID`) VALUES (109,'2017-08-06',1708061);
INSERT INTO `workingEmployee` (`staffID`,`calendarDate`,`shiftID`) VALUES (110,'2017-08-06',1708061);
INSERT INTO `workingEmployee` (`staffID`,`calendarDate`,`shiftID`) VALUES (111,'2017-08-06',1708061);
INSERT INTO `workingEmployee` (`staffID`,`calendarDate`,`shiftID`) VALUES (112,'2017-08-06',1708061);
INSERT INTO `workingEmployee` (`staffID`,`calendarDate`,`shiftID`) VALUES (113,'2017-08-06',1708061);
INSERT INTO `workingEmployee` (`staffID`,`calendarDate`,`shiftID`) VALUES (101,'2017-08-13',1708130);
INSERT INTO `workingEmployee` (`staffID`,`calendarDate`,`shiftID`) VALUES (102,'2017-08-13',1708130);
INSERT INTO `workingEmployee` (`staffID`,`calendarDate`,`shiftID`) VALUES (103,'2017-08-13',1708130);
INSERT INTO `workingEmployee` (`staffID`,`calendarDate`,`shiftID`) VALUES (104,'2017-08-13',1708130);
INSERT INTO `workingEmployee` (`staffID`,`calendarDate`,`shiftID`) VALUES (105,'2017-08-13',1708130);
INSERT INTO `workingEmployee` (`staffID`,`calendarDate`,`shiftID`) VALUES (106,'2017-08-13',1708130);
INSERT INTO `workingEmployee` (`staffID`,`calendarDate`,`shiftID`) VALUES (107,'2017-08-13',1708130);
INSERT INTO `workingEmployee` (`staffID`,`calendarDate`,`shiftID`) VALUES (108,'2017-08-13',1708130);
INSERT INTO `workingEmployee` (`staffID`,`calendarDate`,`shiftID`) VALUES (109,'2017-08-13',1708130);
INSERT INTO `workingEmployee` (`staffID`,`calendarDate`,`shiftID`) VALUES (110,'2017-08-13',1708130);
INSERT INTO `workingEmployee` (`staffID`,`calendarDate`,`shiftID`) VALUES (111,'2017-08-13',1708130);
INSERT INTO `workingEmployee` (`staffID`,`calendarDate`,`shiftID`) VALUES (112,'2017-08-13',1708130);
INSERT INTO `workingEmployee` (`staffID`,`calendarDate`,`shiftID`) VALUES (113,'2017-08-13',1708130);
INSERT INTO `workingEmployee` (`staffID`,`calendarDate`,`shiftID`) VALUES (101,'2017-08-13',1708131);
INSERT INTO `workingEmployee` (`staffID`,`calendarDate`,`shiftID`) VALUES (102,'2017-08-13',1708131);
INSERT INTO `workingEmployee` (`staffID`,`calendarDate`,`shiftID`) VALUES (103,'2017-08-13',1708131);
INSERT INTO `workingEmployee` (`staffID`,`calendarDate`,`shiftID`) VALUES (104,'2017-08-13',1708131);
INSERT INTO `workingEmployee` (`staffID`,`calendarDate`,`shiftID`) VALUES (105,'2017-08-13',1708131);
INSERT INTO `workingEmployee` (`staffID`,`calendarDate`,`shiftID`) VALUES (106,'2017-08-13',1708131);
INSERT INTO `workingEmployee` (`staffID`,`calendarDate`,`shiftID`) VALUES (107,'2017-08-13',1708131);
INSERT INTO `workingEmployee` (`staffID`,`calendarDate`,`shiftID`) VALUES (108,'2017-08-13',1708131);
INSERT INTO `workingEmployee` (`staffID`,`calendarDate`,`shiftID`) VALUES (109,'2017-08-13',1708131);
INSERT INTO `workingEmployee` (`staffID`,`calendarDate`,`shiftID`) VALUES (110,'2017-08-13',1708131);
INSERT INTO `workingEmployee` (`staffID`,`calendarDate`,`shiftID`) VALUES (111,'2017-08-13',1708131);
INSERT INTO `workingEmployee` (`staffID`,`calendarDate`,`shiftID`) VALUES (112,'2017-08-13',1708131);
INSERT INTO `workingEmployee` (`staffID`,`calendarDate`,`shiftID`) VALUES (113,'2017-08-13',1708131);
INSERT INTO `workingEmployee` (`staffID`,`calendarDate`,`shiftID`) VALUES (101,'2017-09-03',1709030);
INSERT INTO `workingEmployee` (`staffID`,`calendarDate`,`shiftID`) VALUES (102,'2017-09-03',1709030);
INSERT INTO `workingEmployee` (`staffID`,`calendarDate`,`shiftID`) VALUES (103,'2017-09-03',1709030);
INSERT INTO `workingEmployee` (`staffID`,`calendarDate`,`shiftID`) VALUES (104,'2017-09-03',1709030);
INSERT INTO `workingEmployee` (`staffID`,`calendarDate`,`shiftID`) VALUES (105,'2017-09-03',1709030);
INSERT INTO `workingEmployee` (`staffID`,`calendarDate`,`shiftID`) VALUES (106,'2017-09-03',1709030);
INSERT INTO `workingEmployee` (`staffID`,`calendarDate`,`shiftID`) VALUES (107,'2017-09-03',1709030);
INSERT INTO `workingEmployee` (`staffID`,`calendarDate`,`shiftID`) VALUES (108,'2017-09-03',1709030);
INSERT INTO `workingEmployee` (`staffID`,`calendarDate`,`shiftID`) VALUES (109,'2017-09-03',1709030);
INSERT INTO `workingEmployee` (`staffID`,`calendarDate`,`shiftID`) VALUES (110,'2017-09-03',1709030);
INSERT INTO `workingEmployee` (`staffID`,`calendarDate`,`shiftID`) VALUES (111,'2017-09-03',1709030);
INSERT INTO `workingEmployee` (`staffID`,`calendarDate`,`shiftID`) VALUES (112,'2017-09-03',1709030);
INSERT INTO `workingEmployee` (`staffID`,`calendarDate`,`shiftID`) VALUES (113,'2017-09-03',1709030);
INSERT INTO `workingEmployee` (`staffID`,`calendarDate`,`shiftID`) VALUES (101,'2017-09-03',1709031);
INSERT INTO `workingEmployee` (`staffID`,`calendarDate`,`shiftID`) VALUES (102,'2017-09-03',1709031);
INSERT INTO `workingEmployee` (`staffID`,`calendarDate`,`shiftID`) VALUES (103,'2017-09-03',1709031);
INSERT INTO `workingEmployee` (`staffID`,`calendarDate`,`shiftID`) VALUES (104,'2017-09-03',1709031);
INSERT INTO `workingEmployee` (`staffID`,`calendarDate`,`shiftID`) VALUES (105,'2017-09-03',1709031);
INSERT INTO `workingEmployee` (`staffID`,`calendarDate`,`shiftID`) VALUES (106,'2017-09-03',1709031);
INSERT INTO `workingEmployee` (`staffID`,`calendarDate`,`shiftID`) VALUES (107,'2017-09-03',1709031);
INSERT INTO `workingEmployee` (`staffID`,`calendarDate`,`shiftID`) VALUES (108,'2017-09-03',1709031);
INSERT INTO `workingEmployee` (`staffID`,`calendarDate`,`shiftID`) VALUES (109,'2017-09-03',1709031);
INSERT INTO `workingEmployee` (`staffID`,`calendarDate`,`shiftID`) VALUES (110,'2017-09-03',1709031);
INSERT INTO `workingEmployee` (`staffID`,`calendarDate`,`shiftID`) VALUES (111,'2017-09-03',1709031);
INSERT INTO `workingEmployee` (`staffID`,`calendarDate`,`shiftID`) VALUES (112,'2017-09-03',1709031);
INSERT INTO `workingEmployee` (`staffID`,`calendarDate`,`shiftID`) VALUES (113,'2017-09-03',1709031);
INSERT INTO `workingEmployee` (`staffID`,`calendarDate`,`shiftID`) VALUES (101,'2017-09-10',1709100);
INSERT INTO `workingEmployee` (`staffID`,`calendarDate`,`shiftID`) VALUES (102,'2017-09-10',1709100);
INSERT INTO `workingEmployee` (`staffID`,`calendarDate`,`shiftID`) VALUES (103,'2017-09-10',1709100);
INSERT INTO `workingEmployee` (`staffID`,`calendarDate`,`shiftID`) VALUES (104,'2017-09-10',1709100);
INSERT INTO `workingEmployee` (`staffID`,`calendarDate`,`shiftID`) VALUES (105,'2017-09-10',1709100);
INSERT INTO `workingEmployee` (`staffID`,`calendarDate`,`shiftID`) VALUES (106,'2017-09-10',1709100);
INSERT INTO `workingEmployee` (`staffID`,`calendarDate`,`shiftID`) VALUES (107,'2017-09-10',1709100);
INSERT INTO `workingEmployee` (`staffID`,`calendarDate`,`shiftID`) VALUES (108,'2017-09-10',1709100);
INSERT INTO `workingEmployee` (`staffID`,`calendarDate`,`shiftID`) VALUES (109,'2017-09-10',1709100);
INSERT INTO `workingEmployee` (`staffID`,`calendarDate`,`shiftID`) VALUES (110,'2017-09-10',1709100);
INSERT INTO `workingEmployee` (`staffID`,`calendarDate`,`shiftID`) VALUES (111,'2017-09-10',1709100);
INSERT INTO `workingEmployee` (`staffID`,`calendarDate`,`shiftID`) VALUES (112,'2017-09-10',1709100);
INSERT INTO `workingEmployee` (`staffID`,`calendarDate`,`shiftID`) VALUES (113,'2017-09-10',1709100);
INSERT INTO `workingEmployee` (`staffID`,`calendarDate`,`shiftID`) VALUES (101,'2017-09-10',1709101);
INSERT INTO `workingEmployee` (`staffID`,`calendarDate`,`shiftID`) VALUES (102,'2017-09-10',1709101);
INSERT INTO `workingEmployee` (`staffID`,`calendarDate`,`shiftID`) VALUES (103,'2017-09-10',1709101);
INSERT INTO `workingEmployee` (`staffID`,`calendarDate`,`shiftID`) VALUES (104,'2017-09-10',1709101);
INSERT INTO `workingEmployee` (`staffID`,`calendarDate`,`shiftID`) VALUES (105,'2017-09-10',1709101);
INSERT INTO `workingEmployee` (`staffID`,`calendarDate`,`shiftID`) VALUES (106,'2017-09-10',1709101);
INSERT INTO `workingEmployee` (`staffID`,`calendarDate`,`shiftID`) VALUES (107,'2017-09-10',1709101);
INSERT INTO `workingEmployee` (`staffID`,`calendarDate`,`shiftID`) VALUES (108,'2017-09-10',1709101);
INSERT INTO `workingEmployee` (`staffID`,`calendarDate`,`shiftID`) VALUES (109,'2017-09-10',1709101);
INSERT INTO `workingEmployee` (`staffID`,`calendarDate`,`shiftID`) VALUES (110,'2017-09-10',1709101);
INSERT INTO `workingEmployee` (`staffID`,`calendarDate`,`shiftID`) VALUES (111,'2017-09-10',1709101);
INSERT INTO `workingEmployee` (`staffID`,`calendarDate`,`shiftID`) VALUES (112,'2017-09-10',1709101);
INSERT INTO `workingEmployee` (`staffID`,`calendarDate`,`shiftID`) VALUES (113,'2017-09-10',1709101);
INSERT INTO `workingEmployee` (`staffID`,`calendarDate`,`shiftID`) VALUES (101,'2017-10-01',1710010);
INSERT INTO `workingEmployee` (`staffID`,`calendarDate`,`shiftID`) VALUES (102,'2017-10-01',1710010);
INSERT INTO `workingEmployee` (`staffID`,`calendarDate`,`shiftID`) VALUES (103,'2017-10-01',1710010);
INSERT INTO `workingEmployee` (`staffID`,`calendarDate`,`shiftID`) VALUES (104,'2017-10-01',1710010);
INSERT INTO `workingEmployee` (`staffID`,`calendarDate`,`shiftID`) VALUES (105,'2017-10-01',1710010);
INSERT INTO `workingEmployee` (`staffID`,`calendarDate`,`shiftID`) VALUES (106,'2017-10-01',1710010);
INSERT INTO `workingEmployee` (`staffID`,`calendarDate`,`shiftID`) VALUES (107,'2017-10-01',1710010);
INSERT INTO `workingEmployee` (`staffID`,`calendarDate`,`shiftID`) VALUES (108,'2017-10-01',1710010);
INSERT INTO `workingEmployee` (`staffID`,`calendarDate`,`shiftID`) VALUES (109,'2017-10-01',1710010);
INSERT INTO `workingEmployee` (`staffID`,`calendarDate`,`shiftID`) VALUES (110,'2017-10-01',1710010);
INSERT INTO `workingEmployee` (`staffID`,`calendarDate`,`shiftID`) VALUES (111,'2017-10-01',1710010);
INSERT INTO `workingEmployee` (`staffID`,`calendarDate`,`shiftID`) VALUES (112,'2017-10-01',1710010);
INSERT INTO `workingEmployee` (`staffID`,`calendarDate`,`shiftID`) VALUES (113,'2017-10-01',1710010);
INSERT INTO `workingEmployee` (`staffID`,`calendarDate`,`shiftID`) VALUES (101,'2017-10-01',1710011);
INSERT INTO `workingEmployee` (`staffID`,`calendarDate`,`shiftID`) VALUES (102,'2017-10-01',1710011);
INSERT INTO `workingEmployee` (`staffID`,`calendarDate`,`shiftID`) VALUES (103,'2017-10-01',1710011);
INSERT INTO `workingEmployee` (`staffID`,`calendarDate`,`shiftID`) VALUES (104,'2017-10-01',1710011);
INSERT INTO `workingEmployee` (`staffID`,`calendarDate`,`shiftID`) VALUES (105,'2017-10-01',1710011);
INSERT INTO `workingEmployee` (`staffID`,`calendarDate`,`shiftID`) VALUES (106,'2017-10-01',1710011);
INSERT INTO `workingEmployee` (`staffID`,`calendarDate`,`shiftID`) VALUES (107,'2017-10-01',1710011);
INSERT INTO `workingEmployee` (`staffID`,`calendarDate`,`shiftID`) VALUES (108,'2017-10-01',1710011);
INSERT INTO `workingEmployee` (`staffID`,`calendarDate`,`shiftID`) VALUES (109,'2017-10-01',1710011);
INSERT INTO `workingEmployee` (`staffID`,`calendarDate`,`shiftID`) VALUES (110,'2017-10-01',1710011);
INSERT INTO `workingEmployee` (`staffID`,`calendarDate`,`shiftID`) VALUES (111,'2017-10-01',1710011);
INSERT INTO `workingEmployee` (`staffID`,`calendarDate`,`shiftID`) VALUES (112,'2017-10-01',1710011);
INSERT INTO `workingEmployee` (`staffID`,`calendarDate`,`shiftID`) VALUES (113,'2017-10-01',1710011);
INSERT INTO `workingEmployee` (`staffID`,`calendarDate`,`shiftID`) VALUES (101,'2017-10-08',1710080);
INSERT INTO `workingEmployee` (`staffID`,`calendarDate`,`shiftID`) VALUES (102,'2017-10-08',1710080);
INSERT INTO `workingEmployee` (`staffID`,`calendarDate`,`shiftID`) VALUES (103,'2017-10-08',1710080);
INSERT INTO `workingEmployee` (`staffID`,`calendarDate`,`shiftID`) VALUES (104,'2017-10-08',1710080);
INSERT INTO `workingEmployee` (`staffID`,`calendarDate`,`shiftID`) VALUES (105,'2017-10-08',1710080);
INSERT INTO `workingEmployee` (`staffID`,`calendarDate`,`shiftID`) VALUES (106,'2017-10-08',1710080);
INSERT INTO `workingEmployee` (`staffID`,`calendarDate`,`shiftID`) VALUES (107,'2017-10-08',1710080);
INSERT INTO `workingEmployee` (`staffID`,`calendarDate`,`shiftID`) VALUES (108,'2017-10-08',1710080);
INSERT INTO `workingEmployee` (`staffID`,`calendarDate`,`shiftID`) VALUES (109,'2017-10-08',1710080);
INSERT INTO `workingEmployee` (`staffID`,`calendarDate`,`shiftID`) VALUES (110,'2017-10-08',1710080);
INSERT INTO `workingEmployee` (`staffID`,`calendarDate`,`shiftID`) VALUES (111,'2017-10-08',1710080);
INSERT INTO `workingEmployee` (`staffID`,`calendarDate`,`shiftID`) VALUES (112,'2017-10-08',1710080);
INSERT INTO `workingEmployee` (`staffID`,`calendarDate`,`shiftID`) VALUES (113,'2017-10-08',1710080);
INSERT INTO `workingEmployee` (`staffID`,`calendarDate`,`shiftID`) VALUES (101,'2017-10-08',1710081);
INSERT INTO `workingEmployee` (`staffID`,`calendarDate`,`shiftID`) VALUES (102,'2017-10-08',1710081);
INSERT INTO `workingEmployee` (`staffID`,`calendarDate`,`shiftID`) VALUES (103,'2017-10-08',1710081);
INSERT INTO `workingEmployee` (`staffID`,`calendarDate`,`shiftID`) VALUES (104,'2017-10-08',1710081);
INSERT INTO `workingEmployee` (`staffID`,`calendarDate`,`shiftID`) VALUES (105,'2017-10-08',1710081);
INSERT INTO `workingEmployee` (`staffID`,`calendarDate`,`shiftID`) VALUES (106,'2017-10-08',1710081);
INSERT INTO `workingEmployee` (`staffID`,`calendarDate`,`shiftID`) VALUES (107,'2017-10-08',1710081);
INSERT INTO `workingEmployee` (`staffID`,`calendarDate`,`shiftID`) VALUES (108,'2017-10-08',1710081);
INSERT INTO `workingEmployee` (`staffID`,`calendarDate`,`shiftID`) VALUES (109,'2017-10-08',1710081);
INSERT INTO `workingEmployee` (`staffID`,`calendarDate`,`shiftID`) VALUES (110,'2017-10-08',1710081);
INSERT INTO `workingEmployee` (`staffID`,`calendarDate`,`shiftID`) VALUES (111,'2017-10-08',1710081);
INSERT INTO `workingEmployee` (`staffID`,`calendarDate`,`shiftID`) VALUES (112,'2017-10-08',1710081);
INSERT INTO `workingEmployee` (`staffID`,`calendarDate`,`shiftID`) VALUES (113,'2017-10-08',1710081);
INSERT INTO `workingEmployee` (`staffID`,`calendarDate`,`shiftID`) VALUES (101,'2017-11-05',1711050);
INSERT INTO `workingEmployee` (`staffID`,`calendarDate`,`shiftID`) VALUES (102,'2017-11-05',1711050);
INSERT INTO `workingEmployee` (`staffID`,`calendarDate`,`shiftID`) VALUES (103,'2017-11-05',1711050);
INSERT INTO `workingEmployee` (`staffID`,`calendarDate`,`shiftID`) VALUES (104,'2017-11-05',1711050);
INSERT INTO `workingEmployee` (`staffID`,`calendarDate`,`shiftID`) VALUES (105,'2017-11-05',1711050);
INSERT INTO `workingEmployee` (`staffID`,`calendarDate`,`shiftID`) VALUES (106,'2017-11-05',1711050);
INSERT INTO `workingEmployee` (`staffID`,`calendarDate`,`shiftID`) VALUES (107,'2017-11-05',1711050);
INSERT INTO `workingEmployee` (`staffID`,`calendarDate`,`shiftID`) VALUES (108,'2017-11-05',1711050);
INSERT INTO `workingEmployee` (`staffID`,`calendarDate`,`shiftID`) VALUES (109,'2017-11-05',1711050);
INSERT INTO `workingEmployee` (`staffID`,`calendarDate`,`shiftID`) VALUES (110,'2017-11-05',1711050);
INSERT INTO `workingEmployee` (`staffID`,`calendarDate`,`shiftID`) VALUES (111,'2017-11-05',1711050);
INSERT INTO `workingEmployee` (`staffID`,`calendarDate`,`shiftID`) VALUES (112,'2017-11-05',1711050);
INSERT INTO `workingEmployee` (`staffID`,`calendarDate`,`shiftID`) VALUES (113,'2017-11-05',1711050);
INSERT INTO `workingEmployee` (`staffID`,`calendarDate`,`shiftID`) VALUES (101,'2017-11-05',1711051);
INSERT INTO `workingEmployee` (`staffID`,`calendarDate`,`shiftID`) VALUES (102,'2017-11-05',1711051);
INSERT INTO `workingEmployee` (`staffID`,`calendarDate`,`shiftID`) VALUES (103,'2017-11-05',1711051);
INSERT INTO `workingEmployee` (`staffID`,`calendarDate`,`shiftID`) VALUES (104,'2017-11-05',1711051);
INSERT INTO `workingEmployee` (`staffID`,`calendarDate`,`shiftID`) VALUES (105,'2017-11-05',1711051);
INSERT INTO `workingEmployee` (`staffID`,`calendarDate`,`shiftID`) VALUES (106,'2017-11-05',1711051);
INSERT INTO `workingEmployee` (`staffID`,`calendarDate`,`shiftID`) VALUES (107,'2017-11-05',1711051);
INSERT INTO `workingEmployee` (`staffID`,`calendarDate`,`shiftID`) VALUES (108,'2017-11-05',1711051);
INSERT INTO `workingEmployee` (`staffID`,`calendarDate`,`shiftID`) VALUES (109,'2017-11-05',1711051);
INSERT INTO `workingEmployee` (`staffID`,`calendarDate`,`shiftID`) VALUES (110,'2017-11-05',1711051);
INSERT INTO `workingEmployee` (`staffID`,`calendarDate`,`shiftID`) VALUES (111,'2017-11-05',1711051);
INSERT INTO `workingEmployee` (`staffID`,`calendarDate`,`shiftID`) VALUES (112,'2017-11-05',1711051);
INSERT INTO `workingEmployee` (`staffID`,`calendarDate`,`shiftID`) VALUES (113,'2017-11-05',1711051);
INSERT INTO `workingEmployee` (`staffID`,`calendarDate`,`shiftID`) VALUES (101,'2017-11-12',1711120);
INSERT INTO `workingEmployee` (`staffID`,`calendarDate`,`shiftID`) VALUES (102,'2017-11-12',1711120);
INSERT INTO `workingEmployee` (`staffID`,`calendarDate`,`shiftID`) VALUES (103,'2017-11-12',1711120);
INSERT INTO `workingEmployee` (`staffID`,`calendarDate`,`shiftID`) VALUES (104,'2017-11-12',1711120);
INSERT INTO `workingEmployee` (`staffID`,`calendarDate`,`shiftID`) VALUES (105,'2017-11-12',1711120);
INSERT INTO `workingEmployee` (`staffID`,`calendarDate`,`shiftID`) VALUES (106,'2017-11-12',1711120);
INSERT INTO `workingEmployee` (`staffID`,`calendarDate`,`shiftID`) VALUES (107,'2017-11-12',1711120);
INSERT INTO `workingEmployee` (`staffID`,`calendarDate`,`shiftID`) VALUES (108,'2017-11-12',1711120);
INSERT INTO `workingEmployee` (`staffID`,`calendarDate`,`shiftID`) VALUES (109,'2017-11-12',1711120);
INSERT INTO `workingEmployee` (`staffID`,`calendarDate`,`shiftID`) VALUES (110,'2017-11-12',1711120);
INSERT INTO `workingEmployee` (`staffID`,`calendarDate`,`shiftID`) VALUES (111,'2017-11-12',1711120);
INSERT INTO `workingEmployee` (`staffID`,`calendarDate`,`shiftID`) VALUES (112,'2017-11-12',1711120);
INSERT INTO `workingEmployee` (`staffID`,`calendarDate`,`shiftID`) VALUES (113,'2017-11-12',1711120);
INSERT INTO `workingEmployee` (`staffID`,`calendarDate`,`shiftID`) VALUES (101,'2017-11-12',1711121);
INSERT INTO `workingEmployee` (`staffID`,`calendarDate`,`shiftID`) VALUES (102,'2017-11-12',1711121);
INSERT INTO `workingEmployee` (`staffID`,`calendarDate`,`shiftID`) VALUES (103,'2017-11-12',1711121);
INSERT INTO `workingEmployee` (`staffID`,`calendarDate`,`shiftID`) VALUES (104,'2017-11-12',1711121);
INSERT INTO `workingEmployee` (`staffID`,`calendarDate`,`shiftID`) VALUES (105,'2017-11-12',1711121);
INSERT INTO `workingEmployee` (`staffID`,`calendarDate`,`shiftID`) VALUES (106,'2017-11-12',1711121);
INSERT INTO `workingEmployee` (`staffID`,`calendarDate`,`shiftID`) VALUES (107,'2017-11-12',1711121);
INSERT INTO `workingEmployee` (`staffID`,`calendarDate`,`shiftID`) VALUES (108,'2017-11-12',1711121);
INSERT INTO `workingEmployee` (`staffID`,`calendarDate`,`shiftID`) VALUES (109,'2017-11-12',1711121);
INSERT INTO `workingEmployee` (`staffID`,`calendarDate`,`shiftID`) VALUES (110,'2017-11-12',1711121);
INSERT INTO `workingEmployee` (`staffID`,`calendarDate`,`shiftID`) VALUES (111,'2017-11-12',1711121);
INSERT INTO `workingEmployee` (`staffID`,`calendarDate`,`shiftID`) VALUES (112,'2017-11-12',1711121);
INSERT INTO `workingEmployee` (`staffID`,`calendarDate`,`shiftID`) VALUES (113,'2017-11-12',1711121);
INSERT INTO `workingEmployee` (`staffID`,`calendarDate`,`shiftID`) VALUES (101,'2017-12-03',1712030);
INSERT INTO `workingEmployee` (`staffID`,`calendarDate`,`shiftID`) VALUES (102,'2017-12-03',1712030);
INSERT INTO `workingEmployee` (`staffID`,`calendarDate`,`shiftID`) VALUES (103,'2017-12-03',1712030);
INSERT INTO `workingEmployee` (`staffID`,`calendarDate`,`shiftID`) VALUES (104,'2017-12-03',1712030);
INSERT INTO `workingEmployee` (`staffID`,`calendarDate`,`shiftID`) VALUES (105,'2017-12-03',1712030);
INSERT INTO `workingEmployee` (`staffID`,`calendarDate`,`shiftID`) VALUES (106,'2017-12-03',1712030);
INSERT INTO `workingEmployee` (`staffID`,`calendarDate`,`shiftID`) VALUES (107,'2017-12-03',1712030);
INSERT INTO `workingEmployee` (`staffID`,`calendarDate`,`shiftID`) VALUES (108,'2017-12-03',1712030);
INSERT INTO `workingEmployee` (`staffID`,`calendarDate`,`shiftID`) VALUES (109,'2017-12-03',1712030);
INSERT INTO `workingEmployee` (`staffID`,`calendarDate`,`shiftID`) VALUES (110,'2017-12-03',1712030);
INSERT INTO `workingEmployee` (`staffID`,`calendarDate`,`shiftID`) VALUES (111,'2017-12-03',1712030);
INSERT INTO `workingEmployee` (`staffID`,`calendarDate`,`shiftID`) VALUES (112,'2017-12-03',1712030);
INSERT INTO `workingEmployee` (`staffID`,`calendarDate`,`shiftID`) VALUES (113,'2017-12-03',1712030);
INSERT INTO `workingEmployee` (`staffID`,`calendarDate`,`shiftID`) VALUES (101,'2017-12-03',1712031);
INSERT INTO `workingEmployee` (`staffID`,`calendarDate`,`shiftID`) VALUES (102,'2017-12-03',1712031);
INSERT INTO `workingEmployee` (`staffID`,`calendarDate`,`shiftID`) VALUES (103,'2017-12-03',1712031);
INSERT INTO `workingEmployee` (`staffID`,`calendarDate`,`shiftID`) VALUES (104,'2017-12-03',1712031);
INSERT INTO `workingEmployee` (`staffID`,`calendarDate`,`shiftID`) VALUES (105,'2017-12-03',1712031);
INSERT INTO `workingEmployee` (`staffID`,`calendarDate`,`shiftID`) VALUES (106,'2017-12-03',1712031);
INSERT INTO `workingEmployee` (`staffID`,`calendarDate`,`shiftID`) VALUES (107,'2017-12-03',1712031);
INSERT INTO `workingEmployee` (`staffID`,`calendarDate`,`shiftID`) VALUES (108,'2017-12-03',1712031);
INSERT INTO `workingEmployee` (`staffID`,`calendarDate`,`shiftID`) VALUES (109,'2017-12-03',1712031);
INSERT INTO `workingEmployee` (`staffID`,`calendarDate`,`shiftID`) VALUES (110,'2017-12-03',1712031);
INSERT INTO `workingEmployee` (`staffID`,`calendarDate`,`shiftID`) VALUES (111,'2017-12-03',1712031);
INSERT INTO `workingEmployee` (`staffID`,`calendarDate`,`shiftID`) VALUES (112,'2017-12-03',1712031);
INSERT INTO `workingEmployee` (`staffID`,`calendarDate`,`shiftID`) VALUES (113,'2017-12-03',1712031);
INSERT INTO `workingEmployee` (`staffID`,`calendarDate`,`shiftID`) VALUES (101,'2017-12-10',1712100);
INSERT INTO `workingEmployee` (`staffID`,`calendarDate`,`shiftID`) VALUES (102,'2017-12-10',1712100);
INSERT INTO `workingEmployee` (`staffID`,`calendarDate`,`shiftID`) VALUES (103,'2017-12-10',1712100);
INSERT INTO `workingEmployee` (`staffID`,`calendarDate`,`shiftID`) VALUES (104,'2017-12-10',1712100);
INSERT INTO `workingEmployee` (`staffID`,`calendarDate`,`shiftID`) VALUES (105,'2017-12-10',1712100);
INSERT INTO `workingEmployee` (`staffID`,`calendarDate`,`shiftID`) VALUES (106,'2017-12-10',1712100);
INSERT INTO `workingEmployee` (`staffID`,`calendarDate`,`shiftID`) VALUES (107,'2017-12-10',1712100);
INSERT INTO `workingEmployee` (`staffID`,`calendarDate`,`shiftID`) VALUES (108,'2017-12-10',1712100);
INSERT INTO `workingEmployee` (`staffID`,`calendarDate`,`shiftID`) VALUES (109,'2017-12-10',1712100);
INSERT INTO `workingEmployee` (`staffID`,`calendarDate`,`shiftID`) VALUES (110,'2017-12-10',1712100);
INSERT INTO `workingEmployee` (`staffID`,`calendarDate`,`shiftID`) VALUES (111,'2017-12-10',1712100);
INSERT INTO `workingEmployee` (`staffID`,`calendarDate`,`shiftID`) VALUES (112,'2017-12-10',1712100);
INSERT INTO `workingEmployee` (`staffID`,`calendarDate`,`shiftID`) VALUES (113,'2017-12-10',1712100);
INSERT INTO `workingEmployee` (`staffID`,`calendarDate`,`shiftID`) VALUES (101,'2017-12-10',1712101);
INSERT INTO `workingEmployee` (`staffID`,`calendarDate`,`shiftID`) VALUES (102,'2017-12-10',1712101);
INSERT INTO `workingEmployee` (`staffID`,`calendarDate`,`shiftID`) VALUES (103,'2017-12-10',1712101);
INSERT INTO `workingEmployee` (`staffID`,`calendarDate`,`shiftID`) VALUES (104,'2017-12-10',1712101);
INSERT INTO `workingEmployee` (`staffID`,`calendarDate`,`shiftID`) VALUES (105,'2017-12-10',1712101);
INSERT INTO `workingEmployee` (`staffID`,`calendarDate`,`shiftID`) VALUES (106,'2017-12-10',1712101);
INSERT INTO `workingEmployee` (`staffID`,`calendarDate`,`shiftID`) VALUES (107,'2017-12-10',1712101);
INSERT INTO `workingEmployee` (`staffID`,`calendarDate`,`shiftID`) VALUES (108,'2017-12-10',1712101);
INSERT INTO `workingEmployee` (`staffID`,`calendarDate`,`shiftID`) VALUES (109,'2017-12-10',1712101);
INSERT INTO `workingEmployee` (`staffID`,`calendarDate`,`shiftID`) VALUES (110,'2017-12-10',1712101);
INSERT INTO `workingEmployee` (`staffID`,`calendarDate`,`shiftID`) VALUES (111,'2017-12-10',1712101);
INSERT INTO `workingEmployee` (`staffID`,`calendarDate`,`shiftID`) VALUES (112,'2017-12-10',1712101);
INSERT INTO `workingEmployee` (`staffID`,`calendarDate`,`shiftID`) VALUES (113,'2017-12-10',1712101);
INSERT INTO `workingEmployee` (`staffID`,`calendarDate`,`shiftID`) VALUES (101,'2018-01-07',1801070);
INSERT INTO `workingEmployee` (`staffID`,`calendarDate`,`shiftID`) VALUES (102,'2018-01-07',1801070);
INSERT INTO `workingEmployee` (`staffID`,`calendarDate`,`shiftID`) VALUES (103,'2018-01-07',1801070);
INSERT INTO `workingEmployee` (`staffID`,`calendarDate`,`shiftID`) VALUES (104,'2018-01-07',1801070);
INSERT INTO `workingEmployee` (`staffID`,`calendarDate`,`shiftID`) VALUES (105,'2018-01-07',1801070);
INSERT INTO `workingEmployee` (`staffID`,`calendarDate`,`shiftID`) VALUES (106,'2018-01-07',1801070);
INSERT INTO `workingEmployee` (`staffID`,`calendarDate`,`shiftID`) VALUES (107,'2018-01-07',1801070);
INSERT INTO `workingEmployee` (`staffID`,`calendarDate`,`shiftID`) VALUES (108,'2018-01-07',1801070);
INSERT INTO `workingEmployee` (`staffID`,`calendarDate`,`shiftID`) VALUES (109,'2018-01-07',1801070);
INSERT INTO `workingEmployee` (`staffID`,`calendarDate`,`shiftID`) VALUES (110,'2018-01-07',1801070);
INSERT INTO `workingEmployee` (`staffID`,`calendarDate`,`shiftID`) VALUES (111,'2018-01-07',1801070);
INSERT INTO `workingEmployee` (`staffID`,`calendarDate`,`shiftID`) VALUES (112,'2018-01-07',1801070);
INSERT INTO `workingEmployee` (`staffID`,`calendarDate`,`shiftID`) VALUES (113,'2018-01-07',1801070);
INSERT INTO `workingEmployee` (`staffID`,`calendarDate`,`shiftID`) VALUES (101,'2018-01-07',1801071);
INSERT INTO `workingEmployee` (`staffID`,`calendarDate`,`shiftID`) VALUES (102,'2018-01-07',1801071);
INSERT INTO `workingEmployee` (`staffID`,`calendarDate`,`shiftID`) VALUES (103,'2018-01-07',1801071);
INSERT INTO `workingEmployee` (`staffID`,`calendarDate`,`shiftID`) VALUES (104,'2018-01-07',1801071);
INSERT INTO `workingEmployee` (`staffID`,`calendarDate`,`shiftID`) VALUES (105,'2018-01-07',1801071);
INSERT INTO `workingEmployee` (`staffID`,`calendarDate`,`shiftID`) VALUES (106,'2018-01-07',1801071);
INSERT INTO `workingEmployee` (`staffID`,`calendarDate`,`shiftID`) VALUES (107,'2018-01-07',1801071);
INSERT INTO `workingEmployee` (`staffID`,`calendarDate`,`shiftID`) VALUES (108,'2018-01-07',1801071);
INSERT INTO `workingEmployee` (`staffID`,`calendarDate`,`shiftID`) VALUES (109,'2018-01-07',1801071);
INSERT INTO `workingEmployee` (`staffID`,`calendarDate`,`shiftID`) VALUES (110,'2018-01-07',1801071);
INSERT INTO `workingEmployee` (`staffID`,`calendarDate`,`shiftID`) VALUES (111,'2018-01-07',1801071);
INSERT INTO `workingEmployee` (`staffID`,`calendarDate`,`shiftID`) VALUES (112,'2018-01-07',1801071);
INSERT INTO `workingEmployee` (`staffID`,`calendarDate`,`shiftID`) VALUES (113,'2018-01-07',1801071);
INSERT INTO `workingEmployee` (`staffID`,`calendarDate`,`shiftID`) VALUES (101,'2018-01-14',1801140);
INSERT INTO `workingEmployee` (`staffID`,`calendarDate`,`shiftID`) VALUES (102,'2018-01-14',1801140);
INSERT INTO `workingEmployee` (`staffID`,`calendarDate`,`shiftID`) VALUES (103,'2018-01-14',1801140);
INSERT INTO `workingEmployee` (`staffID`,`calendarDate`,`shiftID`) VALUES (104,'2018-01-14',1801140);
INSERT INTO `workingEmployee` (`staffID`,`calendarDate`,`shiftID`) VALUES (105,'2018-01-14',1801140);
INSERT INTO `workingEmployee` (`staffID`,`calendarDate`,`shiftID`) VALUES (106,'2018-01-14',1801140);
INSERT INTO `workingEmployee` (`staffID`,`calendarDate`,`shiftID`) VALUES (107,'2018-01-14',1801140);
INSERT INTO `workingEmployee` (`staffID`,`calendarDate`,`shiftID`) VALUES (108,'2018-01-14',1801140);
INSERT INTO `workingEmployee` (`staffID`,`calendarDate`,`shiftID`) VALUES (109,'2018-01-14',1801140);
INSERT INTO `workingEmployee` (`staffID`,`calendarDate`,`shiftID`) VALUES (110,'2018-01-14',1801140);
INSERT INTO `workingEmployee` (`staffID`,`calendarDate`,`shiftID`) VALUES (111,'2018-01-14',1801140);
INSERT INTO `workingEmployee` (`staffID`,`calendarDate`,`shiftID`) VALUES (112,'2018-01-14',1801140);
INSERT INTO `workingEmployee` (`staffID`,`calendarDate`,`shiftID`) VALUES (113,'2018-01-14',1801140);
INSERT INTO `workingEmployee` (`staffID`,`calendarDate`,`shiftID`) VALUES (101,'2018-01-14',1801141);
INSERT INTO `workingEmployee` (`staffID`,`calendarDate`,`shiftID`) VALUES (102,'2018-01-14',1801141);
INSERT INTO `workingEmployee` (`staffID`,`calendarDate`,`shiftID`) VALUES (103,'2018-01-14',1801141);
INSERT INTO `workingEmployee` (`staffID`,`calendarDate`,`shiftID`) VALUES (104,'2018-01-14',1801141);
INSERT INTO `workingEmployee` (`staffID`,`calendarDate`,`shiftID`) VALUES (105,'2018-01-14',1801141);
INSERT INTO `workingEmployee` (`staffID`,`calendarDate`,`shiftID`) VALUES (106,'2018-01-14',1801141);
INSERT INTO `workingEmployee` (`staffID`,`calendarDate`,`shiftID`) VALUES (107,'2018-01-14',1801141);
INSERT INTO `workingEmployee` (`staffID`,`calendarDate`,`shiftID`) VALUES (108,'2018-01-14',1801141);
INSERT INTO `workingEmployee` (`staffID`,`calendarDate`,`shiftID`) VALUES (109,'2018-01-14',1801141);
INSERT INTO `workingEmployee` (`staffID`,`calendarDate`,`shiftID`) VALUES (110,'2018-01-14',1801141);
INSERT INTO `workingEmployee` (`staffID`,`calendarDate`,`shiftID`) VALUES (111,'2018-01-14',1801141);
INSERT INTO `workingEmployee` (`staffID`,`calendarDate`,`shiftID`) VALUES (112,'2018-01-14',1801141);
INSERT INTO `workingEmployee` (`staffID`,`calendarDate`,`shiftID`) VALUES (113,'2018-01-14',1801141);
INSERT INTO `workingEmployee` (`staffID`,`calendarDate`,`shiftID`) VALUES (101,'2018-02-04',1802040);
INSERT INTO `workingEmployee` (`staffID`,`calendarDate`,`shiftID`) VALUES (102,'2018-02-04',1802040);
INSERT INTO `workingEmployee` (`staffID`,`calendarDate`,`shiftID`) VALUES (103,'2018-02-04',1802040);
INSERT INTO `workingEmployee` (`staffID`,`calendarDate`,`shiftID`) VALUES (104,'2018-02-04',1802040);
INSERT INTO `workingEmployee` (`staffID`,`calendarDate`,`shiftID`) VALUES (105,'2018-02-04',1802040);
INSERT INTO `workingEmployee` (`staffID`,`calendarDate`,`shiftID`) VALUES (106,'2018-02-04',1802040);
INSERT INTO `workingEmployee` (`staffID`,`calendarDate`,`shiftID`) VALUES (107,'2018-02-04',1802040);
INSERT INTO `workingEmployee` (`staffID`,`calendarDate`,`shiftID`) VALUES (108,'2018-02-04',1802040);
INSERT INTO `workingEmployee` (`staffID`,`calendarDate`,`shiftID`) VALUES (109,'2018-02-04',1802040);
INSERT INTO `workingEmployee` (`staffID`,`calendarDate`,`shiftID`) VALUES (110,'2018-02-04',1802040);
INSERT INTO `workingEmployee` (`staffID`,`calendarDate`,`shiftID`) VALUES (111,'2018-02-04',1802040);
INSERT INTO `workingEmployee` (`staffID`,`calendarDate`,`shiftID`) VALUES (112,'2018-02-04',1802040);
INSERT INTO `workingEmployee` (`staffID`,`calendarDate`,`shiftID`) VALUES (113,'2018-02-04',1802040);
INSERT INTO `workingEmployee` (`staffID`,`calendarDate`,`shiftID`) VALUES (101,'2018-02-04',1802041);
INSERT INTO `workingEmployee` (`staffID`,`calendarDate`,`shiftID`) VALUES (102,'2018-02-04',1802041);
INSERT INTO `workingEmployee` (`staffID`,`calendarDate`,`shiftID`) VALUES (103,'2018-02-04',1802041);
INSERT INTO `workingEmployee` (`staffID`,`calendarDate`,`shiftID`) VALUES (104,'2018-02-04',1802041);
INSERT INTO `workingEmployee` (`staffID`,`calendarDate`,`shiftID`) VALUES (105,'2018-02-04',1802041);
INSERT INTO `workingEmployee` (`staffID`,`calendarDate`,`shiftID`) VALUES (106,'2018-02-04',1802041);
INSERT INTO `workingEmployee` (`staffID`,`calendarDate`,`shiftID`) VALUES (107,'2018-02-04',1802041);
INSERT INTO `workingEmployee` (`staffID`,`calendarDate`,`shiftID`) VALUES (108,'2018-02-04',1802041);
INSERT INTO `workingEmployee` (`staffID`,`calendarDate`,`shiftID`) VALUES (109,'2018-02-04',1802041);
INSERT INTO `workingEmployee` (`staffID`,`calendarDate`,`shiftID`) VALUES (110,'2018-02-04',1802041);
INSERT INTO `workingEmployee` (`staffID`,`calendarDate`,`shiftID`) VALUES (111,'2018-02-04',1802041);
INSERT INTO `workingEmployee` (`staffID`,`calendarDate`,`shiftID`) VALUES (112,'2018-02-04',1802041);
INSERT INTO `workingEmployee` (`staffID`,`calendarDate`,`shiftID`) VALUES (113,'2018-02-04',1802041);
INSERT INTO `workingEmployee` (`staffID`,`calendarDate`,`shiftID`) VALUES (101,'2018-02-11',1802110);
INSERT INTO `workingEmployee` (`staffID`,`calendarDate`,`shiftID`) VALUES (102,'2018-02-11',1802110);
INSERT INTO `workingEmployee` (`staffID`,`calendarDate`,`shiftID`) VALUES (103,'2018-02-11',1802110);
INSERT INTO `workingEmployee` (`staffID`,`calendarDate`,`shiftID`) VALUES (104,'2018-02-11',1802110);
INSERT INTO `workingEmployee` (`staffID`,`calendarDate`,`shiftID`) VALUES (105,'2018-02-11',1802110);
INSERT INTO `workingEmployee` (`staffID`,`calendarDate`,`shiftID`) VALUES (106,'2018-02-11',1802110);
INSERT INTO `workingEmployee` (`staffID`,`calendarDate`,`shiftID`) VALUES (107,'2018-02-11',1802110);
INSERT INTO `workingEmployee` (`staffID`,`calendarDate`,`shiftID`) VALUES (108,'2018-02-11',1802110);
INSERT INTO `workingEmployee` (`staffID`,`calendarDate`,`shiftID`) VALUES (109,'2018-02-11',1802110);
INSERT INTO `workingEmployee` (`staffID`,`calendarDate`,`shiftID`) VALUES (110,'2018-02-11',1802110);
INSERT INTO `workingEmployee` (`staffID`,`calendarDate`,`shiftID`) VALUES (111,'2018-02-11',1802110);
INSERT INTO `workingEmployee` (`staffID`,`calendarDate`,`shiftID`) VALUES (112,'2018-02-11',1802110);
INSERT INTO `workingEmployee` (`staffID`,`calendarDate`,`shiftID`) VALUES (113,'2018-02-11',1802110);
INSERT INTO `workingEmployee` (`staffID`,`calendarDate`,`shiftID`) VALUES (101,'2018-02-11',1802111);
INSERT INTO `workingEmployee` (`staffID`,`calendarDate`,`shiftID`) VALUES (102,'2018-02-11',1802111);
INSERT INTO `workingEmployee` (`staffID`,`calendarDate`,`shiftID`) VALUES (103,'2018-02-11',1802111);
INSERT INTO `workingEmployee` (`staffID`,`calendarDate`,`shiftID`) VALUES (104,'2018-02-11',1802111);
INSERT INTO `workingEmployee` (`staffID`,`calendarDate`,`shiftID`) VALUES (105,'2018-02-11',1802111);
INSERT INTO `workingEmployee` (`staffID`,`calendarDate`,`shiftID`) VALUES (106,'2018-02-11',1802111);
INSERT INTO `workingEmployee` (`staffID`,`calendarDate`,`shiftID`) VALUES (107,'2018-02-11',1802111);
INSERT INTO `workingEmployee` (`staffID`,`calendarDate`,`shiftID`) VALUES (108,'2018-02-11',1802111);
INSERT INTO `workingEmployee` (`staffID`,`calendarDate`,`shiftID`) VALUES (109,'2018-02-11',1802111);
INSERT INTO `workingEmployee` (`staffID`,`calendarDate`,`shiftID`) VALUES (110,'2018-02-11',1802111);
INSERT INTO `workingEmployee` (`staffID`,`calendarDate`,`shiftID`) VALUES (111,'2018-02-11',1802111);
INSERT INTO `workingEmployee` (`staffID`,`calendarDate`,`shiftID`) VALUES (112,'2018-02-11',1802111);
INSERT INTO `workingEmployee` (`staffID`,`calendarDate`,`shiftID`) VALUES (113,'2018-02-11',1802111);
INSERT INTO `workingEmployee` (`staffID`,`calendarDate`,`shiftID`) VALUES (101,'2018-03-04',1803040);
INSERT INTO `workingEmployee` (`staffID`,`calendarDate`,`shiftID`) VALUES (102,'2018-03-04',1803040);
INSERT INTO `workingEmployee` (`staffID`,`calendarDate`,`shiftID`) VALUES (103,'2018-03-04',1803040);
INSERT INTO `workingEmployee` (`staffID`,`calendarDate`,`shiftID`) VALUES (104,'2018-03-04',1803040);
INSERT INTO `workingEmployee` (`staffID`,`calendarDate`,`shiftID`) VALUES (105,'2018-03-04',1803040);
INSERT INTO `workingEmployee` (`staffID`,`calendarDate`,`shiftID`) VALUES (106,'2018-03-04',1803040);
INSERT INTO `workingEmployee` (`staffID`,`calendarDate`,`shiftID`) VALUES (107,'2018-03-04',1803040);
INSERT INTO `workingEmployee` (`staffID`,`calendarDate`,`shiftID`) VALUES (108,'2018-03-04',1803040);
INSERT INTO `workingEmployee` (`staffID`,`calendarDate`,`shiftID`) VALUES (109,'2018-03-04',1803040);
INSERT INTO `workingEmployee` (`staffID`,`calendarDate`,`shiftID`) VALUES (110,'2018-03-04',1803040);
INSERT INTO `workingEmployee` (`staffID`,`calendarDate`,`shiftID`) VALUES (111,'2018-03-04',1803040);
INSERT INTO `workingEmployee` (`staffID`,`calendarDate`,`shiftID`) VALUES (112,'2018-03-04',1803040);
INSERT INTO `workingEmployee` (`staffID`,`calendarDate`,`shiftID`) VALUES (113,'2018-03-04',1803040);
INSERT INTO `workingEmployee` (`staffID`,`calendarDate`,`shiftID`) VALUES (101,'2018-03-04',1803041);
INSERT INTO `workingEmployee` (`staffID`,`calendarDate`,`shiftID`) VALUES (102,'2018-03-04',1803041);
INSERT INTO `workingEmployee` (`staffID`,`calendarDate`,`shiftID`) VALUES (103,'2018-03-04',1803041);
INSERT INTO `workingEmployee` (`staffID`,`calendarDate`,`shiftID`) VALUES (104,'2018-03-04',1803041);
INSERT INTO `workingEmployee` (`staffID`,`calendarDate`,`shiftID`) VALUES (105,'2018-03-04',1803041);
INSERT INTO `workingEmployee` (`staffID`,`calendarDate`,`shiftID`) VALUES (106,'2018-03-04',1803041);
INSERT INTO `workingEmployee` (`staffID`,`calendarDate`,`shiftID`) VALUES (107,'2018-03-04',1803041);
INSERT INTO `workingEmployee` (`staffID`,`calendarDate`,`shiftID`) VALUES (108,'2018-03-04',1803041);
INSERT INTO `workingEmployee` (`staffID`,`calendarDate`,`shiftID`) VALUES (109,'2018-03-04',1803041);
INSERT INTO `workingEmployee` (`staffID`,`calendarDate`,`shiftID`) VALUES (110,'2018-03-04',1803041);
INSERT INTO `workingEmployee` (`staffID`,`calendarDate`,`shiftID`) VALUES (111,'2018-03-04',1803041);
INSERT INTO `workingEmployee` (`staffID`,`calendarDate`,`shiftID`) VALUES (112,'2018-03-04',1803041);
INSERT INTO `workingEmployee` (`staffID`,`calendarDate`,`shiftID`) VALUES (113,'2018-03-04',1803041);
INSERT INTO `workingEmployee` (`staffID`,`calendarDate`,`shiftID`) VALUES (101,'2018-03-11',1803110);
INSERT INTO `workingEmployee` (`staffID`,`calendarDate`,`shiftID`) VALUES (102,'2018-03-11',1803110);
INSERT INTO `workingEmployee` (`staffID`,`calendarDate`,`shiftID`) VALUES (103,'2018-03-11',1803110);
INSERT INTO `workingEmployee` (`staffID`,`calendarDate`,`shiftID`) VALUES (104,'2018-03-11',1803110);
INSERT INTO `workingEmployee` (`staffID`,`calendarDate`,`shiftID`) VALUES (105,'2018-03-11',1803110);
INSERT INTO `workingEmployee` (`staffID`,`calendarDate`,`shiftID`) VALUES (106,'2018-03-11',1803110);
INSERT INTO `workingEmployee` (`staffID`,`calendarDate`,`shiftID`) VALUES (107,'2018-03-11',1803110);
INSERT INTO `workingEmployee` (`staffID`,`calendarDate`,`shiftID`) VALUES (108,'2018-03-11',1803110);
INSERT INTO `workingEmployee` (`staffID`,`calendarDate`,`shiftID`) VALUES (109,'2018-03-11',1803110);
INSERT INTO `workingEmployee` (`staffID`,`calendarDate`,`shiftID`) VALUES (110,'2018-03-11',1803110);
INSERT INTO `workingEmployee` (`staffID`,`calendarDate`,`shiftID`) VALUES (111,'2018-03-11',1803110);
INSERT INTO `workingEmployee` (`staffID`,`calendarDate`,`shiftID`) VALUES (112,'2018-03-11',1803110);
INSERT INTO `workingEmployee` (`staffID`,`calendarDate`,`shiftID`) VALUES (113,'2018-03-11',1803110);
INSERT INTO `workingEmployee` (`staffID`,`calendarDate`,`shiftID`) VALUES (101,'2018-03-11',1803111);
INSERT INTO `workingEmployee` (`staffID`,`calendarDate`,`shiftID`) VALUES (102,'2018-03-11',1803111);
INSERT INTO `workingEmployee` (`staffID`,`calendarDate`,`shiftID`) VALUES (103,'2018-03-11',1803111);
INSERT INTO `workingEmployee` (`staffID`,`calendarDate`,`shiftID`) VALUES (104,'2018-03-11',1803111);
INSERT INTO `workingEmployee` (`staffID`,`calendarDate`,`shiftID`) VALUES (105,'2018-03-11',1803111);
INSERT INTO `workingEmployee` (`staffID`,`calendarDate`,`shiftID`) VALUES (106,'2018-03-11',1803111);
INSERT INTO `workingEmployee` (`staffID`,`calendarDate`,`shiftID`) VALUES (107,'2018-03-11',1803111);
INSERT INTO `workingEmployee` (`staffID`,`calendarDate`,`shiftID`) VALUES (108,'2018-03-11',1803111);
INSERT INTO `workingEmployee` (`staffID`,`calendarDate`,`shiftID`) VALUES (109,'2018-03-11',1803111);
INSERT INTO `workingEmployee` (`staffID`,`calendarDate`,`shiftID`) VALUES (110,'2018-03-11',1803111);
INSERT INTO `workingEmployee` (`staffID`,`calendarDate`,`shiftID`) VALUES (111,'2018-03-11',1803111);
INSERT INTO `workingEmployee` (`staffID`,`calendarDate`,`shiftID`) VALUES (112,'2018-03-11',1803111);
INSERT INTO `workingEmployee` (`staffID`,`calendarDate`,`shiftID`) VALUES (113,'2018-03-11',1803111);
INSERT INTO `workingEmployee` (`staffID`,`calendarDate`,`shiftID`) VALUES (101,'2018-04-01',1804010);
INSERT INTO `workingEmployee` (`staffID`,`calendarDate`,`shiftID`) VALUES (102,'2018-04-01',1804010);
INSERT INTO `workingEmployee` (`staffID`,`calendarDate`,`shiftID`) VALUES (103,'2018-04-01',1804010);
INSERT INTO `workingEmployee` (`staffID`,`calendarDate`,`shiftID`) VALUES (104,'2018-04-01',1804010);
INSERT INTO `workingEmployee` (`staffID`,`calendarDate`,`shiftID`) VALUES (105,'2018-04-01',1804010);
INSERT INTO `workingEmployee` (`staffID`,`calendarDate`,`shiftID`) VALUES (106,'2018-04-01',1804010);
INSERT INTO `workingEmployee` (`staffID`,`calendarDate`,`shiftID`) VALUES (107,'2018-04-01',1804010);
INSERT INTO `workingEmployee` (`staffID`,`calendarDate`,`shiftID`) VALUES (108,'2018-04-01',1804010);
INSERT INTO `workingEmployee` (`staffID`,`calendarDate`,`shiftID`) VALUES (109,'2018-04-01',1804010);
INSERT INTO `workingEmployee` (`staffID`,`calendarDate`,`shiftID`) VALUES (110,'2018-04-01',1804010);
INSERT INTO `workingEmployee` (`staffID`,`calendarDate`,`shiftID`) VALUES (111,'2018-04-01',1804010);
INSERT INTO `workingEmployee` (`staffID`,`calendarDate`,`shiftID`) VALUES (112,'2018-04-01',1804010);
INSERT INTO `workingEmployee` (`staffID`,`calendarDate`,`shiftID`) VALUES (113,'2018-04-01',1804010);
INSERT INTO `workingEmployee` (`staffID`,`calendarDate`,`shiftID`) VALUES (101,'2018-04-01',1804011);
INSERT INTO `workingEmployee` (`staffID`,`calendarDate`,`shiftID`) VALUES (102,'2018-04-01',1804011);
INSERT INTO `workingEmployee` (`staffID`,`calendarDate`,`shiftID`) VALUES (103,'2018-04-01',1804011);
INSERT INTO `workingEmployee` (`staffID`,`calendarDate`,`shiftID`) VALUES (104,'2018-04-01',1804011);
INSERT INTO `workingEmployee` (`staffID`,`calendarDate`,`shiftID`) VALUES (105,'2018-04-01',1804011);
INSERT INTO `workingEmployee` (`staffID`,`calendarDate`,`shiftID`) VALUES (106,'2018-04-01',1804011);
INSERT INTO `workingEmployee` (`staffID`,`calendarDate`,`shiftID`) VALUES (107,'2018-04-01',1804011);
INSERT INTO `workingEmployee` (`staffID`,`calendarDate`,`shiftID`) VALUES (108,'2018-04-01',1804011);
INSERT INTO `workingEmployee` (`staffID`,`calendarDate`,`shiftID`) VALUES (109,'2018-04-01',1804011);
INSERT INTO `workingEmployee` (`staffID`,`calendarDate`,`shiftID`) VALUES (110,'2018-04-01',1804011);
INSERT INTO `workingEmployee` (`staffID`,`calendarDate`,`shiftID`) VALUES (111,'2018-04-01',1804011);
INSERT INTO `workingEmployee` (`staffID`,`calendarDate`,`shiftID`) VALUES (112,'2018-04-01',1804011);
INSERT INTO `workingEmployee` (`staffID`,`calendarDate`,`shiftID`) VALUES (113,'2018-04-01',1804011);
INSERT INTO `workingEmployee` (`staffID`,`calendarDate`,`shiftID`) VALUES (101,'2018-04-08',1804080);
INSERT INTO `workingEmployee` (`staffID`,`calendarDate`,`shiftID`) VALUES (102,'2018-04-08',1804080);
INSERT INTO `workingEmployee` (`staffID`,`calendarDate`,`shiftID`) VALUES (103,'2018-04-08',1804080);
INSERT INTO `workingEmployee` (`staffID`,`calendarDate`,`shiftID`) VALUES (104,'2018-04-08',1804080);
INSERT INTO `workingEmployee` (`staffID`,`calendarDate`,`shiftID`) VALUES (105,'2018-04-08',1804080);
INSERT INTO `workingEmployee` (`staffID`,`calendarDate`,`shiftID`) VALUES (106,'2018-04-08',1804080);
INSERT INTO `workingEmployee` (`staffID`,`calendarDate`,`shiftID`) VALUES (107,'2018-04-08',1804080);
INSERT INTO `workingEmployee` (`staffID`,`calendarDate`,`shiftID`) VALUES (108,'2018-04-08',1804080);
INSERT INTO `workingEmployee` (`staffID`,`calendarDate`,`shiftID`) VALUES (109,'2018-04-08',1804080);
INSERT INTO `workingEmployee` (`staffID`,`calendarDate`,`shiftID`) VALUES (110,'2018-04-08',1804080);
INSERT INTO `workingEmployee` (`staffID`,`calendarDate`,`shiftID`) VALUES (111,'2018-04-08',1804080);
INSERT INTO `workingEmployee` (`staffID`,`calendarDate`,`shiftID`) VALUES (112,'2018-04-08',1804080);
INSERT INTO `workingEmployee` (`staffID`,`calendarDate`,`shiftID`) VALUES (113,'2018-04-08',1804080);
INSERT INTO `workingEmployee` (`staffID`,`calendarDate`,`shiftID`) VALUES (101,'2018-04-08',1804081);
INSERT INTO `workingEmployee` (`staffID`,`calendarDate`,`shiftID`) VALUES (102,'2018-04-08',1804081);
INSERT INTO `workingEmployee` (`staffID`,`calendarDate`,`shiftID`) VALUES (103,'2018-04-08',1804081);
INSERT INTO `workingEmployee` (`staffID`,`calendarDate`,`shiftID`) VALUES (104,'2018-04-08',1804081);
INSERT INTO `workingEmployee` (`staffID`,`calendarDate`,`shiftID`) VALUES (105,'2018-04-08',1804081);
INSERT INTO `workingEmployee` (`staffID`,`calendarDate`,`shiftID`) VALUES (106,'2018-04-08',1804081);
INSERT INTO `workingEmployee` (`staffID`,`calendarDate`,`shiftID`) VALUES (107,'2018-04-08',1804081);
INSERT INTO `workingEmployee` (`staffID`,`calendarDate`,`shiftID`) VALUES (108,'2018-04-08',1804081);
INSERT INTO `workingEmployee` (`staffID`,`calendarDate`,`shiftID`) VALUES (109,'2018-04-08',1804081);
INSERT INTO `workingEmployee` (`staffID`,`calendarDate`,`shiftID`) VALUES (110,'2018-04-08',1804081);
INSERT INTO `workingEmployee` (`staffID`,`calendarDate`,`shiftID`) VALUES (111,'2018-04-08',1804081);
INSERT INTO `workingEmployee` (`staffID`,`calendarDate`,`shiftID`) VALUES (112,'2018-04-08',1804081);
INSERT INTO `workingEmployee` (`staffID`,`calendarDate`,`shiftID`) VALUES (113,'2018-04-08',1804081);
INSERT INTO `workingEmployee` (`staffID`,`calendarDate`,`shiftID`) VALUES (101,'2018-05-06',1805060);
INSERT INTO `workingEmployee` (`staffID`,`calendarDate`,`shiftID`) VALUES (102,'2018-05-06',1805060);
INSERT INTO `workingEmployee` (`staffID`,`calendarDate`,`shiftID`) VALUES (103,'2018-05-06',1805060);
INSERT INTO `workingEmployee` (`staffID`,`calendarDate`,`shiftID`) VALUES (104,'2018-05-06',1805060);
INSERT INTO `workingEmployee` (`staffID`,`calendarDate`,`shiftID`) VALUES (105,'2018-05-06',1805060);
INSERT INTO `workingEmployee` (`staffID`,`calendarDate`,`shiftID`) VALUES (106,'2018-05-06',1805060);
INSERT INTO `workingEmployee` (`staffID`,`calendarDate`,`shiftID`) VALUES (107,'2018-05-06',1805060);
INSERT INTO `workingEmployee` (`staffID`,`calendarDate`,`shiftID`) VALUES (108,'2018-05-06',1805060);
INSERT INTO `workingEmployee` (`staffID`,`calendarDate`,`shiftID`) VALUES (109,'2018-05-06',1805060);
INSERT INTO `workingEmployee` (`staffID`,`calendarDate`,`shiftID`) VALUES (110,'2018-05-06',1805060);
INSERT INTO `workingEmployee` (`staffID`,`calendarDate`,`shiftID`) VALUES (111,'2018-05-06',1805060);
INSERT INTO `workingEmployee` (`staffID`,`calendarDate`,`shiftID`) VALUES (112,'2018-05-06',1805060);
INSERT INTO `workingEmployee` (`staffID`,`calendarDate`,`shiftID`) VALUES (113,'2018-05-06',1805060);
INSERT INTO `workingEmployee` (`staffID`,`calendarDate`,`shiftID`) VALUES (101,'2018-05-06',1805061);
INSERT INTO `workingEmployee` (`staffID`,`calendarDate`,`shiftID`) VALUES (102,'2018-05-06',1805061);
INSERT INTO `workingEmployee` (`staffID`,`calendarDate`,`shiftID`) VALUES (103,'2018-05-06',1805061);
INSERT INTO `workingEmployee` (`staffID`,`calendarDate`,`shiftID`) VALUES (104,'2018-05-06',1805061);
INSERT INTO `workingEmployee` (`staffID`,`calendarDate`,`shiftID`) VALUES (105,'2018-05-06',1805061);
INSERT INTO `workingEmployee` (`staffID`,`calendarDate`,`shiftID`) VALUES (106,'2018-05-06',1805061);
INSERT INTO `workingEmployee` (`staffID`,`calendarDate`,`shiftID`) VALUES (107,'2018-05-06',1805061);
INSERT INTO `workingEmployee` (`staffID`,`calendarDate`,`shiftID`) VALUES (108,'2018-05-06',1805061);
INSERT INTO `workingEmployee` (`staffID`,`calendarDate`,`shiftID`) VALUES (109,'2018-05-06',1805061);
INSERT INTO `workingEmployee` (`staffID`,`calendarDate`,`shiftID`) VALUES (110,'2018-05-06',1805061);
INSERT INTO `workingEmployee` (`staffID`,`calendarDate`,`shiftID`) VALUES (111,'2018-05-06',1805061);
INSERT INTO `workingEmployee` (`staffID`,`calendarDate`,`shiftID`) VALUES (112,'2018-05-06',1805061);
INSERT INTO `workingEmployee` (`staffID`,`calendarDate`,`shiftID`) VALUES (113,'2018-05-06',1805061);
INSERT INTO `workingEmployee` (`staffID`,`calendarDate`,`shiftID`) VALUES (101,'2018-05-13',1805130);
INSERT INTO `workingEmployee` (`staffID`,`calendarDate`,`shiftID`) VALUES (102,'2018-05-13',1805130);
INSERT INTO `workingEmployee` (`staffID`,`calendarDate`,`shiftID`) VALUES (103,'2018-05-13',1805130);
INSERT INTO `workingEmployee` (`staffID`,`calendarDate`,`shiftID`) VALUES (104,'2018-05-13',1805130);
INSERT INTO `workingEmployee` (`staffID`,`calendarDate`,`shiftID`) VALUES (105,'2018-05-13',1805130);
INSERT INTO `workingEmployee` (`staffID`,`calendarDate`,`shiftID`) VALUES (106,'2018-05-13',1805130);
INSERT INTO `workingEmployee` (`staffID`,`calendarDate`,`shiftID`) VALUES (107,'2018-05-13',1805130);
INSERT INTO `workingEmployee` (`staffID`,`calendarDate`,`shiftID`) VALUES (108,'2018-05-13',1805130);
INSERT INTO `workingEmployee` (`staffID`,`calendarDate`,`shiftID`) VALUES (109,'2018-05-13',1805130);
INSERT INTO `workingEmployee` (`staffID`,`calendarDate`,`shiftID`) VALUES (110,'2018-05-13',1805130);
INSERT INTO `workingEmployee` (`staffID`,`calendarDate`,`shiftID`) VALUES (111,'2018-05-13',1805130);
INSERT INTO `workingEmployee` (`staffID`,`calendarDate`,`shiftID`) VALUES (112,'2018-05-13',1805130);
INSERT INTO `workingEmployee` (`staffID`,`calendarDate`,`shiftID`) VALUES (113,'2018-05-13',1805130);
INSERT INTO `workingEmployee` (`staffID`,`calendarDate`,`shiftID`) VALUES (101,'2018-05-13',1805131);
INSERT INTO `workingEmployee` (`staffID`,`calendarDate`,`shiftID`) VALUES (102,'2018-05-13',1805131);
INSERT INTO `workingEmployee` (`staffID`,`calendarDate`,`shiftID`) VALUES (103,'2018-05-13',1805131);
INSERT INTO `workingEmployee` (`staffID`,`calendarDate`,`shiftID`) VALUES (104,'2018-05-13',1805131);
INSERT INTO `workingEmployee` (`staffID`,`calendarDate`,`shiftID`) VALUES (105,'2018-05-13',1805131);
INSERT INTO `workingEmployee` (`staffID`,`calendarDate`,`shiftID`) VALUES (106,'2018-05-13',1805131);
INSERT INTO `workingEmployee` (`staffID`,`calendarDate`,`shiftID`) VALUES (107,'2018-05-13',1805131);
INSERT INTO `workingEmployee` (`staffID`,`calendarDate`,`shiftID`) VALUES (108,'2018-05-13',1805131);
INSERT INTO `workingEmployee` (`staffID`,`calendarDate`,`shiftID`) VALUES (109,'2018-05-13',1805131);
INSERT INTO `workingEmployee` (`staffID`,`calendarDate`,`shiftID`) VALUES (110,'2018-05-13',1805131);
INSERT INTO `workingEmployee` (`staffID`,`calendarDate`,`shiftID`) VALUES (111,'2018-05-13',1805131);
INSERT INTO `workingEmployee` (`staffID`,`calendarDate`,`shiftID`) VALUES (112,'2018-05-13',1805131);
INSERT INTO `workingEmployee` (`staffID`,`calendarDate`,`shiftID`) VALUES (113,'2018-05-13',1805131);
INSERT INTO `workingEmployee` (`staffID`,`calendarDate`,`shiftID`) VALUES (101,'2018-06-03',1806030);
INSERT INTO `workingEmployee` (`staffID`,`calendarDate`,`shiftID`) VALUES (102,'2018-06-03',1806030);
INSERT INTO `workingEmployee` (`staffID`,`calendarDate`,`shiftID`) VALUES (103,'2018-06-03',1806030);
INSERT INTO `workingEmployee` (`staffID`,`calendarDate`,`shiftID`) VALUES (104,'2018-06-03',1806030);
INSERT INTO `workingEmployee` (`staffID`,`calendarDate`,`shiftID`) VALUES (105,'2018-06-03',1806030);
INSERT INTO `workingEmployee` (`staffID`,`calendarDate`,`shiftID`) VALUES (106,'2018-06-03',1806030);
INSERT INTO `workingEmployee` (`staffID`,`calendarDate`,`shiftID`) VALUES (107,'2018-06-03',1806030);
INSERT INTO `workingEmployee` (`staffID`,`calendarDate`,`shiftID`) VALUES (108,'2018-06-03',1806030);
INSERT INTO `workingEmployee` (`staffID`,`calendarDate`,`shiftID`) VALUES (109,'2018-06-03',1806030);
INSERT INTO `workingEmployee` (`staffID`,`calendarDate`,`shiftID`) VALUES (110,'2018-06-03',1806030);
INSERT INTO `workingEmployee` (`staffID`,`calendarDate`,`shiftID`) VALUES (111,'2018-06-03',1806030);
INSERT INTO `workingEmployee` (`staffID`,`calendarDate`,`shiftID`) VALUES (112,'2018-06-03',1806030);
INSERT INTO `workingEmployee` (`staffID`,`calendarDate`,`shiftID`) VALUES (113,'2018-06-03',1806030);
INSERT INTO `workingEmployee` (`staffID`,`calendarDate`,`shiftID`) VALUES (101,'2018-06-03',1806031);
INSERT INTO `workingEmployee` (`staffID`,`calendarDate`,`shiftID`) VALUES (102,'2018-06-03',1806031);
INSERT INTO `workingEmployee` (`staffID`,`calendarDate`,`shiftID`) VALUES (103,'2018-06-03',1806031);
INSERT INTO `workingEmployee` (`staffID`,`calendarDate`,`shiftID`) VALUES (104,'2018-06-03',1806031);
INSERT INTO `workingEmployee` (`staffID`,`calendarDate`,`shiftID`) VALUES (105,'2018-06-03',1806031);
INSERT INTO `workingEmployee` (`staffID`,`calendarDate`,`shiftID`) VALUES (106,'2018-06-03',1806031);
INSERT INTO `workingEmployee` (`staffID`,`calendarDate`,`shiftID`) VALUES (107,'2018-06-03',1806031);
INSERT INTO `workingEmployee` (`staffID`,`calendarDate`,`shiftID`) VALUES (108,'2018-06-03',1806031);
INSERT INTO `workingEmployee` (`staffID`,`calendarDate`,`shiftID`) VALUES (109,'2018-06-03',1806031);
INSERT INTO `workingEmployee` (`staffID`,`calendarDate`,`shiftID`) VALUES (110,'2018-06-03',1806031);
INSERT INTO `workingEmployee` (`staffID`,`calendarDate`,`shiftID`) VALUES (111,'2018-06-03',1806031);
INSERT INTO `workingEmployee` (`staffID`,`calendarDate`,`shiftID`) VALUES (112,'2018-06-03',1806031);
INSERT INTO `workingEmployee` (`staffID`,`calendarDate`,`shiftID`) VALUES (113,'2018-06-03',1806031);
INSERT INTO `workingEmployee` (`staffID`,`calendarDate`,`shiftID`) VALUES (101,'2018-06-14',1806140);
INSERT INTO `workingEmployee` (`staffID`,`calendarDate`,`shiftID`) VALUES (102,'2018-06-14',1806140);
INSERT INTO `workingEmployee` (`staffID`,`calendarDate`,`shiftID`) VALUES (103,'2018-06-14',1806140);
INSERT INTO `workingEmployee` (`staffID`,`calendarDate`,`shiftID`) VALUES (104,'2018-06-14',1806140);
INSERT INTO `workingEmployee` (`staffID`,`calendarDate`,`shiftID`) VALUES (105,'2018-06-14',1806140);
INSERT INTO `workingEmployee` (`staffID`,`calendarDate`,`shiftID`) VALUES (106,'2018-06-14',1806140);
INSERT INTO `workingEmployee` (`staffID`,`calendarDate`,`shiftID`) VALUES (107,'2018-06-14',1806140);
INSERT INTO `workingEmployee` (`staffID`,`calendarDate`,`shiftID`) VALUES (108,'2018-06-14',1806140);
INSERT INTO `workingEmployee` (`staffID`,`calendarDate`,`shiftID`) VALUES (109,'2018-06-14',1806140);
INSERT INTO `workingEmployee` (`staffID`,`calendarDate`,`shiftID`) VALUES (110,'2018-06-14',1806140);
INSERT INTO `workingEmployee` (`staffID`,`calendarDate`,`shiftID`) VALUES (111,'2018-06-14',1806140);
INSERT INTO `workingEmployee` (`staffID`,`calendarDate`,`shiftID`) VALUES (112,'2018-06-14',1806140);
INSERT INTO `workingEmployee` (`staffID`,`calendarDate`,`shiftID`) VALUES (113,'2018-06-14',1806140);
INSERT INTO `workingEmployee` (`staffID`,`calendarDate`,`shiftID`) VALUES (101,'2018-06-14',1806141);
INSERT INTO `workingEmployee` (`staffID`,`calendarDate`,`shiftID`) VALUES (102,'2018-06-14',1806141);
INSERT INTO `workingEmployee` (`staffID`,`calendarDate`,`shiftID`) VALUES (103,'2018-06-14',1806141);
INSERT INTO `workingEmployee` (`staffID`,`calendarDate`,`shiftID`) VALUES (104,'2018-06-14',1806141);
INSERT INTO `workingEmployee` (`staffID`,`calendarDate`,`shiftID`) VALUES (105,'2018-06-14',1806141);
INSERT INTO `workingEmployee` (`staffID`,`calendarDate`,`shiftID`) VALUES (106,'2018-06-14',1806141);
INSERT INTO `workingEmployee` (`staffID`,`calendarDate`,`shiftID`) VALUES (107,'2018-06-14',1806141);
INSERT INTO `workingEmployee` (`staffID`,`calendarDate`,`shiftID`) VALUES (108,'2018-06-14',1806141);
INSERT INTO `workingEmployee` (`staffID`,`calendarDate`,`shiftID`) VALUES (109,'2018-06-14',1806141);
INSERT INTO `workingEmployee` (`staffID`,`calendarDate`,`shiftID`) VALUES (110,'2018-06-14',1806141);
INSERT INTO `workingEmployee` (`staffID`,`calendarDate`,`shiftID`) VALUES (111,'2018-06-14',1806141);
INSERT INTO `workingEmployee` (`staffID`,`calendarDate`,`shiftID`) VALUES (112,'2018-06-14',1806141);
INSERT INTO `workingEmployee` (`staffID`,`calendarDate`,`shiftID`) VALUES (113,'2018-06-14',1806141);
INSERT INTO `workingEmployee` (`staffID`,`calendarDate`,`shiftID`) VALUES (101,'2018-07-01',1807010);
INSERT INTO `workingEmployee` (`staffID`,`calendarDate`,`shiftID`) VALUES (102,'2018-07-01',1807010);
INSERT INTO `workingEmployee` (`staffID`,`calendarDate`,`shiftID`) VALUES (103,'2018-07-01',1807010);
INSERT INTO `workingEmployee` (`staffID`,`calendarDate`,`shiftID`) VALUES (104,'2018-07-01',1807010);
INSERT INTO `workingEmployee` (`staffID`,`calendarDate`,`shiftID`) VALUES (105,'2018-07-01',1807010);
INSERT INTO `workingEmployee` (`staffID`,`calendarDate`,`shiftID`) VALUES (106,'2018-07-01',1807010);
INSERT INTO `workingEmployee` (`staffID`,`calendarDate`,`shiftID`) VALUES (107,'2018-07-01',1807010);
INSERT INTO `workingEmployee` (`staffID`,`calendarDate`,`shiftID`) VALUES (108,'2018-07-01',1807010);
INSERT INTO `workingEmployee` (`staffID`,`calendarDate`,`shiftID`) VALUES (109,'2018-07-01',1807010);
INSERT INTO `workingEmployee` (`staffID`,`calendarDate`,`shiftID`) VALUES (110,'2018-07-01',1807010);
INSERT INTO `workingEmployee` (`staffID`,`calendarDate`,`shiftID`) VALUES (111,'2018-07-01',1807010);
INSERT INTO `workingEmployee` (`staffID`,`calendarDate`,`shiftID`) VALUES (112,'2018-07-01',1807010);
INSERT INTO `workingEmployee` (`staffID`,`calendarDate`,`shiftID`) VALUES (113,'2018-07-01',1807010);
INSERT INTO `workingEmployee` (`staffID`,`calendarDate`,`shiftID`) VALUES (101,'2018-07-01',1807011);
INSERT INTO `workingEmployee` (`staffID`,`calendarDate`,`shiftID`) VALUES (102,'2018-07-01',1807011);
INSERT INTO `workingEmployee` (`staffID`,`calendarDate`,`shiftID`) VALUES (103,'2018-07-01',1807011);
INSERT INTO `workingEmployee` (`staffID`,`calendarDate`,`shiftID`) VALUES (104,'2018-07-01',1807011);
INSERT INTO `workingEmployee` (`staffID`,`calendarDate`,`shiftID`) VALUES (105,'2018-07-01',1807011);
INSERT INTO `workingEmployee` (`staffID`,`calendarDate`,`shiftID`) VALUES (106,'2018-07-01',1807011);
INSERT INTO `workingEmployee` (`staffID`,`calendarDate`,`shiftID`) VALUES (107,'2018-07-01',1807011);
INSERT INTO `workingEmployee` (`staffID`,`calendarDate`,`shiftID`) VALUES (108,'2018-07-01',1807011);
INSERT INTO `workingEmployee` (`staffID`,`calendarDate`,`shiftID`) VALUES (109,'2018-07-01',1807011);
INSERT INTO `workingEmployee` (`staffID`,`calendarDate`,`shiftID`) VALUES (110,'2018-07-01',1807011);
INSERT INTO `workingEmployee` (`staffID`,`calendarDate`,`shiftID`) VALUES (111,'2018-07-01',1807011);
INSERT INTO `workingEmployee` (`staffID`,`calendarDate`,`shiftID`) VALUES (112,'2018-07-01',1807011);
INSERT INTO `workingEmployee` (`staffID`,`calendarDate`,`shiftID`) VALUES (113,'2018-07-01',1807011);
INSERT INTO `workingEmployee` (`staffID`,`calendarDate`,`shiftID`) VALUES (101,'2018-07-08',1807080);
INSERT INTO `workingEmployee` (`staffID`,`calendarDate`,`shiftID`) VALUES (102,'2018-07-08',1807080);
INSERT INTO `workingEmployee` (`staffID`,`calendarDate`,`shiftID`) VALUES (103,'2018-07-08',1807080);
INSERT INTO `workingEmployee` (`staffID`,`calendarDate`,`shiftID`) VALUES (104,'2018-07-08',1807080);
INSERT INTO `workingEmployee` (`staffID`,`calendarDate`,`shiftID`) VALUES (105,'2018-07-08',1807080);
INSERT INTO `workingEmployee` (`staffID`,`calendarDate`,`shiftID`) VALUES (106,'2018-07-08',1807080);
INSERT INTO `workingEmployee` (`staffID`,`calendarDate`,`shiftID`) VALUES (107,'2018-07-08',1807080);
INSERT INTO `workingEmployee` (`staffID`,`calendarDate`,`shiftID`) VALUES (108,'2018-07-08',1807080);
INSERT INTO `workingEmployee` (`staffID`,`calendarDate`,`shiftID`) VALUES (109,'2018-07-08',1807080);
INSERT INTO `workingEmployee` (`staffID`,`calendarDate`,`shiftID`) VALUES (110,'2018-07-08',1807080);
INSERT INTO `workingEmployee` (`staffID`,`calendarDate`,`shiftID`) VALUES (111,'2018-07-08',1807080);
INSERT INTO `workingEmployee` (`staffID`,`calendarDate`,`shiftID`) VALUES (112,'2018-07-08',1807080);
INSERT INTO `workingEmployee` (`staffID`,`calendarDate`,`shiftID`) VALUES (113,'2018-07-08',1807080);
INSERT INTO `workingEmployee` (`staffID`,`calendarDate`,`shiftID`) VALUES (101,'2018-07-08',1807081);
INSERT INTO `workingEmployee` (`staffID`,`calendarDate`,`shiftID`) VALUES (102,'2018-07-08',1807081);
INSERT INTO `workingEmployee` (`staffID`,`calendarDate`,`shiftID`) VALUES (103,'2018-07-08',1807081);
INSERT INTO `workingEmployee` (`staffID`,`calendarDate`,`shiftID`) VALUES (104,'2018-07-08',1807081);
INSERT INTO `workingEmployee` (`staffID`,`calendarDate`,`shiftID`) VALUES (105,'2018-07-08',1807081);
INSERT INTO `workingEmployee` (`staffID`,`calendarDate`,`shiftID`) VALUES (106,'2018-07-08',1807081);
INSERT INTO `workingEmployee` (`staffID`,`calendarDate`,`shiftID`) VALUES (107,'2018-07-08',1807081);
INSERT INTO `workingEmployee` (`staffID`,`calendarDate`,`shiftID`) VALUES (108,'2018-07-08',1807081);
INSERT INTO `workingEmployee` (`staffID`,`calendarDate`,`shiftID`) VALUES (109,'2018-07-08',1807081);
INSERT INTO `workingEmployee` (`staffID`,`calendarDate`,`shiftID`) VALUES (110,'2018-07-08',1807081);
INSERT INTO `workingEmployee` (`staffID`,`calendarDate`,`shiftID`) VALUES (111,'2018-07-08',1807081);
INSERT INTO `workingEmployee` (`staffID`,`calendarDate`,`shiftID`) VALUES (112,'2018-07-08',1807081);
INSERT INTO `workingEmployee` (`staffID`,`calendarDate`,`shiftID`) VALUES (113,'2018-07-08',1807081);
INSERT INTO `workingEmployee` (`staffID`,`calendarDate`,`shiftID`) VALUES (101,'2018-08-05',1808050);
INSERT INTO `workingEmployee` (`staffID`,`calendarDate`,`shiftID`) VALUES (102,'2018-08-05',1808050);
INSERT INTO `workingEmployee` (`staffID`,`calendarDate`,`shiftID`) VALUES (103,'2018-08-05',1808050);
INSERT INTO `workingEmployee` (`staffID`,`calendarDate`,`shiftID`) VALUES (104,'2018-08-05',1808050);
INSERT INTO `workingEmployee` (`staffID`,`calendarDate`,`shiftID`) VALUES (105,'2018-08-05',1808050);
INSERT INTO `workingEmployee` (`staffID`,`calendarDate`,`shiftID`) VALUES (106,'2018-08-05',1808050);
INSERT INTO `workingEmployee` (`staffID`,`calendarDate`,`shiftID`) VALUES (107,'2018-08-05',1808050);
INSERT INTO `workingEmployee` (`staffID`,`calendarDate`,`shiftID`) VALUES (108,'2018-08-05',1808050);
INSERT INTO `workingEmployee` (`staffID`,`calendarDate`,`shiftID`) VALUES (109,'2018-08-05',1808050);
INSERT INTO `workingEmployee` (`staffID`,`calendarDate`,`shiftID`) VALUES (110,'2018-08-05',1808050);
INSERT INTO `workingEmployee` (`staffID`,`calendarDate`,`shiftID`) VALUES (111,'2018-08-05',1808050);
INSERT INTO `workingEmployee` (`staffID`,`calendarDate`,`shiftID`) VALUES (112,'2018-08-05',1808050);
